sample_idx,pod_id,y,stage2_score,stage1_score_sample,stage1_mean_score,stage1_vote_count,stage1_peak_score
0,22,0,2.087746663571796,1.0,1.0,156,1.0
0,48,0,0.0,0.0,0.5311201214790344,1,0.5311201214790344
0,49,0,0.0,0.0,0.5303062200546265,1,0.5303062200546265
0,1,0,0.0,0.0,0.5293113589286804,1,0.5293113589286804
0,27,0,0.0,0.0,0.3825093135237694,2,0.5289968848228455
0,21,0,0.962180224248508,4.164499478065409e-05,0.34670445873215794,125,0.5466527342796326
0,7,0,0.8910002089784977,0.3877728581428528,0.35655350372072236,106,0.7377253770828247
0,13,0,0.946800165046137,4.406454900163226e-05,0.3540839981339844,134,0.7096469402313232
0,19,0,0.90922942133026,0.0,0.34669168367413167,131,0.5466375946998596
0,24,0,0.8833976575940202,0.38778865337371826,0.3374374033797772,109,0.5483644008636475
0,20,0,0.8375137857725486,0.0002652946568559855,0.3639321638605533,117,0.5486897826194763
0,9,0,0.6642019854241287,0.5258268713951111,0.350343463547302,132,0.721806526184082
0,10,0,0.0,0.5259010791778564,0.3330513086563688,123,0.5487772226333618
0,23,0,0.0,0.38772714138031006,0.3629306460521659,49,0.6120709180831909
0,8,0,0.0,0.38776400685310364,0.33358166312738774,93,0.5285553932189941
0,6,0,0.0,0.3877488672733307,0.3272104997187853,75,0.5486850738525391
0,5,0,0.0,0.3877781629562378,0.34280268562047983,86,0.5719727873802185
0,0,1,0.0,0.3877696990966797,0.3463856258357947,52,0.5626494288444519
0,12,0,0.0,0.0,0.18281329174836478,12,0.3353216350078583
0,40,0,0.0,0.0,0.2073526491294615,16,0.35363054275512695
0,26,0,0.0,0.0,0.32784326936592134,57,0.5440101623535156
0,3,0,0.0,0.00014623469905927777,0.22631928883492947,9,0.5522598028182983
0,25,0,0.0,0.0,0.323382280960043,123,0.5466135144233704
0,39,0,0.0,0.0,0.11053223613028725,6,0.22259292006492615
0,16,0,0.0,0.0,0.22807019066942089,17,0.4104084074497223
0,36,0,0.0,0.0,0.08882521209307015,5,0.34607717394828796
0,37,0,0.0,0.1382940411567688,0.07007024541962892,2,0.1382940411567688
0,43,0,0.0,0.0,0.18892700457945466,3,0.3321041762828827
0,2,0,0.0,0.38771823048591614,0.3363345413020364,54,0.5214826464653015
0,4,0,0.0,0.0,0.23464425355196,5,0.332098126411438
0,28,0,0.0,0.00017828999261837453,0.3002731032096423,26,0.5201427936553955
0,17,0,0.0,3.945845310227014e-05,0.16430597752332687,3,0.3250329792499542
0,11,0,0.0,0.0,0.18664873329301676,12,0.3665458858013153
0,14,0,0.0,3.880073199979961e-05,0.26407086104154587,4,0.5244344472885132
0,15,0,0.0,0.0,0.18902366422116756,4,0.331576406955719
0,38,0,0.0,0.0,0.11052130162715912,1,0.11052130162715912
0,18,0,0.0,0.0,0.16043263270209232,6,0.5106946229934692
0,35,0,0.0,0.0,0.15693993866443634,2,0.23703964054584503
0,30,0,0.0,0.0,0.2488671839237213,1,0.2488671839237213
0,32,0,0.0,0.0,0.05987196043133736,3,0.0881086140871048
0,29,0,0.0,0.0,0.014150664501357824,2,0.02649318426847458
0,31,0,0.0,0.0,0.04804918554145843,2,0.09425964951515198
0,47,0,0.0,0.0,0.06471777707338333,1,0.06471777707338333
0,41,0,0.0,0.0,0.04574463400058448,2,0.0847301185131073
0,42,0,0.0,0.0,0.08471418917179108,1,0.08471418917179108
1,22,0,2.087746663571796,1.0,1.0,156,1.0
1,48,0,0.0,0.0,0.5311201214790344,1,0.5311201214790344
1,49,0,0.0,0.0,0.5303062200546265,1,0.5303062200546265
1,1,0,0.0,0.0,0.5293113589286804,1,0.5293113589286804
1,27,0,0.0,0.056573037058115005,0.3825093135237694,2,0.5289968848228455
1,21,0,0.962180224248508,0.0,0.34670445873215794,125,0.5466527342796326
1,7,0,0.8910002089784977,0.36855897307395935,0.35655350372072236,106,0.7377253770828247
1,13,0,0.946800165046137,0.16132983565330505,0.3540839981339844,134,0.7096469402313232
1,19,0,0.90922942133026,0.0,0.34669168367413167,131,0.5466375946998596
1,24,0,0.8833976575940202,0.1612938791513443,0.3374374033797772,109,0.5483644008636475
1,20,0,0.8375137857725486,0.38180211186408997,0.3639321638605533,117,0.5486897826194763
1,9,0,0.6642019854241287,0.3682602345943451,0.350343463547302,132,0.721806526184082
1,10,0,0.0,0.16142618656158447,0.3330513086563688,123,0.5487772226333618
1,23,0,0.0,0.0,0.3629306460521659,49,0.6120709180831909
1,8,0,0.0,0.16135811805725098,0.33358166312738774,93,0.5285553932189941
1,6,0,0.0,0.16140520572662354,0.3272104997187853,75,0.5486850738525391
1,5,0,0.0,0.16148965060710907,0.34280268562047983,86,0.5719727873802185
1,0,1,0.0,0.35635024309158325,0.3463856258357947,52,0.5626494288444519
1,12,0,0.0,0.27784091234207153,0.18281329174836478,12,0.3353216350078583
1,40,0,0.0,0.19816406071186066,0.2073526491294615,16,0.35363054275512695
1,26,0,0.0,0.16173602640628815,0.32784326936592134,57,0.5440101623535156
1,3,0,0.0,0.09534090012311935,0.22631928883492947,9,0.5522598028182983
1,25,0,0.0,0.16145682334899902,0.323382280960043,123,0.5466135144233704
1,39,0,0.0,0.0,0.11053223613028725,6,0.22259292006492615
1,16,0,0.0,0.10217585414648056,0.22807019066942089,17,0.4104084074497223
1,36,0,0.0,0.0,0.08882521209307015,5,0.34607717394828796
1,37,0,0.0,0.0,0.07007024541962892,2,0.1382940411567688
1,43,0,0.0,0.0,0.18892700457945466,3,0.3321041762828827
1,2,0,0.0,0.0,0.3363345413020364,54,0.5214826464653015
1,4,0,0.0,0.0,0.23464425355196,5,0.332098126411438
1,28,0,0.0,0.0,0.3002731032096423,26,0.5201427936553955
1,17,0,0.0,0.0,0.16430597752332687,3,0.3250329792499542
1,11,0,0.0,0.0,0.18664873329301676,12,0.3665458858013153
1,14,0,0.0,0.0,0.26407086104154587,4,0.5244344472885132
1,15,0,0.0,0.0,0.18902366422116756,4,0.331576406955719
1,38,0,0.0,0.0,0.11052130162715912,1,0.11052130162715912
1,18,0,0.0,0.048771534115076065,0.16043263270209232,6,0.5106946229934692
1,35,0,0.0,0.0,0.15693993866443634,2,0.23703964054584503
1,30,0,0.0,0.0,0.2488671839237213,1,0.2488671839237213
1,32,0,0.0,0.0,0.05987196043133736,3,0.0881086140871048
1,29,0,0.0,0.0,0.014150664501357824,2,0.02649318426847458
1,31,0,0.0,0.0,0.04804918554145843,2,0.09425964951515198
1,47,0,0.0,0.0,0.06471777707338333,1,0.06471777707338333
1,41,0,0.0,0.0,0.04574463400058448,2,0.0847301185131073
1,42,0,0.0,0.0,0.08471418917179108,1,0.08471418917179108
2,22,0,2.087746663571796,1.0,1.0,156,1.0
2,48,0,0.0,0.0,0.5311201214790344,1,0.5311201214790344
2,49,0,0.0,0.0,0.5303062200546265,1,0.5303062200546265
2,1,0,0.0,0.0,0.5293113589286804,1,0.5293113589286804
2,27,0,0.0,0.0,0.3825093135237694,2,0.5289968848228455
2,21,0,0.962180224248508,0.36144429445266724,0.34670445873215794,125,0.5466527342796326
2,7,0,0.8910002089784977,0.3612881600856781,0.35655350372072236,106,0.7377253770828247
2,13,0,0.946800165046137,0.3614417314529419,0.3540839981339844,134,0.7096469402313232
2,19,0,0.90922942133026,0.36148926615715027,0.34669168367413167,131,0.5466375946998596
2,24,0,0.8833976575940202,0.3614484369754791,0.3374374033797772,109,0.5483644008636475
2,20,0,0.8375137857725486,0.5439842939376831,0.3639321638605533,117,0.5486897826194763
2,9,0,0.6642019854241287,0.3614242970943451,0.350343463547302,132,0.721806526184082
2,10,0,0.0,0.0012426382163539529,0.3330513086563688,123,0.5487772226333618
2,23,0,0.0,0.0,0.3629306460521659,49,0.6120709180831909
2,8,0,0.0,0.3613525629043579,0.33358166312738774,93,0.5285553932189941
2,6,0,0.0,0.3613487184047699,0.3272104997187853,75,0.5486850738525391
2,5,0,0.0,0.5439910292625427,0.34280268562047983,86,0.5719727873802185
2,0,0,0.0,0.0,0.3463856258357947,52,0.5626494288444519
2,12,0,0.0,0.0049613830633461475,0.18281329174836478,12,0.3353216350078583
2,40,0,0.0,0.0,0.2073526491294615,16,0.35363054275512695
2,26,0,0.0,0.5440101623535156,0.32784326936592134,57,0.5440101623535156
2,3,1,0.0,0.5522598028182983,0.22631928883492947,9,0.5522598028182983
2,25,0,0.0,0.5439324378967285,0.323382280960043,123,0.5466135144233704
2,39,0,0.0,4.985610939911567e-05,0.11053223613028725,6,0.22259292006492615
2,16,0,0.0,6.564751856785733e-06,0.22807019066942089,17,0.4104084074497223
2,36,0,0.0,0.0,0.08882521209307015,5,0.34607717394828796
2,37,0,0.0,0.0,0.07007024541962892,2,0.1382940411567688
2,43,0,0.0,0.0,0.18892700457945466,3,0.3321041762828827
2,2,0,0.0,0.0,0.3363345413020364,54,0.5214826464653015
2,4,0,0.0,0.0,0.23464425355196,5,0.332098126411438
2,28,0,0.0,0.0,0.3002731032096423,26,0.5201427936553955
2,17,0,0.0,0.0,0.16430597752332687,3,0.3250329792499542
2,11,0,0.0,0.0,0.18664873329301676,12,0.3665458858013153
2,14,0,0.0,0.0,0.26407086104154587,4,0.5244344472885132
2,15,0,0.0,0.0,0.18902366422116756,4,0.331576406955719
2,38,0,0.0,0.0,0.11052130162715912,1,0.11052130162715912
2,18,0,0.0,0.0,0.16043263270209232,6,0.5106946229934692
2,35,0,0.0,0.0,0.15693993866443634,2,0.23703964054584503
2,30,0,0.0,0.0,0.2488671839237213,1,0.2488671839237213
2,32,0,0.0,0.0,0.05987196043133736,3,0.0881086140871048
2,29,0,0.0,0.0,0.014150664501357824,2,0.02649318426847458
2,31,0,0.0,0.0,0.04804918554145843,2,0.09425964951515198
2,47,0,0.0,0.0,0.06471777707338333,1,0.06471777707338333
2,41,0,0.0,0.0,0.04574463400058448,2,0.0847301185131073
2,42,0,0.0,0.0,0.08471418917179108,1,0.08471418917179108
3,22,0,2.087746663571796,1.0,1.0,156,1.0
3,48,0,0.0,0.0,0.5311201214790344,1,0.5311201214790344
3,49,0,0.0,0.0,0.5303062200546265,1,0.5303062200546265
3,1,0,0.0,0.0,0.5293113589286804,1,0.5293113589286804
3,27,0,0.0,0.0,0.3825093135237694,2,0.5289968848228455
3,21,0,0.962180224248508,0.0,0.34670445873215794,125,0.5466527342796326
3,7,0,0.8910002089784977,0.0006068310467526317,0.35655350372072236,106,0.7377253770828247
3,13,0,0.946800165046137,0.0,0.3540839981339844,134,0.7096469402313232
3,19,0,0.90922942133026,0.0001576299109729007,0.34669168367413167,131,0.5466375946998596
3,24,0,0.8833976575940202,0.0002663705963641405,0.3374374033797772,109,0.5483644008636475
3,20,0,0.8375137857725486,0.0,0.3639321638605533,117,0.5486897826194763
3,9,0,0.6642019854241287,0.0,0.350343463547302,132,0.721806526184082
3,10,0,0.0,0.28940221667289734,0.3330513086563688,123,0.5487772226333618
3,23,0,0.0,0.0005333712324500084,0.3629306460521659,49,0.6120709180831909
3,8,0,0.0,0.0004992243484593928,0.33358166312738774,93,0.5285553932189941
3,6,0,0.0,1.1004272892023437e-05,0.3272104997187853,75,0.5486850738525391
3,5,0,0.0,0.30255937576293945,0.34280268562047983,86,0.5719727873802185
3,0,0,0.0,0.0,0.3463856258357947,52,0.5626494288444519
3,12,0,0.0,0.0,0.18281329174836478,12,0.3353216350078583
3,40,0,0.0,0.0,0.2073526491294615,16,0.35363054275512695
3,26,0,0.0,0.22742748260498047,0.32784326936592134,57,0.5440101623535156
3,3,1,0.0,0.24005812406539917,0.22631928883492947,9,0.5522598028182983
3,25,0,0.0,0.0,0.323382280960043,123,0.5466135144233704
3,39,0,0.0,0.076920285820961,0.11053223613028725,6,0.22259292006492615
3,16,0,0.0,0.002498095855116844,0.22807019066942089,17,0.4104084074497223
3,36,0,0.0,0.0017921424005180597,0.08882521209307015,5,0.34607717394828796
3,37,0,0.0,0.0018464496824890375,0.07007024541962892,2,0.1382940411567688
3,43,0,0.0,0.0018555219285190105,0.18892700457945466,3,0.3321041762828827
3,2,0,0.0,0.00011403282405808568,0.3363345413020364,54,0.5214826464653015
3,4,0,0.0,0.0,0.23464425355196,5,0.332098126411438
3,28,0,0.0,0.0,0.3002731032096423,26,0.5201427936553955
3,17,1,0.0,0.0,0.16430597752332687,3,0.3250329792499542
3,11,0,0.0,0.0,0.18664873329301676,12,0.3665458858013153
3,14,0,0.0,0.0,0.26407086104154587,4,0.5244344472885132
3,15,0,0.0,0.0,0.18902366422116756,4,0.331576406955719
3,38,0,0.0,0.0,0.11052130162715912,1,0.11052130162715912
3,18,0,0.0,0.0,0.16043263270209232,6,0.5106946229934692
3,35,0,0.0,0.0,0.15693993866443634,2,0.23703964054584503
3,30,0,0.0,0.0,0.2488671839237213,1,0.2488671839237213
3,32,0,0.0,0.0,0.05987196043133736,3,0.0881086140871048
3,29,0,0.0,0.0018081447342410684,0.014150664501357824,2,0.02649318426847458
3,31,0,0.0,0.0018387215677648783,0.04804918554145843,2,0.09425964951515198
3,47,0,0.0,0.0,0.06471777707338333,1,0.06471777707338333
3,41,0,0.0,0.0,0.04574463400058448,2,0.0847301185131073
3,42,0,0.0,0.0,0.08471418917179108,1,0.08471418917179108
4,22,0,2.087746663571796,1.0,1.0,156,1.0
4,48,0,0.0,0.0,0.5311201214790344,1,0.5311201214790344
4,49,0,0.0,0.0,0.5303062200546265,1,0.5303062200546265
4,1,0,0.0,0.0,0.5293113589286804,1,0.5293113589286804
4,27,0,0.0,0.0,0.3825093135237694,2,0.5289968848228455
4,21,0,0.962180224248508,0.3367602527141571,0.34670445873215794,125,0.5466527342796326
4,7,0,0.8910002089784977,0.48617032170295715,0.35655350372072236,106,0.7377253770828247
4,13,0,0.946800165046137,0.33666089177131653,0.3540839981339844,134,0.7096469402313232
4,19,1,0.90922942133026,0.33667075634002686,0.34669168367413167,131,0.5466375946998596
4,24,0,0.8833976575940202,0.3366340696811676,0.3374374033797772,109,0.5483644008636475
4,20,0,0.8375137857725486,0.3368047773838043,0.3639321638605533,117,0.5486897826194763
4,9,0,0.6642019854241287,0.33667078614234924,0.350343463547302,132,0.721806526184082
4,10,0,0.0,0.016942590475082397,0.3330513086563688,123,0.5487772226333618
4,23,0,0.0,0.33660808205604553,0.3629306460521659,49,0.6120709180831909
4,8,0,0.0,0.4861656427383423,0.33358166312738774,93,0.5285553932189941
4,6,0,0.0,0.0,0.3272104997187853,75,0.5486850738525391
4,5,0,0.0,0.4862039387226105,0.34280268562047983,86,0.5719727873802185
4,0,0,0.0,0.0,0.3463856258357947,52,0.5626494288444519
4,12,0,0.0,0.0,0.18281329174836478,12,0.3353216350078583
4,40,0,0.0,0.010068697854876518,0.2073526491294615,16,0.35363054275512695
4,26,0,0.0,0.3366369903087616,0.32784326936592134,57,0.5440101623535156
4,3,1,0.0,0.0,0.22631928883492947,9,0.5522598028182983
4,25,0,0.0,0.33676090836524963,0.323382280960043,123,0.5466135144233704
4,39,0,0.0,0.009930546395480633,0.11053223613028725,6,0.22259292006492615
4,16,0,0.0,7.567349530290812e-05,0.22807019066942089,17,0.4104084074497223
4,36,0,0.0,0.0,0.08882521209307015,5,0.34607717394828796
4,37,0,0.0,0.0,0.07007024541962892,2,0.1382940411567688
4,43,0,0.0,0.0,0.18892700457945466,3,0.3321041762828827
4,2,0,0.0,0.0,0.3363345413020364,54,0.5214826464653015
4,4,0,0.0,0.0,0.23464425355196,5,0.332098126411438
4,28,0,0.0,0.0,0.3002731032096423,26,0.5201427936553955
4,17,0,0.0,0.007934658788144588,0.16430597752332687,3,0.3250329792499542
4,11,0,0.0,0.0,0.18664873329301676,12,0.3665458858013153
4,14,0,0.0,0.0,0.26407086104154587,4,0.5244344472885132
4,15,0,0.0,0.0,0.18902366422116756,4,0.331576406955719
4,38,0,0.0,0.0,0.11052130162715912,1,0.11052130162715912
4,18,0,0.0,0.0,0.16043263270209232,6,0.5106946229934692
4,35,0,0.0,0.0,0.15693993866443634,2,0.23703964054584503
4,30,0,0.0,0.0,0.2488671839237213,1,0.2488671839237213
4,32,0,0.0,0.0,0.05987196043133736,3,0.0881086140871048
4,29,0,0.0,0.0,0.014150664501357824,2,0.02649318426847458
4,31,0,0.0,0.000725036661606282,0.04804918554145843,2,0.09425964951515198
4,47,0,0.0,0.0,0.06471777707338333,1,0.06471777707338333
4,41,0,0.0,0.0,0.04574463400058448,2,0.0847301185131073
4,42,0,0.0,0.0,0.08471418917179108,1,0.08471418917179108
5,22,0,2.087746663571796,1.0,1.0,156,1.0
5,48,0,0.0,0.0,0.5311201214790344,1,0.5311201214790344
5,49,0,0.0,0.0,0.5303062200546265,1,0.5303062200546265
5,1,0,0.0,0.0,0.5293113589286804,1,0.5293113589286804
5,27,0,0.0,0.0,0.3825093135237694,2,0.5289968848228455
5,21,0,0.962180224248508,0.5039072036743164,0.34670445873215794,125,0.5466527342796326
5,7,0,0.8910002089784977,0.0,0.35655350372072236,106,0.7377253770828247
5,13,0,0.946800165046137,0.5043233633041382,0.3540839981339844,134,0.7096469402313232
5,19,0,0.90922942133026,0.5043660998344421,0.34669168367413167,131,0.5466375946998596
5,24,0,0.8833976575940202,0.0,0.3374374033797772,109,0.5483644008636475
5,20,0,0.8375137857725486,0.5043839812278748,0.3639321638605533,117,0.5486897826194763
5,9,0,0.6642019854241287,0.35954567790031433,0.350343463547302,132,0.721806526184082
5,10,0,0.0,0.5039272308349609,0.3330513086563688,123,0.5487772226333618
5,23,0,0.0,0.0,0.3629306460521659,49,0.6120709180831909
5,8,0,0.0,0.35946813225746155,0.33358166312738774,93,0.5285553932189941
5,6,0,0.0,0.0,0.3272104997187853,75,0.5486850738525391
5,5,0,0.0,0.0,0.34280268562047983,86,0.5719727873802185
5,0,0,0.0,0.0,0.3463856258357947,52,0.5626494288444519
5,12,0,0.0,0.008581604808568954,0.18281329174836478,12,0.3353216350078583
5,40,0,0.0,0.0,0.2073526491294615,16,0.35363054275512695
5,26,0,0.0,0.35952040553092957,0.32784326936592134,57,0.5440101623535156
5,3,1,0.0,0.0018386775627732277,0.22631928883492947,9,0.5522598028182983
5,25,0,0.0,0.5038472414016724,0.323382280960043,123,0.5466135144233704
5,39,0,0.0,0.0,0.11053223613028725,6,0.22259292006492615
5,16,0,0.0,0.0,0.22807019066942089,17,0.4104084074497223
5,36,0,0.0,0.0,0.08882521209307015,5,0.34607717394828796
5,37,0,0.0,0.0,0.07007024541962892,2,0.1382940411567688
5,43,0,0.0,0.0,0.18892700457945466,3,0.3321041762828827
5,2,0,0.0,0.5040407776832581,0.3363345413020364,54,0.5214826464653015
5,4,0,0.0,0.048616327345371246,0.23464425355196,5,0.332098126411438
5,28,0,0.0,0.35952386260032654,0.3002731032096423,26,0.5201427936553955
5,17,0,0.0,0.0,0.16430597752332687,3,0.3250329792499542
5,11,1,0.0,0.0,0.18664873329301676,12,0.3665458858013153
5,14,0,0.0,0.0,0.26407086104154587,4,0.5244344472885132
5,15,0,0.0,0.0,0.18902366422116756,4,0.331576406955719
5,38,0,0.0,0.0,0.11052130162715912,1,0.11052130162715912
5,18,0,0.0,0.0,0.16043263270209232,6,0.5106946229934692
5,35,0,0.0,0.0,0.15693993866443634,2,0.23703964054584503
5,30,0,0.0,0.0,0.2488671839237213,1,0.2488671839237213
5,32,0,0.0,0.0,0.05987196043133736,3,0.0881086140871048
5,29,0,0.0,0.0,0.014150664501357824,2,0.02649318426847458
5,31,0,0.0,0.0,0.04804918554145843,2,0.09425964951515198
5,47,0,0.0,0.0,0.06471777707338333,1,0.06471777707338333
5,41,0,0.0,0.0,0.04574463400058448,2,0.0847301185131073
5,42,0,0.0,0.0,0.08471418917179108,1,0.08471418917179108
6,22,0,2.087746663571796,1.0,1.0,156,1.0
6,48,0,0.0,0.0,0.5311201214790344,1,0.5311201214790344
6,49,0,0.0,0.0,0.5303062200546265,1,0.5303062200546265
6,1,0,0.0,0.0,0.5293113589286804,1,0.5293113589286804
6,27,0,0.0,0.0,0.3825093135237694,2,0.5289968848228455
6,21,0,0.962180224248508,0.2434154897928238,0.34670445873215794,125,0.5466527342796326
6,7,0,0.8910002089784977,0.4140685200691223,0.35655350372072236,106,0.7377253770828247
6,13,0,0.946800165046137,0.41440483927726746,0.3540839981339844,134,0.7096469402313232
6,19,0,0.90922942133026,0.24387547373771667,0.34669168367413167,131,0.5466375946998596
6,24,0,0.8833976575940202,0.2433292716741562,0.3374374033797772,109,0.5483644008636475
6,20,0,0.8375137857725486,0.4140719473361969,0.3639321638605533,117,0.5486897826194763
6,9,0,0.6642019854241287,0.24336650967597961,0.350343463547302,132,0.721806526184082
6,10,0,0.0,0.24341565370559692,0.3330513086563688,123,0.5487772226333618
6,23,0,0.0,0.5099413990974426,0.3629306460521659,49,0.6120709180831909
6,8,0,0.0,0.0,0.33358166312738774,93,0.5285553932189941
6,6,0,0.0,0.0,0.3272104997187853,75,0.5486850738525391
6,5,0,0.0,0.0,0.34280268562047983,86,0.5719727873802185
6,0,0,0.0,0.0,0.3463856258357947,52,0.5626494288444519
6,12,0,0.0,0.0,0.18281329174836478,12,0.3353216350078583
6,40,0,0.0,0.029716145247220993,0.2073526491294615,16,0.35363054275512695
6,26,0,0.0,0.41393882036209106,0.32784326936592134,57,0.5440101623535156
6,3,1,0.0,0.0,0.22631928883492947,9,0.5522598028182983
6,25,0,0.0,0.4816189706325531,0.323382280960043,123,0.5466135144233704
6,39,0,0.0,0.0,0.11053223613028725,6,0.22259292006492615
6,16,0,0.0,0.0,0.22807019066942089,17,0.4104084074497223
6,36,0,0.0,0.0,0.08882521209307015,5,0.34607717394828796
6,37,0,0.0,0.0,0.07007024541962892,2,0.1382940411567688
6,43,0,0.0,0.0,0.18892700457945466,3,0.3321041762828827
6,2,0,0.0,0.24324551224708557,0.3363345413020364,54,0.5214826464653015
6,4,0,0.0,0.30721622705459595,0.23464425355196,5,0.332098126411438
6,28,0,0.0,0.0,0.3002731032096423,26,0.5201427936553955
6,17,0,0.0,0.0,0.16430597752332687,3,0.3250329792499542
6,11,1,0.0,0.0,0.18664873329301676,12,0.3665458858013153
6,14,0,0.0,0.0,0.26407086104154587,4,0.5244344472885132
6,15,0,0.0,0.0,0.18902366422116756,4,0.331576406955719
6,38,0,0.0,0.0,0.11052130162715912,1,0.11052130162715912
6,18,0,0.0,0.0,0.16043263270209232,6,0.5106946229934692
6,35,0,0.0,0.0,0.15693993866443634,2,0.23703964054584503
6,30,0,0.0,0.0,0.2488671839237213,1,0.2488671839237213
6,32,0,0.0,0.03013567067682743,0.05987196043133736,3,0.0881086140871048
6,29,0,0.0,0.0,0.014150664501357824,2,0.02649318426847458
6,31,0,0.0,0.0,0.04804918554145843,2,0.09425964951515198
6,47,0,0.0,0.0,0.06471777707338333,1,0.06471777707338333
6,41,0,0.0,0.0,0.04574463400058448,2,0.0847301185131073
6,42,0,0.0,0.0,0.08471418917179108,1,0.08471418917179108
7,22,0,2.087746663571796,1.0,1.0,156,1.0
7,48,0,0.0,0.0,0.5311201214790344,1,0.5311201214790344
7,49,0,0.0,0.0,0.5303062200546265,1,0.5303062200546265
7,1,0,0.0,0.0,0.5293113589286804,1,0.5293113589286804
7,27,0,0.0,0.0,0.3825093135237694,2,0.5289968848228455
7,21,0,0.962180224248508,0.29203036427497864,0.34670445873215794,125,0.5466527342796326
7,7,0,0.8910002089784977,0.2919391691684723,0.35655350372072236,106,0.7377253770828247
7,13,0,0.946800165046137,0.4666997492313385,0.3540839981339844,134,0.7096469402313232
7,19,0,0.90922942133026,0.46668559312820435,0.34669168367413167,131,0.5466375946998596
7,24,0,0.8833976575940202,0.2919682562351227,0.3374374033797772,109,0.5483644008636475
7,20,0,0.8375137857725486,0.4666275084018707,0.3639321638605533,117,0.5486897826194763
7,9,0,0.6642019854241287,0.29200342297554016,0.350343463547302,132,0.721806526184082
7,10,0,0.0,0.2920687198638916,0.3330513086563688,123,0.5487772226333618
7,23,0,0.0,0.2919081151485443,0.3629306460521659,49,0.6120709180831909
7,8,0,0.0,0.29194051027297974,0.33358166312738774,93,0.5285553932189941
7,6,0,0.0,0.0,0.3272104997187853,75,0.5486850738525391
7,5,0,0.0,0.46671247482299805,0.34280268562047983,86,0.5719727873802185
7,0,0,0.0,0.0,0.3463856258357947,52,0.5626494288444519
7,12,0,0.0,0.0,0.18281329174836478,12,0.3353216350078583
7,40,0,0.0,0.000774699030444026,0.2073526491294615,16,0.35363054275512695
7,26,0,0.0,0.0,0.32784326936592134,57,0.5440101623535156
7,3,1,0.0,0.1553749442100525,0.22631928883492947,9,0.5522598028182983
7,25,0,0.0,0.4666329622268677,0.323382280960043,123,0.5466135144233704
7,39,0,0.0,0.0,0.11053223613028725,6,0.22259292006492615
7,16,0,0.0,0.0,0.22807019066942089,17,0.4104084074497223
7,36,0,0.0,0.0,0.08882521209307015,5,0.34607717394828796
7,37,0,0.0,0.0,0.07007024541962892,2,0.1382940411567688
7,43,0,0.0,0.0,0.18892700457945466,3,0.3321041762828827
7,2,0,0.0,0.0,0.3363345413020364,54,0.5214826464653015
7,4,0,0.0,0.0,0.23464425355196,5,0.332098126411438
7,28,0,0.0,0.0,0.3002731032096423,26,0.5201427936553955
7,17,1,0.0,0.14500214159488678,0.16430597752332687,3,0.3250329792499542
7,11,0,0.0,0.0,0.18664873329301676,12,0.3665458858013153
7,14,0,0.0,0.0,0.26407086104154587,4,0.5244344472885132
7,15,0,0.0,0.0,0.18902366422116756,4,0.331576406955719
7,38,0,0.0,0.0,0.11052130162715912,1,0.11052130162715912
7,18,0,0.0,0.0,0.16043263270209232,6,0.5106946229934692
7,35,0,0.0,0.0,0.15693993866443634,2,0.23703964054584503
7,30,0,0.0,0.0,0.2488671839237213,1,0.2488671839237213
7,32,0,0.0,0.14465633034706116,0.05987196043133736,3,0.0881086140871048
7,29,0,0.0,0.0,0.014150664501357824,2,0.02649318426847458
7,31,0,0.0,0.0,0.04804918554145843,2,0.09425964951515198
7,47,0,0.0,0.0,0.06471777707338333,1,0.06471777707338333
7,41,0,0.0,0.0,0.04574463400058448,2,0.0847301185131073
7,42,0,0.0,0.0,0.08471418917179108,1,0.08471418917179108
8,22,0,2.087746663571796,1.0,1.0,156,1.0
8,48,0,0.0,0.0,0.5311201214790344,1,0.5311201214790344
8,49,0,0.0,0.0,0.5303062200546265,1,0.5303062200546265
8,1,0,0.0,0.0,0.5293113589286804,1,0.5293113589286804
8,27,0,0.0,0.0,0.3825093135237694,2,0.5289968848228455
8,21,0,0.962180224248508,0.4545038044452667,0.34670445873215794,125,0.5466527342796326
8,7,0,0.8910002089784977,0.0,0.35655350372072236,106,0.7377253770828247
8,13,0,0.946800165046137,0.45447325706481934,0.3540839981339844,134,0.7096469402313232
8,19,0,0.90922942133026,0.4544737935066223,0.34669168367413167,131,0.5466375946998596
8,24,0,0.8833976575940202,0.35472503304481506,0.3374374033797772,109,0.5483644008636475
8,20,0,0.8375137857725486,0.35472139716148376,0.3639321638605533,117,0.5486897826194763
8,9,0,0.6642019854241287,0.45446497201919556,0.350343463547302,132,0.721806526184082
8,10,0,0.0,0.35481151938438416,0.3330513086563688,123,0.5487772226333618
8,23,0,0.0,0.0,0.3629306460521659,49,0.6120709180831909
8,8,0,0.0,0.0,0.33358166312738774,93,0.5285553932189941
8,6,0,0.0,0.4545558989048004,0.3272104997187853,75,0.5486850738525391
8,5,0,0.0,0.35470345616340637,0.34280268562047983,86,0.5719727873802185
8,0,0,0.0,0.3547295331954956,0.3463856258357947,52,0.5626494288444519
8,12,0,0.0,0.0912754237651825,0.18281329174836478,12,0.3353216350078583
8,40,0,0.0,0.0,0.2073526491294615,16,0.35363054275512695
8,26,0,0.0,0.0,0.32784326936592134,57,0.5440101623535156
8,3,1,0.0,0.0957140251994133,0.22631928883492947,9,0.5522598028182983
8,25,0,0.0,0.3547413647174835,0.323382280960043,123,0.5466135144233704
8,39,0,0.0,0.0,0.11053223613028725,6,0.22259292006492615
8,16,0,0.0,0.0,0.22807019066942089,17,0.4104084074497223
8,36,0,0.0,0.0,0.08882521209307015,5,0.34607717394828796
8,37,0,0.0,0.0,0.07007024541962892,2,0.1382940411567688
8,43,0,0.0,0.0,0.18892700457945466,3,0.3321041762828827
8,2,0,0.0,0.0,0.3363345413020364,54,0.5214826464653015
8,4,0,0.0,0.0,0.23464425355196,5,0.332098126411438
8,28,0,0.0,0.0,0.3002731032096423,26,0.5201427936553955
8,17,0,0.0,0.09121359884738922,0.16430597752332687,3,0.3250329792499542
8,11,1,0.0,0.0913357138633728,0.18664873329301676,12,0.3665458858013153
8,14,0,0.0,0.12304811924695969,0.26407086104154587,4,0.5244344472885132
8,15,0,0.0,0.0,0.18902366422116756,4,0.331576406955719
8,38,0,0.0,0.0,0.11052130162715912,1,0.11052130162715912
8,18,0,0.0,0.0,0.16043263270209232,6,0.5106946229934692
8,35,0,0.0,0.0,0.15693993866443634,2,0.23703964054584503
8,30,0,0.0,0.0,0.2488671839237213,1,0.2488671839237213
8,32,0,0.0,0.0,0.05987196043133736,3,0.0881086140871048
8,29,0,0.0,0.0,0.014150664501357824,2,0.02649318426847458
8,31,0,0.0,0.0,0.04804918554145843,2,0.09425964951515198
8,47,0,0.0,0.0,0.06471777707338333,1,0.06471777707338333
8,41,0,0.0,0.0,0.04574463400058448,2,0.0847301185131073
8,42,0,0.0,0.0,0.08471418917179108,1,0.08471418917179108
9,22,0,2.087746663571796,1.0,1.0,156,1.0
9,48,0,0.0,0.0,0.5311201214790344,1,0.5311201214790344
9,49,0,0.0,0.0,0.5303062200546265,1,0.5303062200546265
9,1,0,0.0,0.0,0.5293113589286804,1,0.5293113589286804
9,27,0,0.0,0.0,0.3825093135237694,2,0.5289968848228455
9,21,0,0.962180224248508,0.4762958288192749,0.34670445873215794,125,0.5466527342796326
9,7,0,0.8910002089784977,0.47635307908058167,0.35655350372072236,106,0.7377253770828247
9,13,1,0.946800165046137,0.47631117701530457,0.3540839981339844,134,0.7096469402313232
9,19,0,0.90922942133026,0.381389856338501,0.34669168367413167,131,0.5466375946998596
9,24,0,0.8833976575940202,0.3809340298175812,0.3374374033797772,109,0.5483644008636475
9,20,0,0.8375137857725486,0.47639942169189453,0.3639321638605533,117,0.5486897826194763
9,9,0,0.6642019854241287,0.4762628972530365,0.350343463547302,132,0.721806526184082
9,10,0,0.0,0.4762980341911316,0.3330513086563688,123,0.5487772226333618
9,23,0,0.0,0.0,0.3629306460521659,49,0.6120709180831909
9,8,0,0.0,0.38090917468070984,0.33358166312738774,93,0.5285553932189941
9,6,0,0.0,0.47618451714515686,0.3272104997187853,75,0.5486850738525391
9,5,0,0.0,0.0,0.34280268562047983,86,0.5719727873802185
9,0,0,0.0,0.0,0.3463856258357947,52,0.5626494288444519
9,12,0,0.0,0.04792376980185509,0.18281329174836478,12,0.3353216350078583
9,40,0,0.0,0.0,0.2073526491294615,16,0.35363054275512695
9,26,0,0.0,0.0,0.32784326936592134,57,0.5440101623535156
9,3,1,0.0,0.0,0.22631928883492947,9,0.5522598028182983
9,25,0,0.0,0.3809550106525421,0.323382280960043,123,0.5466135144233704
9,39,0,0.0,0.0,0.11053223613028725,6,0.22259292006492615
9,16,0,0.0,0.0,0.22807019066942089,17,0.4104084074497223
9,36,0,0.0,0.0,0.08882521209307015,5,0.34607717394828796
9,37,0,0.0,0.0,0.07007024541962892,2,0.1382940411567688
9,43,0,0.0,0.0,0.18892700457945466,3,0.3321041762828827
9,2,0,0.0,0.0,0.3363345413020364,54,0.5214826464653015
9,4,0,0.0,0.0,0.23464425355196,5,0.332098126411438
9,28,0,0.0,0.0,0.3002731032096423,26,0.5201427936553955
9,17,0,0.0,0.0,0.16430597752332687,3,0.3250329792499542
9,11,0,0.0,0.04788872227072716,0.18664873329301676,12,0.3665458858013153
9,14,0,0.0,0.05057673156261444,0.26407086104154587,4,0.5244344472885132
9,15,0,0.0,0.0,0.18902366422116756,4,0.331576406955719
9,38,0,0.0,0.0,0.11052130162715912,1,0.11052130162715912
9,18,0,0.0,0.0,0.16043263270209232,6,0.5106946229934692
9,35,0,0.0,0.0,0.15693993866443634,2,0.23703964054584503
9,30,0,0.0,0.0,0.2488671839237213,1,0.2488671839237213
9,32,0,0.0,0.0,0.05987196043133736,3,0.0881086140871048
9,29,0,0.0,0.0,0.014150664501357824,2,0.02649318426847458
9,31,0,0.0,0.0,0.04804918554145843,2,0.09425964951515198
9,47,0,0.0,0.0,0.06471777707338333,1,0.06471777707338333
9,41,0,0.0,0.0,0.04574463400058448,2,0.0847301185131073
9,42,0,0.0,0.0,0.08471418917179108,1,0.08471418917179108
10,22,0,2.087746663571796,1.0,1.0,156,1.0
10,48,0,0.0,0.0,0.5311201214790344,1,0.5311201214790344
10,49,0,0.0,0.0,0.5303062200546265,1,0.5303062200546265
10,1,0,0.0,0.0,0.5293113589286804,1,0.5293113589286804
10,27,0,0.0,0.0,0.3825093135237694,2,0.5289968848228455
10,21,0,0.962180224248508,0.46818459033966064,0.34670445873215794,125,0.5466527342796326
10,7,0,0.8910002089784977,0.4677034020423889,0.35655350372072236,106,0.7377253770828247
10,13,0,0.946800165046137,0.3709961771965027,0.3540839981339844,134,0.7096469402313232
10,19,0,0.90922942133026,0.3713664710521698,0.34669168367413167,131,0.5466375946998596
10,24,0,0.8833976575940202,0.37091267108917236,0.3374374033797772,109,0.5483644008636475
10,20,0,0.8375137857725486,0.4677189886569977,0.3639321638605533,117,0.5486897826194763
10,9,0,0.6642019854241287,0.37094366550445557,0.350343463547302,132,0.721806526184082
10,10,0,0.0,0.46782004833221436,0.3330513086563688,123,0.5487772226333618
10,23,0,0.0,0.0,0.3629306460521659,49,0.6120709180831909
10,8,0,0.0,0.0,0.33358166312738774,93,0.5285553932189941
10,6,0,0.0,0.0,0.3272104997187853,75,0.5486850738525391
10,5,0,0.0,0.0,0.34280268562047983,86,0.5719727873802185
10,0,0,0.0,0.37091192603111267,0.3463856258357947,52,0.5626494288444519
10,12,0,0.0,0.0,0.18281329174836478,12,0.3353216350078583
10,40,0,0.0,4.170970350969583e-05,0.2073526491294615,16,0.35363054275512695
10,26,0,0.0,0.37088441848754883,0.32784326936592134,57,0.5440101623535156
10,3,1,0.0,0.0006965563516132534,0.22631928883492947,9,0.5522598028182983
10,25,0,0.0,0.37091901898384094,0.323382280960043,123,0.5466135144233704
10,39,0,0.0,0.0,0.11053223613028725,6,0.22259292006492615
10,16,0,0.0,3.777101665036753e-05,0.22807019066942089,17,0.4104084074497223
10,36,0,0.0,0.0,0.08882521209307015,5,0.34607717394828796
10,37,0,0.0,9.172239515464753e-05,0.07007024541962892,2,0.1382940411567688
10,43,0,0.0,0.0,0.18892700457945466,3,0.3321041762828827
10,2,0,0.0,0.0,0.3363345413020364,54,0.5214826464653015
10,4,0,0.0,0.0,0.23464425355196,5,0.332098126411438
10,28,0,0.0,2.707307430682704e-05,0.3002731032096423,26,0.5201427936553955
10,17,0,0.0,0.0,0.16430597752332687,3,0.3250329792499542
10,11,1,0.0,0.064688540995121,0.18664873329301676,12,0.3665458858013153
10,14,0,0.0,0.0,0.26407086104154587,4,0.5244344472885132
10,15,0,0.0,0.0,0.18902366422116756,4,0.331576406955719
10,38,0,0.0,0.0,0.11052130162715912,1,0.11052130162715912
10,18,0,0.0,0.0,0.16043263270209232,6,0.5106946229934692
10,35,0,0.0,0.0,0.15693993866443634,2,0.23703964054584503
10,30,0,0.0,0.0,0.2488671839237213,1,0.2488671839237213
10,32,0,0.0,0.0,0.05987196043133736,3,0.0881086140871048
10,29,0,0.0,0.0,0.014150664501357824,2,0.02649318426847458
10,31,0,0.0,0.0,0.04804918554145843,2,0.09425964951515198
10,47,0,0.0,0.0,0.06471777707338333,1,0.06471777707338333
10,41,0,0.0,0.0,0.04574463400058448,2,0.0847301185131073
10,42,0,0.0,0.0,0.08471418917179108,1,0.08471418917179108
11,22,0,2.087746663571796,1.0,1.0,156,1.0
11,48,0,0.0,0.0,0.5311201214790344,1,0.5311201214790344
11,49,0,0.0,0.0,0.5303062200546265,1,0.5303062200546265
11,1,0,0.0,0.0,0.5293113589286804,1,0.5293113589286804
11,27,0,0.0,0.0,0.3825093135237694,2,0.5289968848228455
11,21,0,0.962180224248508,0.47712281346321106,0.34670445873215794,125,0.5466527342796326
11,7,0,0.8910002089784977,0.0,0.35655350372072236,106,0.7377253770828247
11,13,0,0.946800165046137,0.38193240761756897,0.3540839981339844,134,0.7096469402313232
11,19,1,0.90922942133026,0.47716328501701355,0.34669168367413167,131,0.5466375946998596
11,24,0,0.8833976575940202,0.38188257813453674,0.3374374033797772,109,0.5483644008636475
11,20,0,0.8375137857725486,0.38191723823547363,0.3639321638605533,117,0.5486897826194763
11,9,0,0.6642019854241287,0.3819524943828583,0.350343463547302,132,0.721806526184082
11,10,0,0.0,0.4771612286567688,0.3330513086563688,123,0.5487772226333618
11,23,0,0.0,0.38195979595184326,0.3629306460521659,49,0.6120709180831909
11,8,0,0.0,0.38194429874420166,0.33358166312738774,93,0.5285553932189941
11,6,0,0.0,0.0,0.3272104997187853,75,0.5486850738525391
11,5,0,0.0,0.3817219138145447,0.34280268562047983,86,0.5719727873802185
11,0,0,0.0,0.0,0.3463856258357947,52,0.5626494288444519
11,12,0,0.0,0.0,0.18281329174836478,12,0.3353216350078583
11,40,0,0.0,0.0,0.2073526491294615,16,0.35363054275512695
11,26,0,0.0,0.0,0.32784326936592134,57,0.5440101623535156
11,3,1,0.0,0.005366299767047167,0.22631928883492947,9,0.5522598028182983
11,25,0,0.0,0.0,0.323382280960043,123,0.5466135144233704
11,39,0,0.0,0.0,0.11053223613028725,6,0.22259292006492615
11,16,0,0.0,0.005088136997073889,0.22807019066942089,17,0.4104084074497223
11,36,0,0.0,0.0,0.08882521209307015,5,0.34607717394828796
11,37,0,0.0,0.0051880646497011185,0.07007024541962892,2,0.1382940411567688
11,43,0,0.0,0.0,0.18892700457945466,3,0.3321041762828827
11,2,0,0.0,0.3819822072982788,0.3363345413020364,54,0.5214826464653015
11,4,0,0.0,0.0,0.23464425355196,5,0.332098126411438
11,28,0,0.0,0.005103626288473606,0.3002731032096423,26,0.5201427936553955
11,17,0,0.0,0.0,0.16430597752332687,3,0.3250329792499542
11,11,0,0.0,0.018745960667729378,0.18664873329301676,12,0.3665458858013153
11,14,0,0.0,0.004790002945810556,0.26407086104154587,4,0.5244344472885132
11,15,0,0.0,0.0,0.18902366422116756,4,0.331576406955719
11,38,0,0.0,0.0,0.11052130162715912,1,0.11052130162715912
11,18,0,0.0,0.0,0.16043263270209232,6,0.5106946229934692
11,35,0,0.0,0.0,0.15693993866443634,2,0.23703964054584503
11,30,0,0.0,0.0,0.2488671839237213,1,0.2488671839237213
11,32,0,0.0,0.018892647698521614,0.05987196043133736,3,0.0881086140871048
11,29,0,0.0,0.0,0.014150664501357824,2,0.02649318426847458
11,31,0,0.0,0.0,0.04804918554145843,2,0.09425964951515198
11,47,0,0.0,0.0,0.06471777707338333,1,0.06471777707338333
11,41,0,0.0,0.0,0.04574463400058448,2,0.0847301185131073
11,42,0,0.0,0.0,0.08471418917179108,1,0.08471418917179108
12,22,0,2.087746663571796,1.0,1.0,156,1.0
12,48,0,0.0,0.0,0.5311201214790344,1,0.5311201214790344
12,49,0,0.0,0.0,0.5303062200546265,1,0.5303062200546265
12,1,0,0.0,0.0,0.5293113589286804,1,0.5293113589286804
12,27,0,0.0,0.0,0.3825093135237694,2,0.5289968848228455
12,21,0,0.962180224248508,0.48076626658439636,0.34670445873215794,125,0.5466527342796326
12,7,0,0.8910002089784977,0.48090091347694397,0.35655350372072236,106,0.7377253770828247
12,13,0,0.946800165046137,0.3858564496040344,0.3540839981339844,134,0.7096469402313232
12,19,0,0.90922942133026,0.38589778542518616,0.34669168367413167,131,0.5466375946998596
12,24,0,0.8833976575940202,0.0,0.3374374033797772,109,0.5483644008636475
12,20,0,0.8375137857725486,0.48096972703933716,0.3639321638605533,117,0.5486897826194763
12,9,0,0.6642019854241287,0.48076334595680237,0.350343463547302,132,0.721806526184082
12,10,0,0.0,0.48084497451782227,0.3330513086563688,123,0.5487772226333618
12,23,0,0.0,0.0,0.3629306460521659,49,0.6120709180831909
12,8,0,0.0,0.0,0.33358166312738774,93,0.5285553932189941
12,6,0,0.0,0.0,0.3272104997187853,75,0.5486850738525391
12,5,0,0.0,0.0,0.34280268562047983,86,0.5719727873802185
12,0,0,0.0,0.0,0.3463856258357947,52,0.5626494288444519
12,12,0,0.0,0.0023835492320358753,0.18281329174836478,12,0.3353216350078583
12,40,0,0.0,0.0,0.2073526491294615,16,0.35363054275512695
12,26,0,0.0,0.3859810531139374,0.32784326936592134,57,0.5440101623535156
12,3,1,0.0,0.0,0.22631928883492947,9,0.5522598028182983
12,25,0,0.0,0.48095226287841797,0.323382280960043,123,0.5466135144233704
12,39,0,0.0,0.0,0.11053223613028725,6,0.22259292006492615
12,16,0,0.0,0.0,0.22807019066942089,17,0.4104084074497223
12,36,0,0.0,0.0,0.08882521209307015,5,0.34607717394828796
12,37,0,0.0,0.0,0.07007024541962892,2,0.1382940411567688
12,43,0,0.0,0.0,0.18892700457945466,3,0.3321041762828827
12,2,0,0.0,0.3859128952026367,0.3363345413020364,54,0.5214826464653015
12,4,0,0.0,0.000492144376039505,0.23464425355196,5,0.332098126411438
12,28,0,0.0,0.48064208030700684,0.3002731032096423,26,0.5201427936553955
12,17,0,0.0,0.0,0.16430597752332687,3,0.3250329792499542
12,11,1,0.0,0.0,0.18664873329301676,12,0.3665458858013153
12,14,0,0.0,0.0,0.26407086104154587,4,0.5244344472885132
12,15,0,0.0,0.01178313884884119,0.18902366422116756,4,0.331576406955719
12,38,0,0.0,0.0,0.11052130162715912,1,0.11052130162715912
12,18,0,0.0,0.0,0.16043263270209232,6,0.5106946229934692
12,35,0,0.0,0.0,0.15693993866443634,2,0.23703964054584503
12,30,0,0.0,0.0,0.2488671839237213,1,0.2488671839237213
12,32,0,0.0,0.0,0.05987196043133736,3,0.0881086140871048
12,29,0,0.0,0.0,0.014150664501357824,2,0.02649318426847458
12,31,0,0.0,0.0,0.04804918554145843,2,0.09425964951515198
12,47,0,0.0,0.0,0.06471777707338333,1,0.06471777707338333
12,41,0,0.0,0.0,0.04574463400058448,2,0.0847301185131073
12,42,0,0.0,0.0,0.08471418917179108,1,0.08471418917179108
13,22,0,2.087746663571796,1.0,1.0,156,1.0
13,48,0,0.0,0.0,0.5311201214790344,1,0.5311201214790344
13,49,0,0.0,0.0,0.5303062200546265,1,0.5303062200546265
13,1,0,0.0,0.0,0.5293113589286804,1,0.5293113589286804
13,27,0,0.0,0.0,0.3825093135237694,2,0.5289968848228455
13,21,0,0.962180224248508,0.47477608919143677,0.34670445873215794,125,0.5466527342796326
13,7,0,0.8910002089784977,0.4746669828891754,0.35655350372072236,106,0.7377253770828247
13,13,0,0.946800165046137,0.37926942110061646,0.3540839981339844,134,0.7096469402313232
13,19,0,0.90922942133026,0.37925899028778076,0.34669168367413167,131,0.5466375946998596
13,24,0,0.8833976575940202,0.3791184425354004,0.3374374033797772,109,0.5483644008636475
13,20,0,0.8375137857725486,0.47471368312835693,0.3639321638605533,117,0.5486897826194763
13,9,0,0.6642019854241287,0.37909671664237976,0.350343463547302,132,0.721806526184082
13,10,0,0.0,0.4747917056083679,0.3330513086563688,123,0.5487772226333618
13,23,0,0.0,0.0,0.3629306460521659,49,0.6120709180831909
13,8,0,0.0,0.37911027669906616,0.33358166312738774,93,0.5285553932189941
13,6,0,0.0,0.0,0.3272104997187853,75,0.5486850738525391
13,5,0,0.0,0.37910914421081543,0.34280268562047983,86,0.5719727873802185
13,0,0,0.0,0.3791119456291199,0.3463856258357947,52,0.5626494288444519
13,12,0,0.0,0.0060740504413843155,0.18281329174836478,12,0.3353216350078583
13,40,0,0.0,0.0,0.2073526491294615,16,0.35363054275512695
13,26,0,0.0,0.0,0.32784326936592134,57,0.5440101623535156
13,3,1,0.0,0.0,0.22631928883492947,9,0.5522598028182983
13,25,0,0.0,0.4746844172477722,0.323382280960043,123,0.5466135144233704
13,39,0,0.0,0.0,0.11053223613028725,6,0.22259292006492615
13,16,0,0.0,0.0,0.22807019066942089,17,0.4104084074497223
13,36,0,0.0,0.0,0.08882521209307015,5,0.34607717394828796
13,37,0,0.0,0.0,0.07007024541962892,2,0.1382940411567688
13,43,0,0.0,0.0,0.18892700457945466,3,0.3321041762828827
13,2,0,0.0,0.0,0.3363345413020364,54,0.5214826464653015
13,4,0,0.0,0.009818552061915398,0.23464425355196,5,0.332098126411438
13,28,0,0.0,0.0,0.3002731032096423,26,0.5201427936553955
13,17,1,0.0,0.0,0.16430597752332687,3,0.3250329792499542
13,11,0,0.0,0.0,0.18664873329301676,12,0.3665458858013153
13,14,0,0.0,0.0,0.26407086104154587,4,0.5244344472885132
13,15,0,0.0,0.004518305882811546,0.18902366422116756,4,0.331576406955719
13,38,0,0.0,0.0014426467241719365,0.11052130162715912,1,0.11052130162715912
13,18,0,0.0,0.0,0.16043263270209232,6,0.5106946229934692
13,35,0,0.0,0.0,0.15693993866443634,2,0.23703964054584503
13,30,0,0.0,0.0,0.2488671839237213,1,0.2488671839237213
13,32,0,0.0,0.0,0.05987196043133736,3,0.0881086140871048
13,29,0,0.0,0.0,0.014150664501357824,2,0.02649318426847458
13,31,0,0.0,0.0,0.04804918554145843,2,0.09425964951515198
13,47,0,0.0,0.0,0.06471777707338333,1,0.06471777707338333
13,41,0,0.0,0.0,0.04574463400058448,2,0.0847301185131073
13,42,0,0.0,0.0,0.08471418917179108,1,0.08471418917179108
14,22,0,2.087746663571796,1.0,1.0,156,1.0
14,48,0,0.0,0.0,0.5311201214790344,1,0.5311201214790344
14,49,0,0.0,0.0,0.5303062200546265,1,0.5303062200546265
14,1,0,0.0,0.0,0.5293113589286804,1,0.5293113589286804
14,27,0,0.0,0.0,0.3825093135237694,2,0.5289968848228455
14,21,0,0.962180224248508,0.0,0.34670445873215794,125,0.5466527342796326
14,7,0,0.8910002089784977,0.25249794125556946,0.35655350372072236,106,0.7377253770828247
14,13,0,0.946800165046137,0.252485990524292,0.3540839981339844,134,0.7096469402313232
14,19,1,0.90922942133026,0.2525540292263031,0.34669168367413167,131,0.5466375946998596
14,24,0,0.8833976575940202,0.0,0.3374374033797772,109,0.5483644008636475
14,20,0,0.8375137857725486,0.0,0.3639321638605533,117,0.5486897826194763
14,9,0,0.6642019854241287,0.25246351957321167,0.350343463547302,132,0.721806526184082
14,10,0,0.0,0.25251802802085876,0.3330513086563688,123,0.5487772226333618
14,23,0,0.0,0.2525363862514496,0.3629306460521659,49,0.6120709180831909
14,8,0,0.0,0.252488374710083,0.33358166312738774,93,0.5285553932189941
14,6,0,0.0,0.0,0.3272104997187853,75,0.5486850738525391
14,5,0,0.0,0.252785325050354,0.34280268562047983,86,0.5719727873802185
14,0,0,0.0,0.0,0.3463856258357947,52,0.5626494288444519
14,12,0,0.0,0.0,0.18281329174836478,12,0.3353216350078583
14,40,0,0.0,0.0,0.2073526491294615,16,0.35363054275512695
14,26,0,0.0,0.3681078851222992,0.32784326936592134,57,0.5440101623535156
14,3,1,0.0,0.0,0.22631928883492947,9,0.5522598028182983
14,25,0,0.0,0.2525781989097595,0.323382280960043,123,0.5466135144233704
14,39,0,0.0,0.0,0.11053223613028725,6,0.22259292006492615
14,16,0,0.0,0.00809993501752615,0.22807019066942089,17,0.4104084074497223
14,36,0,0.0,0.008176005445420742,0.08882521209307015,5,0.34607717394828796
14,37,0,0.0,0.00822378695011139,0.07007024541962892,2,0.1382940411567688
14,43,0,0.0,0.008230439387261868,0.18892700457945466,3,0.3321041762828827
14,2,0,0.0,0.25268641114234924,0.3363345413020364,54,0.5214826464653015
14,4,0,0.0,0.0,0.23464425355196,5,0.332098126411438
14,28,0,0.0,0.0,0.3002731032096423,26,0.5201427936553955
14,17,0,0.0,0.0,0.16430597752332687,3,0.3250329792499542
14,11,0,0.0,0.0,0.18664873329301676,12,0.3665458858013153
14,14,0,0.0,0.0,0.26407086104154587,4,0.5244344472885132
14,15,0,0.0,0.0,0.18902366422116756,4,0.331576406955719
14,38,0,0.0,0.008143722079694271,0.11052130162715912,1,0.11052130162715912
14,18,0,0.0,0.0,0.16043263270209232,6,0.5106946229934692
14,35,0,0.0,0.008129680529236794,0.15693993866443634,2,0.23703964054584503
14,30,0,0.0,0.0,0.2488671839237213,1,0.2488671839237213
14,32,0,0.0,0.0,0.05987196043133736,3,0.0881086140871048
14,29,0,0.0,0.0,0.014150664501357824,2,0.02649318426847458
14,31,0,0.0,0.008216620422899723,0.04804918554145843,2,0.09425964951515198
14,47,0,0.0,0.0,0.06471777707338333,1,0.06471777707338333
14,41,0,0.0,0.008123388513922691,0.04574463400058448,2,0.0847301185131073
14,42,0,0.0,0.0,0.08471418917179108,1,0.08471418917179108
15,22,0,2.087746663571796,1.0,1.0,156,1.0
15,48,0,0.0,0.0,0.5311201214790344,1,0.5311201214790344
15,49,0,0.0,0.0,0.5303062200546265,1,0.5303062200546265
15,1,0,0.0,0.0,0.5293113589286804,1,0.5293113589286804
15,27,0,0.0,0.0,0.3825093135237694,2,0.5289968848228455
15,21,0,0.962180224248508,0.18690899014472961,0.34670445873215794,125,0.5466527342796326
15,7,0,0.8910002089784977,0.18672102689743042,0.35655350372072236,106,0.7377253770828247
15,13,0,0.946800165046137,0.18674474954605103,0.3540839981339844,134,0.7096469402313232
15,19,0,0.90922942133026,0.1868160367012024,0.34669168367413167,131,0.5466375946998596
15,24,0,0.8833976575940202,0.0,0.3374374033797772,109,0.5483644008636475
15,20,0,0.8375137857725486,0.18670782446861267,0.3639321638605533,117,0.5486897826194763
15,9,0,0.6642019854241287,0.18670281767845154,0.350343463547302,132,0.721806526184082
15,10,0,0.0,0.1868811994791031,0.3330513086563688,123,0.5487772226333618
15,23,0,0.0,0.0,0.3629306460521659,49,0.6120709180831909
15,8,0,0.0,0.186670184135437,0.33358166312738774,93,0.5285553932189941
15,6,0,0.0,0.18666328489780426,0.3272104997187853,75,0.5486850738525391
15,5,0,0.0,0.18671256303787231,0.34280268562047983,86,0.5719727873802185
15,0,0,0.0,0.0,0.3463856258357947,52,0.5626494288444519
15,12,0,0.0,0.0,0.18281329174836478,12,0.3353216350078583
15,40,0,0.0,0.0,0.2073526491294615,16,0.35363054275512695
15,26,0,0.0,0.046794503927230835,0.32784326936592134,57,0.5440101623535156
15,3,1,0.0,0.0,0.22631928883492947,9,0.5522598028182983
15,25,0,0.0,0.0,0.323382280960043,123,0.5466135144233704
15,39,0,0.0,0.0,0.11053223613028725,6,0.22259292006492615
15,16,0,0.0,0.0001618559763301164,0.22807019066942089,17,0.4104084074497223
15,36,0,0.0,8.311018609674647e-05,0.08882521209307015,5,0.34607717394828796
15,37,0,0.0,3.6929573070665356e-06,0.07007024541962892,2,0.1382940411567688
15,43,0,0.0,0.0,0.18892700457945466,3,0.3321041762828827
15,2,0,0.0,0.18734942376613617,0.3363345413020364,54,0.5214826464653015
15,4,0,0.0,0.0,0.23464425355196,5,0.332098126411438
15,28,0,0.0,0.0,0.3002731032096423,26,0.5201427936553955
15,17,1,0.0,0.0,0.16430597752332687,3,0.3250329792499542
15,11,0,0.0,0.0,0.18664873329301676,12,0.3665458858013153
15,14,0,0.0,0.0,0.26407086104154587,4,0.5244344472885132
15,15,0,0.0,0.0,0.18902366422116756,4,0.331576406955719
15,38,0,0.0,7.158368680393323e-05,0.11052130162715912,1,0.11052130162715912
15,18,0,0.0,0.0,0.16043263270209232,6,0.5106946229934692
15,35,0,0.0,8.232683467213064e-05,0.15693993866443634,2,0.23703964054584503
15,30,0,0.0,0.0,0.2488671839237213,1,0.2488671839237213
15,32,0,0.0,0.0,0.05987196043133736,3,0.0881086140871048
15,29,0,0.0,0.0,0.014150664501357824,2,0.02649318426847458
15,31,0,0.0,1.0444727195135783e-05,0.04804918554145843,2,0.09425964951515198
15,47,0,0.0,0.0,0.06471777707338333,1,0.06471777707338333
15,41,0,0.0,8.799682836979628e-05,0.04574463400058448,2,0.0847301185131073
15,42,0,0.0,6.98677686159499e-05,0.08471418917179108,1,0.08471418917179108
16,22,0,2.087746663571796,1.0,1.0,156,1.0
16,48,0,0.0,0.0,0.5311201214790344,1,0.5311201214790344
16,49,0,0.0,0.0,0.5303062200546265,1,0.5303062200546265
16,1,0,0.0,0.0,0.5293113589286804,1,0.5293113589286804
16,27,0,0.0,0.0,0.3825093135237694,2,0.5289968848228455
16,21,0,0.962180224248508,0.4264027774333954,0.34670445873215794,125,0.5466527342796326
16,7,0,0.8910002089784977,0.3219955563545227,0.35655350372072236,106,0.7377253770828247
16,13,1,0.946800165046137,0.0,0.3540839981339844,134,0.7096469402313232
16,19,0,0.90922942133026,0.4266960024833679,0.34669168367413167,131,0.5466375946998596
16,24,0,0.8833976575940202,0.32197389006614685,0.3374374033797772,109,0.5483644008636475
16,20,0,0.8375137857725486,0.3219826817512512,0.3639321638605533,117,0.5486897826194763
16,9,0,0.6642019854241287,0.32196924090385437,0.350343463547302,132,0.721806526184082
16,10,0,0.0,0.0,0.3330513086563688,123,0.5487772226333618
16,23,0,0.0,0.0,0.3629306460521659,49,0.6120709180831909
16,8,0,0.0,0.0,0.33358166312738774,93,0.5285553932189941
16,6,0,0.0,0.3219805657863617,0.3272104997187853,75,0.5486850738525391
16,5,0,0.0,0.3220251202583313,0.34280268562047983,86,0.5719727873802185
16,0,0,0.0,0.321971595287323,0.3463856258357947,52,0.5626494288444519
16,12,0,0.0,0.0181293822824955,0.18281329174836478,12,0.3353216350078583
16,40,0,0.0,0.01745510846376419,0.2073526491294615,16,0.35363054275512695
16,26,0,0.0,1.4345919225888792e-05,0.32784326936592134,57,0.5440101623535156
16,3,1,0.0,0.0,0.22631928883492947,9,0.5522598028182983
16,25,0,0.0,0.3220638334751129,0.323382280960043,123,0.5466135144233704
16,39,0,0.0,0.01743888109922409,0.11053223613028725,6,0.22259292006492615
16,16,0,0.0,0.0,0.22807019066942089,17,0.4104084074497223
16,36,0,0.0,0.0,0.08882521209307015,5,0.34607717394828796
16,37,0,0.0,1.742671315696498e-06,0.07007024541962892,2,0.1382940411567688
16,43,0,0.0,8.246569450420793e-06,0.18892700457945466,3,0.3321041762828827
16,2,0,0.0,0.4260920286178589,0.3363345413020364,54,0.5214826464653015
16,4,0,0.0,0.0,0.23464425355196,5,0.332098126411438
16,28,0,0.0,0.0,0.3002731032096423,26,0.5201427936553955
16,17,0,0.0,0.0,0.16430597752332687,3,0.3250329792499542
16,11,0,0.0,0.0,0.18664873329301676,12,0.3665458858013153
16,14,0,0.0,0.0,0.26407086104154587,4,0.5244344472885132
16,15,0,0.0,3.49001056747511e-05,0.18902366422116756,4,0.331576406955719
16,38,0,0.0,0.0,0.11052130162715912,1,0.11052130162715912
16,18,0,0.0,0.0,0.16043263270209232,6,0.5106946229934692
16,35,0,0.0,0.0,0.15693993866443634,2,0.23703964054584503
16,30,0,0.0,0.0,0.2488671839237213,1,0.2488671839237213
16,32,0,0.0,0.0,0.05987196043133736,3,0.0881086140871048
16,29,0,0.0,0.0,0.014150664501357824,2,0.02649318426847458
16,31,0,0.0,0.0,0.04804918554145843,2,0.09425964951515198
16,47,0,0.0,0.0,0.06471777707338333,1,0.06471777707338333
16,41,0,0.0,0.0,0.04574463400058448,2,0.0847301185131073
16,42,0,0.0,0.0,0.08471418917179108,1,0.08471418917179108
17,22,0,2.087746663571796,1.0,1.0,156,1.0
17,48,0,0.0,0.0,0.5311201214790344,1,0.5311201214790344
17,49,0,0.0,0.0,0.5303062200546265,1,0.5303062200546265
17,1,0,0.0,0.0,0.5293113589286804,1,0.5293113589286804
17,27,0,0.0,0.0,0.3825093135237694,2,0.5289968848228455
17,21,0,0.962180224248508,0.2902666926383972,0.34670445873215794,125,0.5466527342796326
17,7,0,0.8910002089784977,0.0,0.35655350372072236,106,0.7377253770828247
17,13,0,0.946800165046137,0.2902728319168091,0.3540839981339844,134,0.7096469402313232
17,19,0,0.90922942133026,0.4506646394729614,0.34669168367413167,131,0.5466375946998596
17,24,0,0.8833976575940202,0.2902064323425293,0.3374374033797772,109,0.5483644008636475
17,20,0,0.8375137857725486,0.2902127504348755,0.3639321638605533,117,0.5486897826194763
17,9,0,0.6642019854241287,0.2906029224395752,0.350343463547302,132,0.721806526184082
17,10,0,0.0,0.0,0.3330513086563688,123,0.5487772226333618
17,23,0,0.0,0.45058518648147583,0.3629306460521659,49,0.6120709180831909
17,8,0,0.0,0.0,0.33358166312738774,93,0.5285553932189941
17,6,0,0.0,0.0,0.3272104997187853,75,0.5486850738525391
17,5,0,0.0,0.4501934051513672,0.34280268562047983,86,0.5719727873802185
17,0,0,0.0,0.0,0.3463856258357947,52,0.5626494288444519
17,12,0,0.0,0.01902255043387413,0.18281329174836478,12,0.3353216350078583
17,40,0,0.0,0.018322428688406944,0.2073526491294615,16,0.35363054275512695
17,26,0,0.0,0.4502033591270447,0.32784326936592134,57,0.5440101623535156
17,3,1,0.0,0.0,0.22631928883492947,9,0.5522598028182983
17,25,0,0.0,0.4502496123313904,0.323382280960043,123,0.5466135144233704
17,39,0,0.0,0.0,0.11053223613028725,6,0.22259292006492615
17,16,0,0.0,0.0,0.22807019066942089,17,0.4104084074497223
17,36,0,0.0,0.0,0.08882521209307015,5,0.34607717394828796
17,37,0,0.0,0.0,0.07007024541962892,2,0.1382940411567688
17,43,0,0.0,0.0,0.18892700457945466,3,0.3321041762828827
17,2,0,0.0,0.0,0.3363345413020364,54,0.5214826464653015
17,4,0,0.0,0.0,0.23464425355196,5,0.332098126411438
17,28,0,0.0,0.4501967430114746,0.3002731032096423,26,0.5201427936553955
17,17,0,0.0,0.0,0.16430597752332687,3,0.3250329792499542
17,11,1,0.0,0.06570873409509659,0.18664873329301676,12,0.3665458858013153
17,14,0,0.0,0.0,0.26407086104154587,4,0.5244344472885132
17,15,0,0.0,0.0,0.18902366422116756,4,0.331576406955719
17,38,0,0.0,0.0,0.11052130162715912,1,0.11052130162715912
17,18,0,0.0,0.0,0.16043263270209232,6,0.5106946229934692
17,35,0,0.0,0.0,0.15693993866443634,2,0.23703964054584503
17,30,0,0.0,0.0,0.2488671839237213,1,0.2488671839237213
17,32,0,0.0,0.01840217411518097,0.05987196043133736,3,0.0881086140871048
17,29,0,0.0,0.0,0.014150664501357824,2,0.02649318426847458
17,31,0,0.0,0.0,0.04804918554145843,2,0.09425964951515198
17,47,0,0.0,0.0,0.06471777707338333,1,0.06471777707338333
17,41,0,0.0,0.0,0.04574463400058448,2,0.0847301185131073
17,42,0,0.0,0.0,0.08471418917179108,1,0.08471418917179108
18,22,0,2.087746663571796,1.0,1.0,156,1.0
18,48,0,0.0,0.0,0.5311201214790344,1,0.5311201214790344
18,49,0,0.0,0.0,0.5303062200546265,1,0.5303062200546265
18,1,0,0.0,0.0,0.5293113589286804,1,0.5293113589286804
18,27,0,0.0,0.0,0.3825093135237694,2,0.5289968848228455
18,21,0,0.962180224248508,0.31258127093315125,0.34670445873215794,125,0.5466527342796326
18,7,0,0.8910002089784977,0.4822351038455963,0.35655350372072236,106,0.7377253770828247
18,13,0,0.946800165046137,0.31258854269981384,0.3540839981339844,134,0.7096469402313232
18,19,0,0.90922942133026,0.4821641743183136,0.34669168367413167,131,0.5466375946998596
18,24,0,0.8833976575940202,0.3125176429748535,0.3374374033797772,109,0.5483644008636475
18,20,0,0.8375137857725486,0.31251412630081177,0.3639321638605533,117,0.5486897826194763
18,9,0,0.6642019854241287,0.48214054107666016,0.350343463547302,132,0.721806526184082
18,10,0,0.0,0.3125894069671631,0.3330513086563688,123,0.5487772226333618
18,23,0,0.0,0.3124822676181793,0.3629306460521659,49,0.6120709180831909
18,8,0,0.0,0.0,0.33358166312738774,93,0.5285553932189941
18,6,0,0.0,0.0,0.3272104997187853,75,0.5486850738525391
18,5,0,0.0,0.0,0.34280268562047983,86,0.5719727873802185
18,0,0,0.0,0.31252139806747437,0.3463856258357947,52,0.5626494288444519
18,12,0,0.0,0.0,0.18281329174836478,12,0.3353216350078583
18,40,0,0.0,0.00018278733477927744,0.2073526491294615,16,0.35363054275512695
18,26,0,0.0,0.4821526110172272,0.32784326936592134,57,0.5440101623535156
18,3,1,0.0,0.11295443028211594,0.22631928883492947,9,0.5522598028182983
18,25,0,0.0,0.3125181794166565,0.323382280960043,123,0.5466135144233704
18,39,0,0.0,0.11130202561616898,0.11053223613028725,6,0.22259292006492615
18,16,0,0.0,0.0,0.22807019066942089,17,0.4104084074497223
18,36,0,0.0,0.0,0.08882521209307015,5,0.34607717394828796
18,37,0,0.0,0.0,0.07007024541962892,2,0.1382940411567688
18,43,0,0.0,0.0,0.18892700457945466,3,0.3321041762828827
18,2,0,0.0,0.0,0.3363345413020364,54,0.5214826464653015
18,4,0,0.0,0.0,0.23464425355196,5,0.332098126411438
18,28,0,0.0,0.0,0.3002731032096423,26,0.5201427936553955
18,17,1,0.0,0.20353031158447266,0.16430597752332687,3,0.3250329792499542
18,11,0,0.0,0.11126631498336792,0.18664873329301676,12,0.3665458858013153
18,14,0,0.0,0.0,0.26407086104154587,4,0.5244344472885132
18,15,0,0.0,0.0,0.18902366422116756,4,0.331576406955719
18,38,0,0.0,0.0,0.11052130162715912,1,0.11052130162715912
18,18,0,0.0,0.0,0.16043263270209232,6,0.5106946229934692
18,35,0,0.0,0.0,0.15693993866443634,2,0.23703964054584503
18,30,0,0.0,0.0,0.2488671839237213,1,0.2488671839237213
18,32,0,0.0,0.0,0.05987196043133736,3,0.0881086140871048
18,29,0,0.0,0.0,0.014150664501357824,2,0.02649318426847458
18,31,0,0.0,0.0,0.04804918554145843,2,0.09425964951515198
18,47,0,0.0,0.0,0.06471777707338333,1,0.06471777707338333
18,41,0,0.0,0.0,0.04574463400058448,2,0.0847301185131073
18,42,0,0.0,0.0,0.08471418917179108,1,0.08471418917179108
19,22,0,2.087746663571796,1.0,1.0,156,1.0
19,48,0,0.0,0.0,0.5311201214790344,1,0.5311201214790344
19,49,0,0.0,0.0,0.5303062200546265,1,0.5303062200546265
19,1,0,0.0,0.0,0.5293113589286804,1,0.5293113589286804
19,27,0,0.0,0.0,0.3825093135237694,2,0.5289968848228455
19,21,0,0.962180224248508,0.32214486598968506,0.34670445873215794,125,0.5466527342796326
19,7,0,0.8910002089784977,0.32201531529426575,0.35655350372072236,106,0.7377253770828247
19,13,0,0.946800165046137,0.4269210994243622,0.3540839981339844,134,0.7096469402313232
19,19,0,0.90922942133026,0.42699629068374634,0.34669168367413167,131,0.5466375946998596
19,24,0,0.8833976575940202,0.32209014892578125,0.3374374033797772,109,0.5483644008636475
19,20,0,0.8375137857725486,0.322076678276062,0.3639321638605533,117,0.5486897826194763
19,9,0,0.6642019854241287,0.3221118450164795,0.350343463547302,132,0.721806526184082
19,10,0,0.0,0.4265556037425995,0.3330513086563688,123,0.5487772226333618
19,23,0,0.0,0.0,0.3629306460521659,49,0.6120709180831909
19,8,0,0.0,0.322062224149704,0.33358166312738774,93,0.5285553932189941
19,6,0,0.0,0.3221328556537628,0.3272104997187853,75,0.5486850738525391
19,5,0,0.0,0.3221321105957031,0.34280268562047983,86,0.5719727873802185
19,0,0,0.0,0.322099894285202,0.3463856258357947,52,0.5626494288444519
19,12,0,0.0,0.0,0.18281329174836478,12,0.3353216350078583
19,40,0,0.0,0.0,0.2073526491294615,16,0.35363054275512695
19,26,0,0.0,0.06480125337839127,0.32784326936592134,57,0.5440101623535156
19,3,1,0.0,0.38218778371810913,0.22631928883492947,9,0.5522598028182983
19,25,0,0.0,0.3221890926361084,0.323382280960043,123,0.5466135144233704
19,39,0,0.0,0.0,0.11053223613028725,6,0.22259292006492615
19,16,0,0.0,0.0,0.22807019066942089,17,0.4104084074497223
19,36,0,0.0,0.0,0.08882521209307015,5,0.34607717394828796
19,37,0,0.0,0.0,0.07007024541962892,2,0.1382940411567688
19,43,0,0.0,0.0,0.18892700457945466,3,0.3321041762828827
19,2,0,0.0,0.0,0.3363345413020364,54,0.5214826464653015
19,4,0,0.0,0.0,0.23464425355196,5,0.332098126411438
19,28,0,0.0,0.0,0.3002731032096423,26,0.5201427936553955
19,17,0,0.0,0.3250329792499542,0.16430597752332687,3,0.3250329792499542
19,11,1,0.0,0.313001811504364,0.18664873329301676,12,0.3665458858013153
19,14,0,0.0,0.12531612813472748,0.26407086104154587,4,0.5244344472885132
19,15,0,0.0,0.0,0.18902366422116756,4,0.331576406955719
19,38,0,0.0,0.0,0.11052130162715912,1,0.11052130162715912
19,18,0,0.0,0.0,0.16043263270209232,6,0.5106946229934692
19,35,0,0.0,0.0,0.15693993866443634,2,0.23703964054584503
19,30,0,0.0,0.0,0.2488671839237213,1,0.2488671839237213
19,32,0,0.0,0.0,0.05987196043133736,3,0.0881086140871048
19,29,0,0.0,0.0,0.014150664501357824,2,0.02649318426847458
19,31,0,0.0,0.0,0.04804918554145843,2,0.09425964951515198
19,47,0,0.0,0.0,0.06471777707338333,1,0.06471777707338333
19,41,0,0.0,0.0,0.04574463400058448,2,0.0847301185131073
19,42,0,0.0,0.0,0.08471418917179108,1,0.08471418917179108
20,22,0,2.087746663571796,1.0,1.0,156,1.0
20,48,0,0.0,0.0,0.5311201214790344,1,0.5311201214790344
20,49,0,0.0,0.0,0.5303062200546265,1,0.5303062200546265
20,1,0,0.0,0.0,0.5293113589286804,1,0.5293113589286804
20,27,0,0.0,0.0,0.3825093135237694,2,0.5289968848228455
20,21,0,0.962180224248508,0.46794000267982483,0.34670445873215794,125,0.5466527342796326
20,7,0,0.8910002089784977,0.0,0.35655350372072236,106,0.7377253770828247
20,13,0,0.946800165046137,0.3710083067417145,0.3540839981339844,134,0.7096469402313232
20,19,1,0.90922942133026,0.37107276916503906,0.34669168367413167,131,0.5466375946998596
20,24,0,0.8833976575940202,0.0,0.3374374033797772,109,0.5483644008636475
20,20,0,0.8375137857725486,0.0,0.3639321638605533,117,0.5486897826194763
20,9,0,0.6642019854241287,0.4678994119167328,0.350343463547302,132,0.721806526184082
20,10,0,0.0,0.46770310401916504,0.3330513086563688,123,0.5487772226333618
20,23,0,0.0,0.46793001890182495,0.3629306460521659,49,0.6120709180831909
20,8,0,0.0,0.3710272014141083,0.33358166312738774,93,0.5285553932189941
20,6,0,0.0,0.37080812454223633,0.3272104997187853,75,0.5486850738525391
20,5,0,0.0,0.3707752227783203,0.34280268562047983,86,0.5719727873802185
20,0,0,0.0,0.0,0.3463856258357947,52,0.5626494288444519
20,12,0,0.0,0.0,0.18281329174836478,12,0.3353216350078583
20,40,0,0.0,0.0,0.2073526491294615,16,0.35363054275512695
20,26,0,0.0,0.0,0.32784326936592134,57,0.5440101623535156
20,3,1,0.0,0.0,0.22631928883492947,9,0.5522598028182983
20,25,0,0.0,0.4677650034427643,0.323382280960043,123,0.5466135144233704
20,39,0,0.0,0.0,0.11053223613028725,6,0.22259292006492615
20,16,0,0.0,0.0,0.22807019066942089,17,0.4104084074497223
20,36,0,0.0,0.3684563636779785,0.08882521209307015,5,0.34607717394828796
20,37,0,0.0,0.0,0.07007024541962892,2,0.1382940411567688
20,43,0,0.0,0.0,0.18892700457945466,3,0.3321041762828827
20,2,0,0.0,0.37080973386764526,0.3363345413020364,54,0.5214826464653015
20,4,0,0.0,0.0,0.23464425355196,5,0.332098126411438
20,28,0,0.0,0.0,0.3002731032096423,26,0.5201427936553955
20,17,0,0.0,0.0,0.16430597752332687,3,0.3250329792499542
20,11,0,0.0,0.0749967098236084,0.18664873329301676,12,0.3665458858013153
20,14,0,0.0,0.09644746035337448,0.26407086104154587,4,0.5244344472885132
20,15,0,0.0,0.05958349630236626,0.18902366422116756,4,0.331576406955719
20,38,0,0.0,0.0,0.11052130162715912,1,0.11052130162715912
20,18,0,0.0,0.0,0.16043263270209232,6,0.5106946229934692
20,35,0,0.0,0.0,0.15693993866443634,2,0.23703964054584503
20,30,0,0.0,0.0,0.2488671839237213,1,0.2488671839237213
20,32,0,0.0,0.0,0.05987196043133736,3,0.0881086140871048
20,29,0,0.0,0.10410144180059433,0.014150664501357824,2,0.02649318426847458
20,31,0,0.0,0.0,0.04804918554145843,2,0.09425964951515198
20,47,0,0.0,0.0,0.06471777707338333,1,0.06471777707338333
20,41,0,0.0,0.0,0.04574463400058448,2,0.0847301185131073
20,42,0,0.0,0.0,0.08471418917179108,1,0.08471418917179108
21,22,0,2.087746663571796,1.0,1.0,156,1.0
21,48,0,0.0,0.0,0.5311201214790344,1,0.5311201214790344
21,49,0,0.0,0.0,0.5303062200546265,1,0.5303062200546265
21,1,0,0.0,0.0,0.5293113589286804,1,0.5293113589286804
21,27,0,0.0,0.0,0.3825093135237694,2,0.5289968848228455
21,21,0,0.962180224248508,0.4310755133628845,0.34670445873215794,125,0.5466527342796326
21,7,0,0.8910002089784977,0.3272351622581482,0.35655350372072236,106,0.7377253770828247
21,13,1,0.946800165046137,0.3270888328552246,0.3540839981339844,134,0.7096469402313232
21,19,0,0.90922942133026,0.3275691568851471,0.34669168367413167,131,0.5466375946998596
21,24,0,0.8833976575940202,0.32718709111213684,0.3374374033797772,109,0.5483644008636475
21,20,0,0.8375137857725486,0.32723215222358704,0.3639321638605533,117,0.5486897826194763
21,9,0,0.6642019854241287,0.32708731293678284,0.350343463547302,132,0.721806526184082
21,10,0,0.0,0.32689014077186584,0.3330513086563688,123,0.5487772226333618
21,23,0,0.0,0.4310797154903412,0.3629306460521659,49,0.6120709180831909
21,8,0,0.0,0.32745882868766785,0.33358166312738774,93,0.5285553932189941
21,6,0,0.0,0.3272832930088043,0.3272104997187853,75,0.5486850738525391
21,5,0,0.0,0.3272738754749298,0.34280268562047983,86,0.5719727873802185
21,0,0,0.0,0.0,0.3463856258357947,52,0.5626494288444519
21,12,0,0.0,0.0,0.18281329174836478,12,0.3353216350078583
21,40,0,0.0,0.0,0.2073526491294615,16,0.35363054275512695
21,26,0,0.0,0.326849102973938,0.32784326936592134,57,0.5440101623535156
21,3,1,0.0,0.0,0.22631928883492947,9,0.5522598028182983
21,25,0,0.0,0.4310230314731598,0.323382280960043,123,0.5466135144233704
21,39,0,0.0,0.0,0.11053223613028725,6,0.22259292006492615
21,16,0,0.0,0.0,0.22807019066942089,17,0.4104084074497223
21,36,0,0.0,0.34607717394828796,0.08882521209307015,5,0.34607717394828796
21,37,0,0.0,0.0,0.07007024541962892,2,0.1382940411567688
21,43,0,0.0,0.0,0.18892700457945466,3,0.3321041762828827
21,2,0,0.0,0.0,0.3363345413020364,54,0.5214826464653015
21,4,0,0.0,0.0,0.23464425355196,5,0.332098126411438
21,28,0,0.0,0.0,0.3002731032096423,26,0.5201427936553955
21,17,0,0.0,0.0,0.16430597752332687,3,0.3250329792499542
21,11,0,0.0,0.016728002578020096,0.18664873329301676,12,0.3665458858013153
21,14,0,0.0,0.04209049418568611,0.26407086104154587,4,0.5244344472885132
21,15,0,0.0,0.0,0.18902366422116756,4,0.331576406955719
21,38,0,0.0,0.0,0.11052130162715912,1,0.11052130162715912
21,18,0,0.0,0.0,0.16043263270209232,6,0.5106946229934692
21,35,0,0.0,0.0,0.15693993866443634,2,0.23703964054584503
21,30,0,0.0,0.0,0.2488671839237213,1,0.2488671839237213
21,32,0,0.0,0.0,0.05987196043133736,3,0.0881086140871048
21,29,0,0.0,0.049758292734622955,0.014150664501357824,2,0.02649318426847458
21,31,0,0.0,0.0,0.04804918554145843,2,0.09425964951515198
21,47,0,0.0,0.0,0.06471777707338333,1,0.06471777707338333
21,41,0,0.0,0.0,0.04574463400058448,2,0.0847301185131073
21,42,0,0.0,0.0,0.08471418917179108,1,0.08471418917179108
22,22,0,2.087746663571796,1.0,1.0,156,1.0
22,48,0,0.0,0.0,0.5311201214790344,1,0.5311201214790344
22,49,0,0.0,0.0,0.5303062200546265,1,0.5303062200546265
22,1,0,0.0,0.0,0.5293113589286804,1,0.5293113589286804
22,27,0,0.0,0.0,0.3825093135237694,2,0.5289968848228455
22,21,0,0.962180224248508,0.3647690415382385,0.34670445873215794,125,0.5466527342796326
22,7,0,0.8910002089784977,0.36458492279052734,0.35655350372072236,106,0.7377253770828247
22,13,0,0.946800165046137,0.46278059482574463,0.3540839981339844,134,0.7096469402313232
22,19,0,0.90922942133026,0.36504819989204407,0.34669168367413167,131,0.5466375946998596
22,24,0,0.8833976575940202,0.0,0.3374374033797772,109,0.5483644008636475
22,20,0,0.8375137857725486,0.0,0.3639321638605533,117,0.5486897826194763
22,9,0,0.6642019854241287,0.36456817388534546,0.350343463547302,132,0.721806526184082
22,10,0,0.0,0.36456239223480225,0.3330513086563688,123,0.5487772226333618
22,23,0,0.0,0.0,0.3629306460521659,49,0.6120709180831909
22,8,0,0.0,0.4624054729938507,0.33358166312738774,93,0.5285553932189941
22,6,0,0.0,0.36454272270202637,0.3272104997187853,75,0.5486850738525391
22,5,0,0.0,0.4623545706272125,0.34280268562047983,86,0.5719727873802185
22,0,0,0.0,0.0,0.3463856258357947,52,0.5626494288444519
22,12,0,0.0,0.0,0.18281329174836478,12,0.3353216350078583
22,40,0,0.0,0.0,0.2073526491294615,16,0.35363054275512695
22,26,0,0.0,0.3648371398448944,0.32784326936592134,57,0.5440101623535156
22,3,1,0.0,0.0,0.22631928883492947,9,0.5522598028182983
22,25,0,0.0,0.4623984098434448,0.323382280960043,123,0.5466135144233704
22,39,0,0.0,0.0,0.11053223613028725,6,0.22259292006492615
22,16,0,0.0,0.0,0.22807019066942089,17,0.4104084074497223
22,36,0,0.0,0.0,0.08882521209307015,5,0.34607717394828796
22,37,0,0.0,0.0,0.07007024541962892,2,0.1382940411567688
22,43,0,0.0,0.0,0.18892700457945466,3,0.3321041762828827
22,2,0,0.0,0.46278053522109985,0.3363345413020364,54,0.5214826464653015
22,4,0,0.0,0.0006799231632612646,0.23464425355196,5,0.332098126411438
22,28,0,0.0,0.0,0.3002731032096423,26,0.5201427936553955
22,17,0,0.0,0.0,0.16430597752332687,3,0.3250329792499542
22,11,1,0.0,0.03290198743343353,0.18664873329301676,12,0.3665458858013153
22,14,0,0.0,0.0,0.26407086104154587,4,0.5244344472885132
22,15,0,0.0,0.0,0.18902366422116756,4,0.331576406955719
22,38,0,0.0,0.0,0.11052130162715912,1,0.11052130162715912
22,18,0,0.0,0.0,0.16043263270209232,6,0.5106946229934692
22,35,0,0.0,3.351528675921145e-06,0.15693993866443634,2,0.23703964054584503
22,30,0,0.0,0.0,0.2488671839237213,1,0.2488671839237213
22,32,0,0.0,0.0,0.05987196043133736,3,0.0881086140871048
22,29,0,0.0,0.0013692888896912336,0.014150664501357824,2,0.02649318426847458
22,31,0,0.0,0.0,0.04804918554145843,2,0.09425964951515198
22,47,0,0.0,0.0,0.06471777707338333,1,0.06471777707338333
22,41,0,0.0,0.0,0.04574463400058448,2,0.0847301185131073
22,42,0,0.0,0.0,0.08471418917179108,1,0.08471418917179108
23,22,0,2.087746663571796,1.0,1.0,156,1.0
23,48,0,0.0,0.0,0.5311201214790344,1,0.5311201214790344
23,49,0,0.0,0.0,0.5303062200546265,1,0.5303062200546265
23,1,0,0.0,0.0,0.5293113589286804,1,0.5293113589286804
23,27,0,0.0,0.0,0.3825093135237694,2,0.5289968848228455
23,21,0,0.962180224248508,0.3916788697242737,0.34670445873215794,125,0.5466527342796326
23,7,0,0.8910002089784977,0.2803982198238373,0.35655350372072236,106,0.7377253770828247
23,13,0,0.946800165046137,0.2809007167816162,0.3540839981339844,134,0.7096469402313232
23,19,0,0.90922942133026,0.2809128761291504,0.34669168367413167,131,0.5466375946998596
23,24,0,0.8833976575940202,0.28037992119789124,0.3374374033797772,109,0.5483644008636475
23,20,0,0.8375137857725486,0.0,0.3639321638605533,117,0.5486897826194763
23,9,0,0.6642019854241287,0.2804464101791382,0.350343463547302,132,0.721806526184082
23,10,0,0.0,0.39168277382850647,0.3330513086563688,123,0.5487772226333618
23,23,0,0.0,0.0,0.3629306460521659,49,0.6120709180831909
23,8,0,0.0,0.0,0.33358166312738774,93,0.5285553932189941
23,6,0,0.0,0.0,0.3272104997187853,75,0.5486850738525391
23,5,0,0.0,0.0,0.34280268562047983,86,0.5719727873802185
23,0,0,0.0,0.3913535475730896,0.3463856258357947,52,0.5626494288444519
23,12,0,0.0,0.02879124879837036,0.18281329174836478,12,0.3353216350078583
23,40,0,0.0,0.12658150494098663,0.2073526491294615,16,0.35363054275512695
23,26,0,0.0,0.3911554515361786,0.32784326936592134,57,0.5440101623535156
23,3,1,0.0,0.04578731581568718,0.22631928883492947,9,0.5522598028182983
23,25,0,0.0,0.2803901433944702,0.323382280960043,123,0.5466135144233704
23,39,0,0.0,0.0,0.11053223613028725,6,0.22259292006492615
23,16,0,0.0,0.0,0.22807019066942089,17,0.4104084074497223
23,36,0,0.0,0.0,0.08882521209307015,5,0.34607717394828796
23,37,0,0.0,0.0,0.07007024541962892,2,0.1382940411567688
23,43,0,0.0,0.0,0.18892700457945466,3,0.3321041762828827
23,2,0,0.0,0.28034496307373047,0.3363345413020364,54,0.5214826464653015
23,4,0,0.0,0.0,0.23464425355196,5,0.332098126411438
23,28,0,0.0,0.3911411166191101,0.3002731032096423,26,0.5201427936553955
23,17,0,0.0,0.0,0.16430597752332687,3,0.3250329792499542
23,11,1,0.0,0.0,0.18664873329301676,12,0.3665458858013153
23,14,0,0.0,0.0,0.26407086104154587,4,0.5244344472885132
23,15,0,0.0,0.0,0.18902366422116756,4,0.331576406955719
23,38,0,0.0,0.0,0.11052130162715912,1,0.11052130162715912
23,18,0,0.0,0.06874329596757889,0.16043263270209232,6,0.5106946229934692
23,35,0,0.0,0.0,0.15693993866443634,2,0.23703964054584503
23,30,0,0.0,0.0,0.2488671839237213,1,0.2488671839237213
23,32,0,0.0,0.0,0.05987196043133736,3,0.0881086140871048
23,29,0,0.0,0.0,0.014150664501357824,2,0.02649318426847458
23,31,0,0.0,0.0,0.04804918554145843,2,0.09425964951515198
23,47,0,0.0,0.0,0.06471777707338333,1,0.06471777707338333
23,41,0,0.0,0.0,0.04574463400058448,2,0.0847301185131073
23,42,0,0.0,0.0,0.08471418917179108,1,0.08471418917179108
24,22,0,2.087746663571796,1.0,1.0,156,1.0
24,48,0,0.0,0.0,0.5311201214790344,1,0.5311201214790344
24,49,0,0.0,0.0,0.5303062200546265,1,0.5303062200546265
24,1,0,0.0,0.0,0.5293113589286804,1,0.5293113589286804
24,27,0,0.0,0.0,0.3825093135237694,2,0.5289968848228455
24,21,0,0.962180224248508,0.43051454424858093,0.34670445873215794,125,0.5466527342796326
24,7,0,0.8910002089784977,0.4309390187263489,0.35655350372072236,106,0.7377253770828247
24,13,0,0.946800165046137,0.3271281123161316,0.3540839981339844,134,0.7096469402313232
24,19,0,0.90922942133026,0.4307428002357483,0.34669168367413167,131,0.5466375946998596
24,24,0,0.8833976575940202,0.3266543745994568,0.3374374033797772,109,0.5483644008636475
24,20,0,0.8375137857725486,0.32665833830833435,0.3639321638605533,117,0.5486897826194763
24,9,0,0.6642019854241287,0.3267036974430084,0.350343463547302,132,0.721806526184082
24,10,0,0.0,0.4304218292236328,0.3330513086563688,123,0.5487772226333618
24,23,0,0.0,0.0,0.3629306460521659,49,0.6120709180831909
24,8,0,0.0,0.0,0.33358166312738774,93,0.5285553932189941
24,6,0,0.0,0.0,0.3272104997187853,75,0.5486850738525391
24,5,0,0.0,0.0,0.34280268562047983,86,0.5719727873802185
24,0,0,0.0,0.43028587102890015,0.3463856258357947,52,0.5626494288444519
24,12,0,0.0,0.0,0.18281329174836478,12,0.3353216350078583
24,40,0,0.0,0.0,0.2073526491294615,16,0.35363054275512695
24,26,0,0.0,0.0,0.32784326936592134,57,0.5440101623535156
24,3,1,0.0,0.0,0.22631928883492947,9,0.5522598028182983
24,25,0,0.0,0.32667043805122375,0.323382280960043,123,0.5466135144233704
24,39,0,0.0,0.0,0.11053223613028725,6,0.22259292006492615
24,16,0,0.0,0.0,0.22807019066942089,17,0.4104084074497223
24,36,0,0.0,0.13973961770534515,0.08882521209307015,5,0.34607717394828796
24,37,0,0.0,0.0,0.07007024541962892,2,0.1382940411567688
24,43,0,0.0,0.0,0.18892700457945466,3,0.3321041762828827
24,2,0,0.0,0.43044888973236084,0.3363345413020364,54,0.5214826464653015
24,4,0,0.0,0.14017969369888306,0.23464425355196,5,0.332098126411438
24,28,0,0.0,0.0,0.3002731032096423,26,0.5201427936553955
24,17,0,0.0,0.0,0.16430597752332687,3,0.3250329792499542
24,11,1,0.0,0.0,0.18664873329301676,12,0.3665458858013153
24,14,0,0.0,0.0,0.26407086104154587,4,0.5244344472885132
24,15,0,0.0,0.0,0.18902366422116756,4,0.331576406955719
24,38,0,0.0,0.0,0.11052130162715912,1,0.11052130162715912
24,18,0,0.0,0.09243791550397873,0.16043263270209232,6,0.5106946229934692
24,35,0,0.0,0.0,0.15693993866443634,2,0.23703964054584503
24,30,0,0.0,0.0,0.2488671839237213,1,0.2488671839237213
24,32,0,0.0,0.0,0.05987196043133736,3,0.0881086140871048
24,29,0,0.0,0.0,0.014150664501357824,2,0.02649318426847458
24,31,0,0.0,0.0,0.04804918554145843,2,0.09425964951515198
24,47,0,0.0,0.0,0.06471777707338333,1,0.06471777707338333
24,41,0,0.0,0.0,0.04574463400058448,2,0.0847301185131073
24,42,0,0.0,0.0,0.08471418917179108,1,0.08471418917179108
25,22,0,2.087746663571796,1.0,1.0,156,1.0
25,48,0,0.0,0.0,0.5311201214790344,1,0.5311201214790344
25,49,0,0.0,0.0,0.5303062200546265,1,0.5303062200546265
25,1,0,0.0,0.0,0.5293113589286804,1,0.5293113589286804
25,27,0,0.0,0.0,0.3825093135237694,2,0.5289968848228455
25,21,0,0.962180224248508,0.49316900968551636,0.34670445873215794,125,0.5466527342796326
25,7,0,0.8910002089784977,0.4007730782032013,0.35655350372072236,106,0.7377253770828247
25,13,1,0.946800165046137,0.49317026138305664,0.3540839981339844,134,0.7096469402313232
25,19,0,0.90922942133026,0.4931623637676239,0.34669168367413167,131,0.5466375946998596
25,24,0,0.8833976575940202,0.40086039900779724,0.3374374033797772,109,0.5483644008636475
25,20,0,0.8375137857725486,0.40087053179740906,0.3639321638605533,117,0.5486897826194763
25,9,0,0.6642019854241287,0.4009068012237549,0.350343463547302,132,0.721806526184082
25,10,0,0.0,0.49313125014305115,0.3330513086563688,123,0.5487772226333618
25,23,0,0.0,0.0,0.3629306460521659,49,0.6120709180831909
25,8,0,0.0,0.4930592477321625,0.33358166312738774,93,0.5285553932189941
25,6,0,0.0,0.0,0.3272104997187853,75,0.5486850738525391
25,5,0,0.0,0.4008394777774811,0.34280268562047983,86,0.5719727873802185
25,0,0,0.0,0.4008518159389496,0.3463856258357947,52,0.5626494288444519
25,12,0,0.0,0.0,0.18281329174836478,12,0.3353216350078583
25,40,0,0.0,0.0,0.2073526491294615,16,0.35363054275512695
25,26,0,0.0,0.0,0.32784326936592134,57,0.5440101623535156
25,3,1,0.0,0.0,0.22631928883492947,9,0.5522598028182983
25,25,0,0.0,0.40087804198265076,0.323382280960043,123,0.5466135144233704
25,39,0,0.0,0.011298737488687038,0.11053223613028725,6,0.22259292006492615
25,16,0,0.0,0.0,0.22807019066942089,17,0.4104084074497223
25,36,0,0.0,0.0,0.08882521209307015,5,0.34607717394828796
25,37,0,0.0,0.0,0.07007024541962892,2,0.1382940411567688
25,43,0,0.0,0.0,0.18892700457945466,3,0.3321041762828827
25,2,0,0.0,0.40082231163978577,0.3363345413020364,54,0.5214826464653015
25,4,0,0.0,0.0,0.23464425355196,5,0.332098126411438
25,28,0,0.0,0.0,0.3002731032096423,26,0.5201427936553955
25,17,0,0.0,0.0,0.16430597752332687,3,0.3250329792499542
25,11,0,0.0,0.03623868525028229,0.18664873329301676,12,0.3665458858013153
25,14,0,0.0,0.016245046630501747,0.26407086104154587,4,0.5244344472885132
25,15,0,0.0,0.0,0.18902366422116756,4,0.331576406955719
25,38,0,0.0,0.0,0.11052130162715912,1,0.11052130162715912
25,18,0,0.0,0.0,0.16043263270209232,6,0.5106946229934692
25,35,0,0.0,0.0,0.15693993866443634,2,0.23703964054584503
25,30,0,0.0,0.0,0.2488671839237213,1,0.2488671839237213
25,32,0,0.0,0.0,0.05987196043133736,3,0.0881086140871048
25,29,0,0.0,0.0,0.014150664501357824,2,0.02649318426847458
25,31,0,0.0,0.0,0.04804918554145843,2,0.09425964951515198
25,47,0,0.0,0.0,0.06471777707338333,1,0.06471777707338333
25,41,0,0.0,0.0,0.04574463400058448,2,0.0847301185131073
25,42,0,0.0,0.0,0.08471418917179108,1,0.08471418917179108
26,22,0,2.087746663571796,1.0,1.0,156,1.0
26,48,0,0.0,0.0,0.5311201214790344,1,0.5311201214790344
26,49,0,0.0,0.0,0.5303062200546265,1,0.5303062200546265
26,1,0,0.0,0.0,0.5293113589286804,1,0.5293113589286804
26,27,0,0.0,0.0,0.3825093135237694,2,0.5289968848228455
26,21,0,0.962180224248508,0.3953399956226349,0.34670445873215794,125,0.5466527342796326
26,7,0,0.8910002089784977,0.4883524775505066,0.35655350372072236,106,0.7377253770828247
26,13,0,0.946800165046137,0.39536988735198975,0.3540839981339844,134,0.7096469402313232
26,19,0,0.90922942133026,0.39536795020103455,0.34669168367413167,131,0.5466375946998596
26,24,0,0.8833976575940202,0.3952573835849762,0.3374374033797772,109,0.5483644008636475
26,20,0,0.8375137857725486,0.3951488137245178,0.3639321638605533,117,0.5486897826194763
26,9,0,0.6642019854241287,0.3953017592430115,0.350343463547302,132,0.721806526184082
26,10,0,0.0,0.48843735456466675,0.3330513086563688,123,0.5487772226333618
26,23,0,0.0,0.48830661177635193,0.3629306460521659,49,0.6120709180831909
26,8,0,0.0,0.3951292932033539,0.33358166312738774,93,0.5285553932189941
26,6,0,0.0,0.0,0.3272104997187853,75,0.5486850738525391
26,5,0,0.0,0.3952343761920929,0.34280268562047983,86,0.5719727873802185
26,0,0,0.0,0.39524564146995544,0.3463856258357947,52,0.5626494288444519
26,12,0,0.0,0.0,0.18281329174836478,12,0.3353216350078583
26,40,0,0.0,0.06729742139577866,0.2073526491294615,16,0.35363054275512695
26,26,0,0.0,0.0,0.32784326936592134,57,0.5440101623535156
26,3,1,0.0,0.09297595173120499,0.22631928883492947,9,0.5522598028182983
26,25,0,0.0,0.4884527325630188,0.323382280960043,123,0.5466135144233704
26,39,0,0.0,0.0,0.11053223613028725,6,0.22259292006492615
26,16,0,0.0,0.06736284494400024,0.22807019066942089,17,0.4104084074497223
26,36,0,0.0,0.0,0.08882521209307015,5,0.34607717394828796
26,37,0,0.0,0.0,0.07007024541962892,2,0.1382940411567688
26,43,0,0.0,0.0,0.18892700457945466,3,0.3321041762828827
26,2,0,0.0,0.0,0.3363345413020364,54,0.5214826464653015
26,4,0,0.0,0.0,0.23464425355196,5,0.332098126411438
26,28,0,0.0,0.0,0.3002731032096423,26,0.5201427936553955
26,17,1,0.0,0.0,0.16430597752332687,3,0.3250329792499542
26,11,0,0.0,0.0,0.18664873329301676,12,0.3665458858013153
26,14,0,0.0,0.0,0.26407086104154587,4,0.5244344472885132
26,15,0,0.0,0.0,0.18902366422116756,4,0.331576406955719
26,38,0,0.0,0.0,0.11052130162715912,1,0.11052130162715912
26,18,0,0.0,0.0,0.16043263270209232,6,0.5106946229934692
26,35,0,0.0,0.0,0.15693993866443634,2,0.23703964054584503
26,30,0,0.0,0.0,0.2488671839237213,1,0.2488671839237213
26,32,0,0.0,0.06741328537464142,0.05987196043133736,3,0.0881086140871048
26,29,0,0.0,0.0,0.014150664501357824,2,0.02649318426847458
26,31,0,0.0,0.0,0.04804918554145843,2,0.09425964951515198
26,47,0,0.0,0.0,0.06471777707338333,1,0.06471777707338333
26,41,0,0.0,0.0,0.04574463400058448,2,0.0847301185131073
26,42,0,0.0,0.0,0.08471418917179108,1,0.08471418917179108
27,22,0,2.087746663571796,1.0,1.0,156,1.0
27,48,0,0.0,0.0,0.5311201214790344,1,0.5311201214790344
27,49,0,0.0,0.0,0.5303062200546265,1,0.5303062200546265
27,1,0,0.0,0.0,0.5293113589286804,1,0.5293113589286804
27,27,0,0.0,0.0,0.3825093135237694,2,0.5289968848228455
27,21,0,0.962180224248508,0.49158725142478943,0.34670445873215794,125,0.5466527342796326
27,7,0,0.8910002089784977,0.3986745774745941,0.35655350372072236,106,0.7377253770828247
27,13,0,0.946800165046137,0.491537868976593,0.3540839981339844,134,0.7096469402313232
27,19,0,0.90922942133026,0.49153268337249756,0.34669168367413167,131,0.5466375946998596
27,24,0,0.8833976575940202,0.3985462188720703,0.3374374033797772,109,0.5483644008636475
27,20,0,0.8375137857725486,0.0,0.3639321638605533,117,0.5486897826194763
27,9,0,0.6642019854241287,0.3985823392868042,0.350343463547302,132,0.721806526184082
27,10,0,0.0,0.3986298441886902,0.3330513086563688,123,0.5487772226333618
27,23,0,0.0,0.0,0.3629306460521659,49,0.6120709180831909
27,8,0,0.0,0.0,0.33358166312738774,93,0.5285553932189941
27,6,0,0.0,0.0,0.3272104997187853,75,0.5486850738525391
27,5,0,0.0,0.49117693305015564,0.34280268562047983,86,0.5719727873802185
27,0,0,0.0,0.0,0.3463856258357947,52,0.5626494288444519
27,12,0,0.0,0.0,0.18281329174836478,12,0.3353216350078583
27,40,0,0.0,0.0,0.2073526491294615,16,0.35363054275512695
27,26,0,0.0,0.39851880073547363,0.32784326936592134,57,0.5440101623535156
27,3,1,0.0,0.005337479058653116,0.22631928883492947,9,0.5522598028182983
27,25,0,0.0,0.4915585517883301,0.323382280960043,123,0.5466135144233704
27,39,0,0.0,0.0,0.11053223613028725,6,0.22259292006492615
27,16,0,0.0,0.0,0.22807019066942089,17,0.4104084074497223
27,36,0,0.0,0.0,0.08882521209307015,5,0.34607717394828796
27,37,0,0.0,0.0,0.07007024541962892,2,0.1382940411567688
27,43,0,0.0,0.0,0.18892700457945466,3,0.3321041762828827
27,2,0,0.0,0.0,0.3363345413020364,54,0.5214826464653015
27,4,0,0.0,0.0,0.23464425355196,5,0.332098126411438
27,28,0,0.0,0.3985142409801483,0.3002731032096423,26,0.5201427936553955
27,17,0,0.0,0.0,0.16430597752332687,3,0.3250329792499542
27,11,1,0.0,0.024065140634775162,0.18664873329301676,12,0.3665458858013153
27,14,0,0.0,0.0,0.26407086104154587,4,0.5244344472885132
27,15,0,0.0,0.0,0.18902366422116756,4,0.331576406955719
27,38,0,0.0,0.0,0.11052130162715912,1,0.11052130162715912
27,18,0,0.0,0.018558278679847717,0.16043263270209232,6,0.5106946229934692
27,35,0,0.0,0.0,0.15693993866443634,2,0.23703964054584503
27,30,0,0.0,0.0,0.2488671839237213,1,0.2488671839237213
27,32,0,0.0,0.017978360876441002,0.05987196043133736,3,0.0881086140871048
27,29,0,0.0,0.0,0.014150664501357824,2,0.02649318426847458
27,31,0,0.0,0.009334098547697067,0.04804918554145843,2,0.09425964951515198
27,47,0,0.0,0.0,0.06471777707338333,1,0.06471777707338333
27,41,0,0.0,0.0,0.04574463400058448,2,0.0847301185131073
27,42,0,0.0,0.0,0.08471418917179108,1,0.08471418917179108
28,22,0,2.087746663571796,1.0,1.0,156,1.0
28,48,0,0.0,0.0,0.5311201214790344,1,0.5311201214790344
28,49,0,0.0,0.0,0.5303062200546265,1,0.5303062200546265
28,1,0,0.0,0.0,0.5293113589286804,1,0.5293113589286804
28,27,0,0.0,0.0,0.3825093135237694,2,0.5289968848228455
28,21,0,0.962180224248508,0.47350558638572693,0.34670445873215794,125,0.5466527342796326
28,7,0,0.8910002089784977,0.37755781412124634,0.35655350372072236,106,0.7377253770828247
28,13,1,0.946800165046137,0.3772823214530945,0.3540839981339844,134,0.7096469402313232
28,19,0,0.90922942133026,0.3777633607387543,0.34669168367413167,131,0.5466375946998596
28,24,0,0.8833976575940202,0.3776451051235199,0.3374374033797772,109,0.5483644008636475
28,20,0,0.8375137857725486,0.37740540504455566,0.3639321638605533,117,0.5486897826194763
28,9,0,0.6642019854241287,0.3773803114891052,0.350343463547302,132,0.721806526184082
28,10,0,0.0,0.0008832162129692733,0.3330513086563688,123,0.5487772226333618
28,23,0,0.0,0.37772807478904724,0.3629306460521659,49,0.6120709180831909
28,8,0,0.0,0.37769845128059387,0.33358166312738774,93,0.5285553932189941
28,6,0,0.0,0.3777555227279663,0.3272104997187853,75,0.5486850738525391
28,5,0,0.0,0.0,0.34280268562047983,86,0.5719727873802185
28,0,0,0.0,0.0,0.3463856258357947,52,0.5626494288444519
28,12,0,0.0,0.0,0.18281329174836478,12,0.3353216350078583
28,40,0,0.0,0.0,0.2073526491294615,16,0.35363054275512695
28,26,0,0.0,0.4736628234386444,0.32784326936592134,57,0.5440101623535156
28,3,1,0.0,0.0,0.22631928883492947,9,0.5522598028182983
28,25,0,0.0,0.47354790568351746,0.323382280960043,123,0.5466135144233704
28,39,0,0.0,0.006014575716108084,0.11053223613028725,6,0.22259292006492615
28,16,0,0.0,0.0,0.22807019066942089,17,0.4104084074497223
28,36,0,0.0,0.0,0.08882521209307015,5,0.34607717394828796
28,37,0,0.0,0.0,0.07007024541962892,2,0.1382940411567688
28,43,0,0.0,0.0,0.18892700457945466,3,0.3321041762828827
28,2,0,0.0,0.0,0.3363345413020364,54,0.5214826464653015
28,4,0,0.0,0.0,0.23464425355196,5,0.332098126411438
28,28,0,0.0,0.0,0.3002731032096423,26,0.5201427936553955
28,17,0,0.0,0.0014631348894909024,0.16430597752332687,3,0.3250329792499542
28,11,0,0.0,0.007848306559026241,0.18664873329301676,12,0.3665458858013153
28,14,0,0.0,0.0,0.26407086104154587,4,0.5244344472885132
28,15,0,0.0,0.000115463204565458,0.18902366422116756,4,0.331576406955719
28,38,0,0.0,0.0,0.11052130162715912,1,0.11052130162715912
28,18,0,0.0,0.0,0.16043263270209232,6,0.5106946229934692
28,35,0,0.0,0.0,0.15693993866443634,2,0.23703964054584503
28,30,0,0.0,0.0,0.2488671839237213,1,0.2488671839237213
28,32,0,0.0,0.00593154039233923,0.05987196043133736,3,0.0881086140871048
28,29,0,0.0,0.0,0.014150664501357824,2,0.02649318426847458
28,31,0,0.0,0.0,0.04804918554145843,2,0.09425964951515198
28,47,0,0.0,0.0,0.06471777707338333,1,0.06471777707338333
28,41,0,0.0,0.0,0.04574463400058448,2,0.0847301185131073
28,42,0,0.0,0.0,0.08471418917179108,1,0.08471418917179108
29,22,0,2.087746663571796,1.0,1.0,156,1.0
29,48,0,0.0,0.0,0.5311201214790344,1,0.5311201214790344
29,49,0,0.0,0.0,0.5303062200546265,1,0.5303062200546265
29,1,0,0.0,0.0,0.5293113589286804,1,0.5293113589286804
29,27,0,0.0,0.0,0.3825093135237694,2,0.5289968848228455
29,21,0,0.962180224248508,0.4709233045578003,0.34670445873215794,125,0.5466527342796326
29,7,0,0.8910002089784977,0.0,0.35655350372072236,106,0.7377253770828247
29,13,0,0.946800165046137,0.4709264636039734,0.3540839981339844,134,0.7096469402313232
29,19,0,0.90922942133026,0.3746210038661957,0.34669168367413167,131,0.5466375946998596
29,24,0,0.8833976575940202,0.3741871416568756,0.3374374033797772,109,0.5483644008636475
29,20,0,0.8375137857725486,0.37420135736465454,0.3639321638605533,117,0.5486897826194763
29,9,0,0.6642019854241287,0.37424007058143616,0.350343463547302,132,0.721806526184082
29,10,0,0.0,0.47064366936683655,0.3330513086563688,123,0.5487772226333618
29,23,0,0.0,0.0,0.3629306460521659,49,0.6120709180831909
29,8,0,0.0,0.0,0.33358166312738774,93,0.5285553932189941
29,6,0,0.0,0.37418830394744873,0.3272104997187853,75,0.5486850738525391
29,5,0,0.0,0.0,0.34280268562047983,86,0.5719727873802185
29,0,0,0.0,0.0,0.3463856258357947,52,0.5626494288444519
29,12,0,0.0,0.0,0.18281329174836478,12,0.3353216350078583
29,40,0,0.0,0.0,0.2073526491294615,16,0.35363054275512695
29,26,0,0.0,0.47099146246910095,0.32784326936592134,57,0.5440101623535156
29,3,1,0.0,0.0,0.22631928883492947,9,0.5522598028182983
29,25,0,0.0,0.37418654561042786,0.323382280960043,123,0.5466135144233704
29,39,0,0.0,0.006971211172640324,0.11053223613028725,6,0.22259292006492615
29,16,0,0.0,0.0,0.22807019066942089,17,0.4104084074497223
29,36,0,0.0,0.0,0.08882521209307015,5,0.34607717394828796
29,37,0,0.0,0.0,0.07007024541962892,2,0.1382940411567688
29,43,0,0.0,0.0,0.18892700457945466,3,0.3321041762828827
29,2,0,0.0,0.47108978033065796,0.3363345413020364,54,0.5214826464653015
29,4,0,0.0,0.01854810304939747,0.23464425355196,5,0.332098126411438
29,28,0,0.0,0.0,0.3002731032096423,26,0.5201427936553955
29,17,0,0.0,6.350054900394753e-05,0.16430597752332687,3,0.3250329792499542
29,11,1,0.0,0.006589691154658794,0.18664873329301676,12,0.3665458858013153
29,14,0,0.0,0.0,0.26407086104154587,4,0.5244344472885132
29,15,0,0.0,0.0,0.18902366422116756,4,0.331576406955719
29,38,0,0.0,0.0,0.11052130162715912,1,0.11052130162715912
29,18,0,0.0,0.0,0.16043263270209232,6,0.5106946229934692
29,35,0,0.0,0.0,0.15693993866443634,2,0.23703964054584503
29,30,0,0.0,0.0,0.2488671839237213,1,0.2488671839237213
29,32,0,0.0,0.006783385761082172,0.05987196043133736,3,0.0881086140871048
29,29,0,0.0,0.0,0.014150664501357824,2,0.02649318426847458
29,31,0,0.0,0.0,0.04804918554145843,2,0.09425964951515198
29,47,0,0.0,0.0,0.06471777707338333,1,0.06471777707338333
29,41,0,0.0,0.0,0.04574463400058448,2,0.0847301185131073
29,42,0,0.0,0.0,0.08471418917179108,1,0.08471418917179108
30,22,0,2.087746663571796,1.0,1.0,156,1.0
30,48,0,0.0,0.0,0.5311201214790344,1,0.5311201214790344
30,49,0,0.0,0.0,0.5303062200546265,1,0.5303062200546265
30,1,0,0.0,0.0,0.5293113589286804,1,0.5293113589286804
30,27,0,0.0,0.0,0.3825093135237694,2,0.5289968848228455
30,21,0,0.962180224248508,0.045712411403656006,0.34670445873215794,125,0.5466527342796326
30,7,0,0.8910002089784977,0.045885372906923294,0.35655350372072236,106,0.7377253770828247
30,13,0,0.946800165046137,0.38811057806015015,0.3540839981339844,134,0.7096469402313232
30,19,0,0.90922942133026,0.28136470913887024,0.34669168367413167,131,0.5466375946998596
30,24,0,0.8833976575940202,0.28481626510620117,0.3374374033797772,109,0.5483644008636475
30,20,0,0.8375137857725486,0.0,0.3639321638605533,117,0.5486897826194763
30,9,0,0.6642019854241287,0.0,0.350343463547302,132,0.721806526184082
30,10,0,0.0,0.046038784086704254,0.3330513086563688,123,0.5487772226333618
30,23,0,0.0,0.04560043662786484,0.3629306460521659,49,0.6120709180831909
30,8,0,0.0,0.0,0.33358166312738774,93,0.5285553932189941
30,6,0,0.0,0.0,0.3272104997187853,75,0.5486850738525391
30,5,0,0.0,0.0,0.34280268562047983,86,0.5719727873802185
30,0,0,0.0,0.04552306607365608,0.3463856258357947,52,0.5626494288444519
30,12,0,0.0,0.08943237364292145,0.18281329174836478,12,0.3353216350078583
30,40,0,0.0,0.17978206276893616,0.2073526491294615,16,0.35363054275512695
30,26,0,0.0,0.045830320566892624,0.32784326936592134,57,0.5440101623535156
30,3,0,0.0,0.04969286173582077,0.22631928883492947,9,0.5522598028182983
30,25,0,0.0,0.0,0.323382280960043,123,0.5466135144233704
30,39,0,0.0,0.0,0.11053223613028725,6,0.22259292006492615
30,16,0,0.0,0.21602313220500946,0.22807019066942089,17,0.4104084074497223
30,36,0,0.0,0.0,0.08882521209307015,5,0.34607717394828796
30,37,0,0.0,0.0,0.07007024541962892,2,0.1382940411567688
30,43,0,0.0,0.0,0.18892700457945466,3,0.3321041762828827
30,2,0,0.0,0.04594096913933754,0.3363345413020364,54,0.5214826464653015
30,4,0,0.0,0.0,0.23464425355196,5,0.332098126411438
30,28,1,0.0,0.04556453973054886,0.3002731032096423,26,0.5201427936553955
30,17,0,0.0,0.0,0.16430597752332687,3,0.3250329792499542
30,11,0,0.0,0.26771095395088196,0.18664873329301676,12,0.3665458858013153
30,14,0,0.0,0.0,0.26407086104154587,4,0.5244344472885132
30,15,0,0.0,0.0,0.18902366422116756,4,0.331576406955719
30,38,0,0.0,0.0035686332266777754,0.11052130162715912,1,0.11052130162715912
30,18,0,0.0,0.0,0.16043263270209232,6,0.5106946229934692
30,35,0,0.0,0.025327757000923157,0.15693993866443634,2,0.23703964054584503
30,30,0,0.0,0.0,0.2488671839237213,1,0.2488671839237213
30,32,0,0.0,0.0,0.05987196043133736,3,0.0881086140871048
30,29,0,0.0,0.0,0.014150664501357824,2,0.02649318426847458
30,31,0,0.0,0.0,0.04804918554145843,2,0.09425964951515198
30,47,0,0.0,0.0,0.06471777707338333,1,0.06471777707338333
30,41,0,0.0,0.0,0.04574463400058448,2,0.0847301185131073
30,42,0,0.0,0.0,0.08471418917179108,1,0.08471418917179108
31,22,0,2.087746663571796,1.0,1.0,156,1.0
31,48,1,0.0,0.0,0.5311201214790344,1,0.5311201214790344
31,49,0,0.0,0.0,0.5303062200546265,1,0.5303062200546265
31,1,0,0.0,0.0,0.5293113589286804,1,0.5293113589286804
31,27,0,0.0,0.0,0.3825093135237694,2,0.5289968848228455
31,21,0,0.962180224248508,0.44811028242111206,0.34670445873215794,125,0.5466527342796326
31,7,0,0.8910002089784977,0.44802871346473694,0.35655350372072236,106,0.7377253770828247
31,13,0,0.946800165046137,0.44806599617004395,0.3540839981339844,134,0.7096469402313232
31,19,0,0.90922942133026,0.44797101616859436,0.34669168367413167,131,0.5466375946998596
31,24,0,0.8833976575940202,0.4480031728744507,0.3374374033797772,109,0.5483644008636475
31,20,0,0.8375137857725486,0.34754306077957153,0.3639321638605533,117,0.5486897826194763
31,9,0,0.6642019854241287,0.3475516736507416,0.350343463547302,132,0.721806526184082
31,10,0,0.0,0.4481448829174042,0.3330513086563688,123,0.5487772226333618
31,23,0,0.0,0.0,0.3629306460521659,49,0.6120709180831909
31,8,0,0.0,0.34755846858024597,0.33358166312738774,93,0.5285553932189941
31,6,0,0.0,0.3475857079029083,0.3272104997187853,75,0.5486850738525391
31,5,0,0.0,0.0,0.34280268562047983,86,0.5719727873802185
31,0,0,0.0,0.0,0.3463856258357947,52,0.5626494288444519
31,12,0,0.0,0.0,0.18281329174836478,12,0.3353216350078583
31,40,0,0.0,0.0,0.2073526491294615,16,0.35363054275512695
31,26,0,0.0,0.0,0.32784326936592134,57,0.5440101623535156
31,3,0,0.0,0.0,0.22631928883492947,9,0.5522598028182983
31,25,0,0.0,0.0,0.323382280960043,123,0.5466135144233704
31,39,0,0.0,0.0,0.11053223613028725,6,0.22259292006492615
31,16,0,0.0,0.0,0.22807019066942089,17,0.4104084074497223
31,36,0,0.0,0.0,0.08882521209307015,5,0.34607717394828796
31,37,0,0.0,0.0,0.07007024541962892,2,0.1382940411567688
31,43,0,0.0,0.0,0.18892700457945466,3,0.3321041762828827
31,2,0,0.0,0.44796615839004517,0.3363345413020364,54,0.5214826464653015
31,4,1,0.0,0.0001294508547289297,0.23464425355196,5,0.332098126411438
31,28,0,0.0,0.0,0.3002731032096423,26,0.5201427936553955
31,17,0,0.0,0.00018761545652523637,0.16430597752332687,3,0.3250329792499542
31,11,0,0.0,0.0,0.18664873329301676,12,0.3665458858013153
31,14,0,0.0,0.0,0.26407086104154587,4,0.5244344472885132
31,15,0,0.0,0.00014246776117943227,0.18902366422116756,4,0.331576406955719
31,38,0,0.0,0.0,0.11052130162715912,1,0.11052130162715912
31,18,0,0.0,0.0,0.16043263270209232,6,0.5106946229934692
31,35,0,0.0,0.0,0.15693993866443634,2,0.23703964054584503
31,30,0,0.0,0.0,0.2488671839237213,1,0.2488671839237213
31,32,0,0.0,0.0,0.05987196043133736,3,0.0881086140871048
31,29,0,0.0,0.0,0.014150664501357824,2,0.02649318426847458
31,31,0,0.0,0.0,0.04804918554145843,2,0.09425964951515198
31,47,0,0.0,0.0,0.06471777707338333,1,0.06471777707338333
31,41,0,0.0,0.0,0.04574463400058448,2,0.0847301185131073
31,42,0,0.0,0.0,0.08471418917179108,1,0.08471418917179108
32,22,0,2.087746663571796,1.0,1.0,156,1.0
32,48,0,0.0,0.0,0.5311201214790344,1,0.5311201214790344
32,49,0,0.0,0.0,0.5303062200546265,1,0.5303062200546265
32,1,0,0.0,0.0,0.5293113589286804,1,0.5293113589286804
32,27,0,0.0,0.0,0.3825093135237694,2,0.5289968848228455
32,21,0,0.962180224248508,0.14810261130332947,0.34670445873215794,125,0.5466527342796326
32,7,0,0.8910002089784977,0.1477319449186325,0.35655350372072236,106,0.7377253770828247
32,13,0,0.946800165046137,0.14764797687530518,0.3540839981339844,134,0.7096469402313232
32,19,0,0.90922942133026,0.14760679006576538,0.34669168367413167,131,0.5466375946998596
32,24,0,0.8833976575940202,0.35780829191207886,0.3374374033797772,109,0.5483644008636475
32,20,0,0.8375137857725486,0.3578132390975952,0.3639321638605533,117,0.5486897826194763
32,9,0,0.6642019854241287,0.14807549118995667,0.350343463547302,132,0.721806526184082
32,10,0,0.0,0.14765144884586334,0.3330513086563688,123,0.5487772226333618
32,23,0,0.0,0.1474735140800476,0.3629306460521659,49,0.6120709180831909
32,8,0,0.0,0.14753374457359314,0.33358166312738774,93,0.5285553932189941
32,6,0,0.0,0.0,0.3272104997187853,75,0.5486850738525391
32,5,0,0.0,0.0,0.34280268562047983,86,0.5719727873802185
32,0,0,0.0,0.14747382700443268,0.3463856258357947,52,0.5626494288444519
32,12,0,0.0,0.014871874824166298,0.18281329174836478,12,0.3353216350078583
32,40,0,0.0,0.0,0.2073526491294615,16,0.35363054275512695
32,26,0,0.0,0.1475266069173813,0.32784326936592134,57,0.5440101623535156
32,3,0,0.0,0.07166873663663864,0.22631928883492947,9,0.5522598028182983
32,25,0,0.0,0.14757521450519562,0.323382280960043,123,0.5466135144233704
32,39,0,0.0,0.0,0.11053223613028725,6,0.22259292006492615
32,16,0,0.0,0.34606629610061646,0.22807019066942089,17,0.4104084074497223
32,36,0,0.0,0.0,0.08882521209307015,5,0.34607717394828796
32,37,0,0.0,0.0,0.07007024541962892,2,0.1382940411567688
32,43,0,0.0,0.0,0.18892700457945466,3,0.3321041762828827
32,2,0,0.0,0.0,0.3363345413020364,54,0.5214826464653015
32,4,1,0.0,0.0,0.23464425355196,5,0.332098126411438
32,28,0,0.0,0.0,0.3002731032096423,26,0.5201427936553955
32,17,0,0.0,0.0,0.16430597752332687,3,0.3250329792499542
32,11,0,0.0,0.0,0.18664873329301676,12,0.3665458858013153
32,14,0,0.0,0.0,0.26407086104154587,4,0.5244344472885132
32,15,0,0.0,0.0,0.18902366422116756,4,0.331576406955719
32,38,0,0.0,0.07577038556337357,0.11052130162715912,1,0.11052130162715912
32,18,0,0.0,0.11001607030630112,0.16043263270209232,6,0.5106946229934692
32,35,0,0.0,0.0,0.15693993866443634,2,0.23703964054584503
32,30,0,0.0,0.0,0.2488671839237213,1,0.2488671839237213
32,32,0,0.0,0.0,0.05987196043133736,3,0.0881086140871048
32,29,0,0.0,0.0,0.014150664501357824,2,0.02649318426847458
32,31,0,0.0,0.0,0.04804918554145843,2,0.09425964951515198
32,47,0,0.0,0.0,0.06471777707338333,1,0.06471777707338333
32,41,0,0.0,0.0,0.04574463400058448,2,0.0847301185131073
32,42,0,0.0,0.11293226480484009,0.08471418917179108,1,0.08471418917179108
33,22,0,2.087746663571796,1.0,1.0,156,1.0
33,48,0,0.0,0.0,0.5311201214790344,1,0.5311201214790344
33,49,0,0.0,0.0,0.5303062200546265,1,0.5303062200546265
33,1,0,0.0,0.0,0.5293113589286804,1,0.5293113589286804
33,27,0,0.0,0.0,0.3825093135237694,2,0.5289968848228455
33,21,0,0.962180224248508,0.5214372277259827,0.34670445873215794,125,0.5466527342796326
33,7,0,0.8910002089784977,0.0,0.35655350372072236,106,0.7377253770828247
33,13,0,0.946800165046137,0.3815961480140686,0.3540839981339844,134,0.7096469402313232
33,19,0,0.90922942133026,0.38148412108421326,0.34669168367413167,131,0.5466375946998596
33,24,0,0.8833976575940202,0.0,0.3374374033797772,109,0.5483644008636475
33,20,0,0.8375137857725486,0.0,0.3639321638605533,117,0.5486897826194763
33,9,0,0.6642019854241287,0.5209843516349792,0.350343463547302,132,0.721806526184082
33,10,0,0.0,0.3816201090812683,0.3330513086563688,123,0.5487772226333618
33,23,0,0.0,0.3814450204372406,0.3629306460521659,49,0.6120709180831909
33,8,0,0.0,0.38147038221359253,0.33358166312738774,93,0.5285553932189941
33,6,0,0.0,0.0,0.3272104997187853,75,0.5486850738525391
33,5,0,0.0,0.5214356184005737,0.34280268562047983,86,0.5719727873802185
33,0,0,0.0,0.0,0.3463856258357947,52,0.5626494288444519
33,12,0,0.0,0.005217637401074171,0.18281329174836478,12,0.3353216350078583
33,40,1,0.0,0.0,0.2073526491294615,16,0.35363054275512695
33,26,0,0.0,0.5214075446128845,0.32784326936592134,57,0.5440101623535156
33,3,0,0.0,0.0,0.22631928883492947,9,0.5522598028182983
33,25,0,0.0,0.3817084729671478,0.323382280960043,123,0.5466135144233704
33,39,0,0.0,0.0,0.11053223613028725,6,0.22259292006492615
33,16,0,0.0,0.0,0.22807019066942089,17,0.4104084074497223
33,36,0,0.0,0.0,0.08882521209307015,5,0.34607717394828796
33,37,0,0.0,0.0,0.07007024541962892,2,0.1382940411567688
33,43,0,0.0,0.0,0.18892700457945466,3,0.3321041762828827
33,2,0,0.0,0.5214826464653015,0.3363345413020364,54,0.5214826464653015
33,4,0,0.0,0.0031371007207781076,0.23464425355196,5,0.332098126411438
33,28,0,0.0,0.0,0.3002731032096423,26,0.5201427936553955
33,17,0,0.0,0.002832830650731921,0.16430597752332687,3,0.3250329792499542
33,11,0,0.0,0.003018084215000272,0.18664873329301676,12,0.3665458858013153
33,14,0,0.0,0.0035902848467230797,0.26407086104154587,4,0.5244344472885132
33,15,0,0.0,0.0,0.18902366422116756,4,0.331576406955719
33,38,0,0.0,0.0,0.11052130162715912,1,0.11052130162715912
33,18,0,0.0,0.0,0.16043263270209232,6,0.5106946229934692
33,35,0,0.0,0.0,0.15693993866443634,2,0.23703964054584503
33,30,0,0.0,0.0,0.2488671839237213,1,0.2488671839237213
33,32,0,0.0,0.0,0.05987196043133736,3,0.0881086140871048
33,29,0,0.0,0.0,0.014150664501357824,2,0.02649318426847458
33,31,0,0.0,0.0,0.04804918554145843,2,0.09425964951515198
33,47,0,0.0,0.0,0.06471777707338333,1,0.06471777707338333
33,41,0,0.0,0.0,0.04574463400058448,2,0.0847301185131073
33,42,0,0.0,0.0,0.08471418917179108,1,0.08471418917179108
34,22,0,2.087746663571796,1.0,1.0,156,1.0
34,48,0,0.0,0.0,0.5311201214790344,1,0.5311201214790344
34,49,0,0.0,0.0,0.5303062200546265,1,0.5303062200546265
34,1,0,0.0,0.0,0.5293113589286804,1,0.5293113589286804
34,27,0,0.0,0.0,0.3825093135237694,2,0.5289968848228455
34,21,0,0.962180224248508,0.07389514893293381,0.34670445873215794,125,0.5466527342796326
34,7,0,0.8910002089784977,0.5185183882713318,0.35655350372072236,106,0.7377253770828247
34,13,0,0.946800165046137,0.3024637699127197,0.3540839981339844,134,0.7096469402313232
34,19,0,0.90922942133026,0.30249306559562683,0.34669168367413167,131,0.5466375946998596
34,24,0,0.8833976575940202,0.3024594485759735,0.3374374033797772,109,0.5483644008636475
34,20,0,0.8375137857725486,0.073995441198349,0.3639321638605533,117,0.5486897826194763
34,9,0,0.6642019854241287,0.07367581874132156,0.350343463547302,132,0.721806526184082
34,10,0,0.0,0.07394241541624069,0.3330513086563688,123,0.5487772226333618
34,23,0,0.0,0.30246058106422424,0.3629306460521659,49,0.6120709180831909
34,8,0,0.0,0.0,0.33358166312738774,93,0.5285553932189941
34,6,0,0.0,0.0,0.3272104997187853,75,0.5486850738525391
34,5,0,0.0,0.07443004846572876,0.34280268562047983,86,0.5719727873802185
34,0,0,0.0,0.07385703176259995,0.3463856258357947,52,0.5626494288444519
34,12,0,0.0,0.11469998955726624,0.18281329174836478,12,0.3353216350078583
34,40,1,0.0,0.19962014257907867,0.2073526491294615,16,0.35363054275512695
34,26,0,0.0,0.0,0.32784326936592134,57,0.5440101623535156
34,3,0,0.0,0.0,0.22631928883492947,9,0.5522598028182983
34,25,0,0.0,0.0,0.323382280960043,123,0.5466135144233704
34,39,0,0.0,0.0,0.11053223613028725,6,0.22259292006492615
34,16,0,0.0,0.04074845090508461,0.22807019066942089,17,0.4104084074497223
34,36,0,0.0,0.0,0.08882521209307015,5,0.34607717394828796
34,37,0,0.0,0.0,0.07007024541962892,2,0.1382940411567688
34,43,0,0.0,0.0,0.18892700457945466,3,0.3321041762828827
34,2,0,0.0,0.0,0.3363345413020364,54,0.5214826464653015
34,4,0,0.0,0.0,0.23464425355196,5,0.332098126411438
34,28,0,0.0,0.0,0.3002731032096423,26,0.5201427936553955
34,17,0,0.0,0.0,0.16430597752332687,3,0.3250329792499542
34,11,0,0.0,0.16326603293418884,0.18664873329301676,12,0.3665458858013153
34,14,0,0.0,0.003891200292855501,0.26407086104154587,4,0.5244344472885132
34,15,0,0.0,0.0,0.18902366422116756,4,0.331576406955719
34,38,0,0.0,0.0,0.11052130162715912,1,0.11052130162715912
34,18,0,0.0,0.0,0.16043263270209232,6,0.5106946229934692
34,35,0,0.0,0.0,0.15693993866443634,2,0.23703964054584503
34,30,0,0.0,0.0,0.2488671839237213,1,0.2488671839237213
34,32,0,0.0,0.0,0.05987196043133736,3,0.0881086140871048
34,29,0,0.0,0.0,0.014150664501357824,2,0.02649318426847458
34,31,0,0.0,0.0,0.04804918554145843,2,0.09425964951515198
34,47,0,0.0,0.0,0.06471777707338333,1,0.06471777707338333
34,41,0,0.0,0.0,0.04574463400058448,2,0.0847301185131073
34,42,0,0.0,0.0,0.08471418917179108,1,0.08471418917179108
35,22,0,2.087746663571796,1.0,1.0,156,1.0
35,48,0,0.0,0.0,0.5311201214790344,1,0.5311201214790344
35,49,0,0.0,0.0,0.5303062200546265,1,0.5303062200546265
35,1,0,0.0,0.030537955462932587,0.5293113589286804,1,0.5293113589286804
35,27,0,0.0,0.0,0.3825093135237694,2,0.5289968848228455
35,21,0,0.962180224248508,0.157914936542511,0.34670445873215794,125,0.5466527342796326
35,7,0,0.8910002089784977,0.1571362316608429,0.35655350372072236,106,0.7377253770828247
35,13,0,0.946800165046137,0.15725483000278473,0.3540839981339844,134,0.7096469402313232
35,19,0,0.90922942133026,0.15719428658485413,0.34669168367413167,131,0.5466375946998596
35,24,0,0.8833976575940202,0.0,0.3374374033797772,109,0.5483644008636475
35,20,0,0.8375137857725486,0.3652361035346985,0.3639321638605533,117,0.5486897826194763
35,9,0,0.6642019854241287,0.15757448971271515,0.350343463547302,132,0.721806526184082
35,10,0,0.0,0.15714873373508453,0.3330513086563688,123,0.5487772226333618
35,23,0,0.0,0.1570521593093872,0.3629306460521659,49,0.6120709180831909
35,8,0,0.0,0.0,0.33358166312738774,93,0.5285553932189941
35,6,0,0.0,0.1576371192932129,0.3272104997187853,75,0.5486850738525391
35,5,0,0.0,0.15816356241703033,0.34280268562047983,86,0.5719727873802185
35,0,0,0.0,0.15711592137813568,0.3463856258357947,52,0.5626494288444519
35,12,0,0.0,0.13929904997348785,0.18281329174836478,12,0.3353216350078583
35,40,1,0.0,0.35363054275512695,0.2073526491294615,16,0.35363054275512695
35,26,0,0.0,0.0,0.32784326936592134,57,0.5440101623535156
35,3,0,0.0,0.1184198185801506,0.22631928883492947,9,0.5522598028182983
35,25,0,0.0,0.15757428109645844,0.323382280960043,123,0.5466135144233704
35,39,0,0.0,0.0,0.11053223613028725,6,0.22259292006492615
35,16,0,0.0,0.1325477510690689,0.22807019066942089,17,0.4104084074497223
35,36,0,0.0,0.0,0.08882521209307015,5,0.34607717394828796
35,37,0,0.0,0.0,0.07007024541962892,2,0.1382940411567688
35,43,0,0.0,0.0,0.18892700457945466,3,0.3321041762828827
35,2,0,0.0,0.0,0.3363345413020364,54,0.5214826464653015
35,4,0,0.0,0.0,0.23464425355196,5,0.332098126411438
35,28,0,0.0,0.15763039886951447,0.3002731032096423,26,0.5201427936553955
35,17,0,0.0,0.0,0.16430597752332687,3,0.3250329792499542
35,11,0,0.0,0.11984202265739441,0.18664873329301676,12,0.3665458858013153
35,14,0,0.0,0.0,0.26407086104154587,4,0.5244344472885132
35,15,0,0.0,0.0,0.18902366422116756,4,0.331576406955719
35,38,0,0.0,0.0,0.11052130162715912,1,0.11052130162715912
35,18,0,0.0,0.05655942112207413,0.16043263270209232,6,0.5106946229934692
35,35,0,0.0,0.0,0.15693993866443634,2,0.23703964054584503
35,30,0,0.0,0.0,0.2488671839237213,1,0.2488671839237213
35,32,0,0.0,0.0,0.05987196043133736,3,0.0881086140871048
35,29,0,0.0,0.0,0.014150664501357824,2,0.02649318426847458
35,31,0,0.0,0.0,0.04804918554145843,2,0.09425964951515198
35,47,0,0.0,0.0,0.06471777707338333,1,0.06471777707338333
35,41,0,0.0,0.0,0.04574463400058448,2,0.0847301185131073
35,42,0,0.0,0.0,0.08471418917179108,1,0.08471418917179108
36,22,0,2.087746663571796,1.0,1.0,156,1.0
36,48,0,0.0,0.0,0.5311201214790344,1,0.5311201214790344
36,49,0,0.0,0.0,0.5303062200546265,1,0.5303062200546265
36,1,0,0.0,0.0,0.5293113589286804,1,0.5293113589286804
36,27,0,0.0,0.0,0.3825093135237694,2,0.5289968848228455
36,21,0,0.962180224248508,0.0,0.34670445873215794,125,0.5466527342796326
36,7,0,0.8910002089784977,0.07100533694028854,0.35655350372072236,106,0.7377253770828247
36,13,0,0.946800165046137,0.0706406906247139,0.3540839981339844,134,0.7096469402313232
36,19,0,0.90922942133026,0.07087890058755875,0.34669168367413167,131,0.5466375946998596
36,24,0,0.8833976575940202,0.0,0.3374374033797772,109,0.5483644008636475
36,20,0,0.8375137857725486,0.43971389532089233,0.3639321638605533,117,0.5486897826194763
36,9,0,0.6642019854241287,0.08761077374219894,0.350343463547302,132,0.721806526184082
36,10,0,0.0,0.07146474719047546,0.3330513086563688,123,0.5487772226333618
36,23,0,0.0,0.07103100419044495,0.3629306460521659,49,0.6120709180831909
36,8,0,0.0,0.5170080661773682,0.33358166312738774,93,0.5285553932189941
36,6,0,0.0,0.071073979139328,0.3272104997187853,75,0.5486850738525391
36,5,1,0.0,0.07158662378787994,0.34280268562047983,86,0.5719727873802185
36,0,0,0.0,0.0,0.3463856258357947,52,0.5626494288444519
36,12,0,0.0,0.020994894206523895,0.18281329174836478,12,0.3353216350078583
36,40,0,0.0,0.20460759103298187,0.2073526491294615,16,0.35363054275512695
36,26,0,0.0,0.07105142623186111,0.32784326936592134,57,0.5440101623535156
36,3,0,0.0,0.01392948068678379,0.22631928883492947,9,0.5522598028182983
36,25,0,0.0,0.07105397433042526,0.323382280960043,123,0.5466135144233704
36,39,0,0.0,0.0,0.11053223613028725,6,0.22259292006492615
36,16,0,0.0,0.0,0.22807019066942089,17,0.4104084074497223
36,36,0,0.0,0.0,0.08882521209307015,5,0.34607717394828796
36,37,0,0.0,0.0,0.07007024541962892,2,0.1382940411567688
36,43,0,0.0,0.0,0.18892700457945466,3,0.3321041762828827
36,2,0,0.0,0.07107105851173401,0.3363345413020364,54,0.5214826464653015
36,4,0,0.0,0.0,0.23464425355196,5,0.332098126411438
36,28,0,0.0,0.07112038135528564,0.3002731032096423,26,0.5201427936553955
36,17,0,0.0,0.0,0.16430597752332687,3,0.3250329792499542
36,11,0,0.0,0.0854162871837616,0.18664873329301676,12,0.3665458858013153
36,14,0,0.0,0.0,0.26407086104154587,4,0.5244344472885132
36,15,0,0.0,0.0,0.18902366422116756,4,0.331576406955719
36,38,0,0.0,0.0,0.11052130162715912,1,0.11052130162715912
36,18,0,0.0,0.03419758751988411,0.16043263270209232,6,0.5106946229934692
36,35,0,0.0,0.0,0.15693993866443634,2,0.23703964054584503
36,30,0,0.0,0.0,0.2488671839237213,1,0.2488671839237213
36,32,0,0.0,0.0,0.05987196043133736,3,0.0881086140871048
36,29,0,0.0,0.0,0.014150664501357824,2,0.02649318426847458
36,31,0,0.0,0.0,0.04804918554145843,2,0.09425964951515198
36,47,0,0.0,0.0,0.06471777707338333,1,0.06471777707338333
36,41,0,0.0,0.0,0.04574463400058448,2,0.0847301185131073
36,42,0,0.0,0.0,0.08471418917179108,1,0.08471418917179108
37,22,0,2.087746663571796,1.0,1.0,156,1.0
37,48,0,0.0,0.0,0.5311201214790344,1,0.5311201214790344
37,49,0,0.0,0.0,0.5303062200546265,1,0.5303062200546265
37,1,0,0.0,0.0,0.5293113589286804,1,0.5293113589286804
37,27,0,0.0,0.0,0.3825093135237694,2,0.5289968848228455
37,21,0,0.962180224248508,0.0005775135941803455,0.34670445873215794,125,0.5466527342796326
37,7,0,0.8910002089784977,0.4592302739620209,0.35655350372072236,106,0.7377253770828247
37,13,0,0.946800165046137,0.3051190972328186,0.3540839981339844,134,0.7096469402313232
37,19,0,0.90922942133026,0.2971579134464264,0.34669168367413167,131,0.5466375946998596
37,24,0,0.8833976575940202,0.0,0.3374374033797772,109,0.5483644008636475
37,20,0,0.8375137857725486,0.2818840742111206,0.3639321638605533,117,0.5486897826194763
37,9,0,0.6642019854241287,0.0001811214751796797,0.350343463547302,132,0.721806526184082
37,10,0,0.0,0.0007526304107159376,0.3330513086563688,123,0.5487772226333618
37,23,0,0.0,0.42005476355552673,0.3629306460521659,49,0.6120709180831909
37,8,0,0.0,0.0,0.33358166312738774,93,0.5285553932189941
37,6,0,0.0,0.0,0.3272104997187853,75,0.5486850738525391
37,5,1,0.0,0.0,0.34280268562047983,86,0.5719727873802185
37,0,0,0.0,0.30343297123908997,0.3463856258357947,52,0.5626494288444519
37,12,0,0.0,0.06262481212615967,0.18281329174836478,12,0.3353216350078583
37,40,0,0.0,0.07853171974420547,0.2073526491294615,16,0.35363054275512695
37,26,0,0.0,0.0,0.32784326936592134,57,0.5440101623535156
37,3,0,0.0,0.0,0.22631928883492947,9,0.5522598028182983
37,25,0,0.0,0.0006211804575286806,0.323382280960043,123,0.5466135144233704
37,39,0,0.0,0.0,0.11053223613028725,6,0.22259292006492615
37,16,0,0.0,0.0,0.22807019066942089,17,0.4104084074497223
37,36,0,0.0,0.0,0.08882521209307015,5,0.34607717394828796
37,37,0,0.0,0.0,0.07007024541962892,2,0.1382940411567688
37,43,0,0.0,0.23282131552696228,0.18892700457945466,3,0.3321041762828827
37,2,0,0.0,0.0,0.3363345413020364,54,0.5214826464653015
37,4,0,0.0,0.0,0.23464425355196,5,0.332098126411438
37,28,0,0.0,0.0,0.3002731032096423,26,0.5201427936553955
37,17,0,0.0,0.0,0.16430597752332687,3,0.3250329792499542
37,11,0,0.0,0.02904258668422699,0.18664873329301676,12,0.3665458858013153
37,14,0,0.0,0.0,0.26407086104154587,4,0.5244344472885132
37,15,0,0.0,0.0,0.18902366422116756,4,0.331576406955719
37,38,0,0.0,0.0,0.11052130162715912,1,0.11052130162715912
37,18,0,0.0,0.016848912462592125,0.16043263270209232,6,0.5106946229934692
37,35,0,0.0,0.0,0.15693993866443634,2,0.23703964054584503
37,30,0,0.0,0.0,0.2488671839237213,1,0.2488671839237213
37,32,0,0.0,0.0,0.05987196043133736,3,0.0881086140871048
37,29,0,0.0,0.0,0.014150664501357824,2,0.02649318426847458
37,31,0,0.0,0.0,0.04804918554145843,2,0.09425964951515198
37,47,0,0.0,0.0,0.06471777707338333,1,0.06471777707338333
37,41,0,0.0,0.0,0.04574463400058448,2,0.0847301185131073
37,42,0,0.0,0.0,0.08471418917179108,1,0.08471418917179108
38,22,0,2.087746663571796,1.0,1.0,156,1.0
38,48,0,0.0,0.0,0.5311201214790344,1,0.5311201214790344
38,49,0,0.0,0.0,0.5303062200546265,1,0.5303062200546265
38,1,0,0.0,0.0,0.5293113589286804,1,0.5293113589286804
38,27,0,0.0,0.0,0.3825093135237694,2,0.5289968848228455
38,21,0,0.962180224248508,0.5466527342796326,0.34670445873215794,125,0.5466527342796326
38,7,0,0.8910002089784977,0.0,0.35655350372072236,106,0.7377253770828247
38,13,0,0.946800165046137,0.5466594099998474,0.3540839981339844,134,0.7096469402313232
38,19,0,0.90922942133026,0.5466375946998596,0.34669168367413167,131,0.5466375946998596
38,24,0,0.8833976575940202,0.3651438057422638,0.3374374033797772,109,0.5483644008636475
38,20,0,0.8375137857725486,0.36536917090415955,0.3639321638605533,117,0.5486897826194763
38,9,0,0.6642019854241287,0.3652498126029968,0.350343463547302,132,0.721806526184082
38,10,0,0.0,0.0,0.3330513086563688,123,0.5487772226333618
38,23,0,0.0,0.3650869131088257,0.3629306460521659,49,0.6120709180831909
38,8,0,0.0,0.3651460111141205,0.33358166312738774,93,0.5285553932189941
38,6,1,0.0,0.5471642017364502,0.3272104997187853,75,0.5486850738525391
38,5,0,0.0,0.36521047353744507,0.34280268562047983,86,0.5719727873802185
38,0,0,0.0,0.5465450286865234,0.3463856258357947,52,0.5626494288444519
38,12,0,0.0,0.0,0.18281329174836478,12,0.3353216350078583
38,40,0,0.0,0.0,0.2073526491294615,16,0.35363054275512695
38,26,0,0.0,0.0,0.32784326936592134,57,0.5440101623535156
38,3,0,0.0,0.0025517090689390898,0.22631928883492947,9,0.5522598028182983
38,25,0,0.0,0.5466135144233704,0.323382280960043,123,0.5466135144233704
38,39,0,0.0,0.0,0.11053223613028725,6,0.22259292006492615
38,16,0,0.0,0.0,0.22807019066942089,17,0.4104084074497223
38,36,0,0.0,0.0,0.08882521209307015,5,0.34607717394828796
38,37,0,0.0,0.0,0.07007024541962892,2,0.1382940411567688
38,43,0,0.0,0.0,0.18892700457945466,3,0.3321041762828827
38,2,0,0.0,0.0,0.3363345413020364,54,0.5214826464653015
38,4,0,0.0,0.0027784614358097315,0.23464425355196,5,0.332098126411438
38,28,0,0.0,0.0,0.3002731032096423,26,0.5201427936553955
38,17,0,0.0,0.0,0.16430597752332687,3,0.3250329792499542
38,11,0,0.0,0.0,0.18664873329301676,12,0.3665458858013153
38,14,0,0.0,0.0,0.26407086104154587,4,0.5244344472885132
38,15,0,0.0,0.0022829268127679825,0.18902366422116756,4,0.331576406955719
38,38,0,0.0,0.0,0.11052130162715912,1,0.11052130162715912
38,18,0,0.0,0.0,0.16043263270209232,6,0.5106946229934692
38,35,0,0.0,0.0,0.15693993866443634,2,0.23703964054584503
38,30,0,0.0,0.0,0.2488671839237213,1,0.2488671839237213
38,32,0,0.0,0.0,0.05987196043133736,3,0.0881086140871048
38,29,0,0.0,0.0,0.014150664501357824,2,0.02649318426847458
38,31,0,0.0,0.0,0.04804918554145843,2,0.09425964951515198
38,47,0,0.0,0.0,0.06471777707338333,1,0.06471777707338333
38,41,0,0.0,0.0,0.04574463400058448,2,0.0847301185131073
38,42,0,0.0,0.0,0.08471418917179108,1,0.08471418917179108
39,22,0,2.087746663571796,1.0,1.0,156,1.0
39,48,0,0.0,0.0,0.5311201214790344,1,0.5311201214790344
39,49,0,0.0,0.0,0.5303062200546265,1,0.5303062200546265
39,1,0,0.0,0.0,0.5293113589286804,1,0.5293113589286804
39,27,0,0.0,0.0,0.3825093135237694,2,0.5289968848228455
39,21,0,0.962180224248508,0.3681049346923828,0.34670445873215794,125,0.5466527342796326
39,7,1,0.8910002089784977,0.7377253770828247,0.35655350372072236,106,0.7377253770828247
39,13,0,0.946800165046137,0.5490696430206299,0.3540839981339844,134,0.7096469402313232
39,19,0,0.90922942133026,0.36808711290359497,0.34669168367413167,131,0.5466375946998596
39,24,0,0.8833976575940202,0.36811402440071106,0.3374374033797772,109,0.5483644008636475
39,20,0,0.8375137857725486,0.5486897826194763,0.3639321638605533,117,0.5486897826194763
39,9,0,0.6642019854241287,0.3681400716304779,0.350343463547302,132,0.721806526184082
39,10,0,0.0,0.5487772226333618,0.3330513086563688,123,0.5487772226333618
39,23,0,0.0,0.0,0.3629306460521659,49,0.6120709180831909
39,8,0,0.0,0.36809423565864563,0.33358166312738774,93,0.5285553932189941
39,6,0,0.0,0.5486850738525391,0.3272104997187853,75,0.5486850738525391
39,5,0,0.0,0.0,0.34280268562047983,86,0.5719727873802185
39,0,0,0.0,0.0,0.3463856258357947,52,0.5626494288444519
39,12,0,0.0,0.0,0.18281329174836478,12,0.3353216350078583
39,40,0,0.0,0.0,0.2073526491294615,16,0.35363054275512695
39,26,0,0.0,0.36806008219718933,0.32784326936592134,57,0.5440101623535156
39,3,0,0.0,0.0,0.22631928883492947,9,0.5522598028182983
39,25,0,0.0,0.3681042790412903,0.323382280960043,123,0.5466135144233704
39,39,0,0.0,0.0003499093872960657,0.11053223613028725,6,0.22259292006492615
39,16,0,0.0,0.0,0.22807019066942089,17,0.4104084074497223
39,36,0,0.0,0.0,0.08882521209307015,5,0.34607717394828796
39,37,0,0.0,0.0,0.07007024541962892,2,0.1382940411567688
39,43,0,0.0,0.0,0.18892700457945466,3,0.3321041762828827
39,2,0,0.0,0.0,0.3363345413020364,54,0.5214826464653015
39,4,0,0.0,0.001315614557825029,0.23464425355196,5,0.332098126411438
39,28,0,0.0,0.3680356442928314,0.3002731032096423,26,0.5201427936553955
39,17,0,0.0,0.0,0.16430597752332687,3,0.3250329792499542
39,11,0,0.0,0.0,0.18664873329301676,12,0.3665458858013153
39,14,0,0.0,0.0013263440923765302,0.26407086104154587,4,0.5244344472885132
39,15,0,0.0,0.0,0.18902366422116756,4,0.331576406955719
39,38,0,0.0,0.0,0.11052130162715912,1,0.11052130162715912
39,18,0,0.0,0.0,0.16043263270209232,6,0.5106946229934692
39,35,0,0.0,0.0,0.15693993866443634,2,0.23703964054584503
39,30,0,0.0,0.0,0.2488671839237213,1,0.2488671839237213
39,32,0,0.0,0.0,0.05987196043133736,3,0.0881086140871048
39,29,0,0.0,0.0,0.014150664501357824,2,0.02649318426847458
39,31,0,0.0,0.0,0.04804918554145843,2,0.09425964951515198
39,47,0,0.0,0.0,0.06471777707338333,1,0.06471777707338333
39,41,0,0.0,0.0,0.04574463400058448,2,0.0847301185131073
39,42,0,0.0,0.0,0.08471418917179108,1,0.08471418917179108
40,22,0,2.087746663571796,1.0,1.0,156,1.0
40,48,0,0.0,0.0,0.5311201214790344,1,0.5311201214790344
40,49,0,0.0,0.0,0.5303062200546265,1,0.5303062200546265
40,1,0,0.0,0.0,0.5293113589286804,1,0.5293113589286804
40,27,0,0.0,0.08857601135969162,0.3825093135237694,2,0.5289968848228455
40,21,0,0.962180224248508,0.19430287182331085,0.34670445873215794,125,0.5466527342796326
40,7,1,0.8910002089784977,0.5811452865600586,0.35655350372072236,106,0.7377253770828247
40,13,0,0.946800165046137,0.1947689801454544,0.3540839981339844,134,0.7096469402313232
40,19,0,0.90922942133026,0.39350003004074097,0.34669168367413167,131,0.5466375946998596
40,24,0,0.8833976575940202,0.3936547338962555,0.3374374033797772,109,0.5483644008636475
40,20,0,0.8375137857725486,0.1942657232284546,0.3639321638605533,117,0.5486897826194763
40,9,0,0.6642019854241287,0.1943294256925583,0.350343463547302,132,0.721806526184082
40,10,0,0.0,0.19483742117881775,0.3330513086563688,123,0.5487772226333618
40,23,0,0.0,0.19420287013053894,0.3629306460521659,49,0.6120709180831909
40,8,0,0.0,0.19427375495433807,0.33358166312738774,93,0.5285553932189941
40,6,0,0.0,0.0,0.3272104997187853,75,0.5486850738525391
40,5,0,0.0,0.0,0.34280268562047983,86,0.5719727873802185
40,0,0,0.0,0.3930138051509857,0.3463856258357947,52,0.5626494288444519
40,12,0,0.0,0.04720733314752579,0.18281329174836478,12,0.3353216350078583
40,40,0,0.0,0.3134155869483948,0.2073526491294615,16,0.35363054275512695
40,26,0,0.0,0.0,0.32784326936592134,57,0.5440101623535156
40,3,0,0.0,0.0,0.22631928883492947,9,0.5522598028182983
40,25,0,0.0,0.19482149183750153,0.323382280960043,123,0.5466135144233704
40,39,0,0.0,0.0,0.11053223613028725,6,0.22259292006492615
40,16,0,0.0,0.0,0.22807019066942089,17,0.4104084074497223
40,36,0,0.0,0.0,0.08882521209307015,5,0.34607717394828796
40,37,0,0.0,0.0,0.07007024541962892,2,0.1382940411567688
40,43,0,0.0,0.0,0.18892700457945466,3,0.3321041762828827
40,2,0,0.0,0.0,0.3363345413020364,54,0.5214826464653015
40,4,0,0.0,0.0,0.23464425355196,5,0.332098126411438
40,28,0,0.0,0.19443577527999878,0.3002731032096423,26,0.5201427936553955
40,17,0,0.0,0.0,0.16430597752332687,3,0.3250329792499542
40,11,0,0.0,0.1548881232738495,0.18664873329301676,12,0.3665458858013153
40,14,0,0.0,0.0,0.26407086104154587,4,0.5244344472885132
40,15,0,0.0,0.0,0.18902366422116756,4,0.331576406955719
40,38,0,0.0,0.0,0.11052130162715912,1,0.11052130162715912
40,18,0,0.0,0.0,0.16043263270209232,6,0.5106946229934692
40,35,0,0.0,0.0,0.15693993866443634,2,0.23703964054584503
40,30,0,0.0,0.0,0.2488671839237213,1,0.2488671839237213
40,32,0,0.0,0.0,0.05987196043133736,3,0.0881086140871048
40,29,0,0.0,0.0,0.014150664501357824,2,0.02649318426847458
40,31,0,0.0,0.0,0.04804918554145843,2,0.09425964951515198
40,47,0,0.0,0.0,0.06471777707338333,1,0.06471777707338333
40,41,0,0.0,0.0,0.04574463400058448,2,0.0847301185131073
40,42,0,0.0,0.0,0.08471418917179108,1,0.08471418917179108
41,22,0,2.087746663571796,1.0,1.0,156,1.0
41,48,0,0.0,0.0,0.5311201214790344,1,0.5311201214790344
41,49,0,0.0,0.0,0.5303062200546265,1,0.5303062200546265
41,1,0,0.0,0.0,0.5293113589286804,1,0.5293113589286804
41,27,0,0.0,0.0,0.3825093135237694,2,0.5289968848228455
41,21,0,0.962180224248508,0.11523015052080154,0.34670445873215794,125,0.5466527342796326
41,7,1,0.8910002089784977,0.53959059715271,0.35655350372072236,106,0.7377253770828247
41,13,0,0.946800165046137,0.11462945491075516,0.3540839981339844,134,0.7096469402313232
41,19,0,0.90922942133026,0.33351463079452515,0.34669168367413167,131,0.5466375946998596
41,24,0,0.8833976575940202,0.1152958869934082,0.3374374033797772,109,0.5483644008636475
41,20,0,0.8375137857725486,0.11456216126680374,0.3639321638605533,117,0.5486897826194763
41,9,0,0.6642019854241287,0.3335694372653961,0.350343463547302,132,0.721806526184082
41,10,0,0.0,0.11523770540952682,0.3330513086563688,123,0.5487772226333618
41,23,0,0.0,0.0,0.3629306460521659,49,0.6120709180831909
41,8,0,0.0,0.3336723744869232,0.33358166312738774,93,0.5285553932189941
41,6,0,0.0,0.0,0.3272104997187853,75,0.5486850738525391
41,5,0,0.0,0.1156342402100563,0.34280268562047983,86,0.5719727873802185
41,0,0,0.0,0.11433644592761993,0.3463856258357947,52,0.5626494288444519
41,12,0,0.0,0.0,0.18281329174836478,12,0.3353216350078583
41,40,0,0.0,0.0,0.2073526491294615,16,0.35363054275512695
41,26,0,0.0,0.11522071063518524,0.32784326936592134,57,0.5440101623535156
41,3,0,0.0,0.0,0.22631928883492947,9,0.5522598028182983
41,25,0,0.0,0.11521980911493301,0.323382280960043,123,0.5466135144233704
41,39,0,0.0,0.0,0.11053223613028725,6,0.22259292006492615
41,16,0,0.0,0.10430974513292313,0.22807019066942089,17,0.4104084074497223
41,36,0,0.0,0.0,0.08882521209307015,5,0.34607717394828796
41,37,0,0.0,0.0,0.07007024541962892,2,0.1382940411567688
41,43,0,0.0,0.0,0.18892700457945466,3,0.3321041762828827
41,2,0,0.0,0.0,0.3363345413020364,54,0.5214826464653015
41,4,0,0.0,0.0,0.23464425355196,5,0.332098126411438
41,28,0,0.0,0.11512752622365952,0.3002731032096423,26,0.5201427936553955
41,17,0,0.0,0.0,0.16430597752332687,3,0.3250329792499542
41,11,0,0.0,0.07074400782585144,0.18664873329301676,12,0.3665458858013153
41,14,0,0.0,0.0,0.26407086104154587,4,0.5244344472885132
41,15,0,0.0,0.0,0.18902366422116756,4,0.331576406955719
41,38,0,0.0,0.0,0.11052130162715912,1,0.11052130162715912
41,18,0,0.0,0.09205897152423859,0.16043263270209232,6,0.5106946229934692
41,35,0,0.0,0.0,0.15693993866443634,2,0.23703964054584503
41,30,0,0.0,0.0,0.2488671839237213,1,0.2488671839237213
41,32,0,0.0,0.0,0.05987196043133736,3,0.0881086140871048
41,29,0,0.0,0.0,0.014150664501357824,2,0.02649318426847458
41,31,0,0.0,0.0,0.04804918554145843,2,0.09425964951515198
41,47,0,0.0,0.0,0.06471777707338333,1,0.06471777707338333
41,41,0,0.0,0.0,0.04574463400058448,2,0.0847301185131073
41,42,0,0.0,0.0,0.08471418917179108,1,0.08471418917179108
42,22,0,2.087746663571796,1.0,1.0,156,1.0
42,48,0,0.0,0.0,0.5311201214790344,1,0.5311201214790344
42,49,0,0.0,0.0,0.5303062200546265,1,0.5303062200546265
42,1,0,0.0,0.0,0.5293113589286804,1,0.5293113589286804
42,27,0,0.0,0.0,0.3825093135237694,2,0.5289968848228455
42,21,0,0.962180224248508,0.21307161450386047,0.34670445873215794,125,0.5466527342796326
42,7,1,0.8910002089784977,0.5908800363540649,0.35655350372072236,106,0.7377253770828247
42,13,0,0.946800165046137,0.4074617326259613,0.3540839981339844,134,0.7096469402313232
42,19,0,0.90922942133026,0.4070779085159302,0.34669168367413167,131,0.5466375946998596
42,24,0,0.8833976575940202,0.0,0.3374374033797772,109,0.5483644008636475
42,20,0,0.8375137857725486,0.0,0.3639321638605533,117,0.5486897826194763
42,9,0,0.6642019854241287,0.40752848982810974,0.350343463547302,132,0.721806526184082
42,10,0,0.0,0.21299795806407928,0.3330513086563688,123,0.5487772226333618
42,23,0,0.0,0.0,0.3629306460521659,49,0.6120709180831909
42,8,0,0.0,0.40702909231185913,0.33358166312738774,93,0.5285553932189941
42,6,0,0.0,0.0,0.3272104997187853,75,0.5486850738525391
42,5,0,0.0,0.21356625854969025,0.34280268562047983,86,0.5719727873802185
42,0,0,0.0,0.21272113919258118,0.3463856258357947,52,0.5626494288444519
42,12,0,0.0,0.13304348289966583,0.18281329174836478,12,0.3353216350078583
42,40,0,0.0,0.0,0.2073526491294615,16,0.35363054275512695
42,26,0,0.0,0.2129613757133484,0.32784326936592134,57,0.5440101623535156
42,3,0,0.0,0.0,0.22631928883492947,9,0.5522598028182983
42,25,0,0.0,0.21288251876831055,0.323382280960043,123,0.5466135144233704
42,39,0,0.0,0.0,0.11053223613028725,6,0.22259292006492615
42,16,0,0.0,0.0,0.22807019066942089,17,0.4104084074497223
42,36,0,0.0,0.0,0.08882521209307015,5,0.34607717394828796
42,37,0,0.0,0.0,0.07007024541962892,2,0.1382940411567688
42,43,0,0.0,0.0,0.18892700457945466,3,0.3321041762828827
42,2,0,0.0,0.0,0.3363345413020364,54,0.5214826464653015
42,4,0,0.0,0.0,0.23464425355196,5,0.332098126411438
42,28,0,0.0,0.21309764683246613,0.3002731032096423,26,0.5201427936553955
42,17,0,0.0,0.0,0.16430597752332687,3,0.3250329792499542
42,11,0,0.0,0.0,0.18664873329301676,12,0.3665458858013153
42,14,0,0.0,0.22263438999652863,0.26407086104154587,4,0.5244344472885132
42,15,0,0.0,0.0,0.18902366422116756,4,0.331576406955719
42,38,0,0.0,0.0,0.11052130162715912,1,0.11052130162715912
42,18,0,0.0,0.0203420240432024,0.16043263270209232,6,0.5106946229934692
42,35,0,0.0,0.0,0.15693993866443634,2,0.23703964054584503
42,30,0,0.0,0.0,0.2488671839237213,1,0.2488671839237213
42,32,0,0.0,0.0,0.05987196043133736,3,0.0881086140871048
42,29,0,0.0,0.0,0.014150664501357824,2,0.02649318426847458
42,31,0,0.0,0.0,0.04804918554145843,2,0.09425964951515198
42,47,0,0.0,0.04662270098924637,0.06471777707338333,1,0.06471777707338333
42,41,0,0.0,0.0,0.04574463400058448,2,0.0847301185131073
42,42,0,0.0,0.0,0.08471418917179108,1,0.08471418917179108
43,22,0,2.087746663571796,1.0,1.0,156,1.0
43,48,0,0.0,0.0,0.5311201214790344,1,0.5311201214790344
43,49,0,0.0,0.0,0.5303062200546265,1,0.5303062200546265
43,1,0,0.0,0.0,0.5293113589286804,1,0.5293113589286804
43,27,0,0.0,0.0,0.3825093135237694,2,0.5289968848228455
43,21,0,0.962180224248508,0.39933863282203674,0.34670445873215794,125,0.5466527342796326
43,7,0,0.8910002089784977,0.5719427466392517,0.35655350372072236,106,0.7377253770828247
43,13,0,0.946800165046137,0.15935692191123962,0.3540839981339844,134,0.7096469402313232
43,19,0,0.90922942133026,0.15900859236717224,0.34669168367413167,131,0.5466375946998596
43,24,0,0.8833976575940202,0.15892933309078217,0.3374374033797772,109,0.5483644008636475
43,20,0,0.8375137857725486,0.4501771628856659,0.3639321638605533,117,0.5486897826194763
43,9,0,0.6642019854241287,0.5719703435897827,0.350343463547302,132,0.721806526184082
43,10,0,0.0,0.15901854634284973,0.3330513086563688,123,0.5487772226333618
43,23,0,0.0,0.0,0.3629306460521659,49,0.6120709180831909
43,8,0,0.0,0.0,0.33358166312738774,93,0.5285553932189941
43,6,0,0.0,0.0,0.3272104997187853,75,0.5486850738525391
43,5,0,0.0,0.5719727873802185,0.34280268562047983,86,0.5719727873802185
43,0,0,0.0,0.15892431139945984,0.3463856258357947,52,0.5626494288444519
43,12,0,0.0,0.0,0.18281329174836478,12,0.3353216350078583
43,40,0,0.0,0.0,0.2073526491294615,16,0.35363054275512695
43,26,1,0.0,0.15890288352966309,0.32784326936592134,57,0.5440101623535156
43,3,0,0.0,0.0,0.22631928883492947,9,0.5522598028182983
43,25,0,0.0,0.15894339978694916,0.323382280960043,123,0.5466135144233704
43,39,0,0.0,0.0,0.11053223613028725,6,0.22259292006492615
43,16,0,0.0,0.4104084074497223,0.22807019066942089,17,0.4104084074497223
43,36,0,0.0,0.0,0.08882521209307015,5,0.34607717394828796
43,37,0,0.0,0.0,0.07007024541962892,2,0.1382940411567688
43,43,0,0.0,0.3321041762828827,0.18892700457945466,3,0.3321041762828827
43,2,0,0.0,0.0,0.3363345413020364,54,0.5214826464653015
43,4,0,0.0,0.332098126411438,0.23464425355196,5,0.332098126411438
43,28,0,0.0,0.0,0.3002731032096423,26,0.5201427936553955
43,17,0,0.0,0.0,0.16430597752332687,3,0.3250329792499542
43,11,0,0.0,0.0,0.18664873329301676,12,0.3665458858013153
43,14,0,0.0,0.0,0.26407086104154587,4,0.5244344472885132
43,15,0,0.0,0.331576406955719,0.18902366422116756,4,0.331576406955719
43,38,0,0.0,0.0,0.11052130162715912,1,0.11052130162715912
43,18,0,0.0,0.0,0.16043263270209232,6,0.5106946229934692
43,35,0,0.0,0.0,0.15693993866443634,2,0.23703964054584503
43,30,0,0.0,0.0,0.2488671839237213,1,0.2488671839237213
43,32,0,0.0,0.0,0.05987196043133736,3,0.0881086140871048
43,29,0,0.0,0.0,0.014150664501357824,2,0.02649318426847458
43,31,0,0.0,0.0,0.04804918554145843,2,0.09425964951515198
43,47,0,0.0,0.0,0.06471777707338333,1,0.06471777707338333
43,41,0,0.0,0.0,0.04574463400058448,2,0.0847301185131073
43,42,0,0.0,0.0,0.08471418917179108,1,0.08471418917179108
44,22,0,2.087746663571796,1.0,1.0,156,1.0
44,48,0,0.0,0.0,0.5311201214790344,1,0.5311201214790344
44,49,0,0.0,0.0,0.5303062200546265,1,0.5303062200546265
44,1,0,0.0,0.0,0.5293113589286804,1,0.5293113589286804
44,27,0,0.0,0.0,0.3825093135237694,2,0.5289968848228455
44,21,0,0.962180224248508,0.0,0.34670445873215794,125,0.5466527342796326
44,7,0,0.8910002089784977,0.3831956684589386,0.35655350372072236,106,0.7377253770828247
44,13,0,0.946800165046137,0.4781442880630493,0.3540839981339844,134,0.7096469402313232
44,19,0,0.90922942133026,0.3831575810909271,0.34669168367413167,131,0.5466375946998596
44,24,0,0.8833976575940202,0.0,0.3374374033797772,109,0.5483644008636475
44,20,0,0.8375137857725486,0.3832361698150635,0.3639321638605533,117,0.5486897826194763
44,9,0,0.6642019854241287,0.38315609097480774,0.350343463547302,132,0.721806526184082
44,10,0,0.0,0.0,0.3330513086563688,123,0.5487772226333618
44,23,0,0.0,0.38315680623054504,0.3629306460521659,49,0.6120709180831909
44,8,0,0.0,0.0,0.33358166312738774,93,0.5285553932189941
44,6,0,0.0,0.3831702172756195,0.3272104997187853,75,0.5486850738525391
44,5,0,0.0,0.3831698000431061,0.34280268562047983,86,0.5719727873802185
44,0,0,0.0,0.0,0.3463856258357947,52,0.5626494288444519
44,12,0,0.0,0.0,0.18281329174836478,12,0.3353216350078583
44,40,0,0.0,0.0,0.2073526491294615,16,0.35363054275512695
44,26,1,0.0,0.4785431921482086,0.32784326936592134,57,0.5440101623535156
44,3,0,0.0,0.0,0.22631928883492947,9,0.5522598028182983
44,25,0,0.0,0.3831886649131775,0.323382280960043,123,0.5466135144233704
44,39,0,0.0,0.0,0.11053223613028725,6,0.22259292006492615
44,16,0,0.0,0.0,0.22807019066942089,17,0.4104084074497223
44,36,0,0.0,2.8976101020816714e-05,0.08882521209307015,5,0.34607717394828796
44,37,0,0.0,7.859431207180023e-05,0.07007024541962892,2,0.1382940411567688
44,43,0,0.0,0.0,0.18892700457945466,3,0.3321041762828827
44,2,0,0.0,0.3831753134727478,0.3363345413020364,54,0.5214826464653015
44,4,0,0.0,0.0,0.23464425355196,5,0.332098126411438
44,28,0,0.0,0.000392607063986361,0.3002731032096423,26,0.5201427936553955
44,17,0,0.0,0.0,0.16430597752332687,3,0.3250329792499542
44,11,0,0.0,0.0,0.18664873329301676,12,0.3665458858013153
44,14,0,0.0,0.0,0.26407086104154587,4,0.5244344472885132
44,15,0,0.0,0.0,0.18902366422116756,4,0.331576406955719
44,38,0,0.0,4.20061451222864e-06,0.11052130162715912,1,0.11052130162715912
44,18,0,0.0,0.0,0.16043263270209232,6,0.5106946229934692
44,35,0,0.0,2.3604126909049228e-05,0.15693993866443634,2,0.23703964054584503
44,30,0,0.0,0.0,0.2488671839237213,1,0.2488671839237213
44,32,0,0.0,0.0,0.05987196043133736,3,0.0881086140871048
44,29,0,0.0,3.741625914699398e-05,0.014150664501357824,2,0.02649318426847458
44,31,0,0.0,0.0,0.04804918554145843,2,0.09425964951515198
44,47,0,0.0,0.0,0.06471777707338333,1,0.06471777707338333
44,41,0,0.0,0.0,0.04574463400058448,2,0.0847301185131073
44,42,0,0.0,5.771863925474463e-06,0.08471418917179108,1,0.08471418917179108
45,22,0,2.087746663571796,1.0,1.0,156,1.0
45,48,0,0.0,0.0,0.5311201214790344,1,0.5311201214790344
45,49,0,0.0,0.0,0.5303062200546265,1,0.5303062200546265
45,1,0,0.0,0.0,0.5293113589286804,1,0.5293113589286804
45,27,0,0.0,0.1107126921415329,0.3825093135237694,2,0.5289968848228455
45,21,0,0.962180224248508,0.15406960248947144,0.34670445873215794,125,0.5466527342796326
45,7,0,0.8910002089784977,0.0,0.35655350372072236,106,0.7377253770828247
45,13,0,0.946800165046137,0.15396000444889069,0.3540839981339844,134,0.7096469402313232
45,19,0,0.90922942133026,0.3724094033241272,0.34669168367413167,131,0.5466375946998596
45,24,0,0.8833976575940202,0.3626410663127899,0.3374374033797772,109,0.5483644008636475
45,20,0,0.8375137857725486,0.15392617881298065,0.3639321638605533,117,0.5486897826194763
45,9,0,0.6642019854241287,0.15446430444717407,0.350343463547302,132,0.721806526184082
45,10,0,0.0,0.15450024604797363,0.3330513086563688,123,0.5487772226333618
45,23,0,0.0,0.36332303285598755,0.3629306460521659,49,0.6120709180831909
45,8,0,0.0,0.0,0.33358166312738774,93,0.5285553932189941
45,6,0,0.0,0.15455152094364166,0.3272104997187853,75,0.5486850738525391
45,5,0,0.0,0.0,0.34280268562047983,86,0.5719727873802185
45,0,0,0.0,0.15468160808086395,0.3463856258357947,52,0.5626494288444519
45,12,0,0.0,0.029429655522108078,0.18281329174836478,12,0.3353216350078583
45,40,0,0.0,0.3363558351993561,0.2073526491294615,16,0.35363054275512695
45,26,1,0.0,0.15398971736431122,0.32784326936592134,57,0.5440101623535156
45,3,0,0.0,0.0,0.22631928883492947,9,0.5522598028182983
45,25,0,0.0,0.15459266304969788,0.323382280960043,123,0.5466135144233704
45,39,0,0.0,0.0,0.11053223613028725,6,0.22259292006492615
45,16,0,0.0,0.1857525110244751,0.22807019066942089,17,0.4104084074497223
45,36,0,0.0,0.0,0.08882521209307015,5,0.34607717394828796
45,37,0,0.0,0.0,0.07007024541962892,2,0.1382940411567688
45,43,0,0.0,0.0,0.18892700457945466,3,0.3321041762828827
45,2,0,0.0,0.0,0.3363345413020364,54,0.5214826464653015
45,4,0,0.0,0.0,0.23464425355196,5,0.332098126411438
45,28,0,0.0,0.0,0.3002731032096423,26,0.5201427936553955
45,17,0,0.0,0.0,0.16430597752332687,3,0.3250329792499542
45,11,0,0.0,0.34850072860717773,0.18664873329301676,12,0.3665458858013153
45,14,0,0.0,0.0,0.26407086104154587,4,0.5244344472885132
45,15,0,0.0,0.0,0.18902366422116756,4,0.331576406955719
45,38,0,0.0,0.0,0.11052130162715912,1,0.11052130162715912
45,18,0,0.0,0.0,0.16043263270209232,6,0.5106946229934692
45,35,0,0.0,0.0,0.15693993866443634,2,0.23703964054584503
45,30,0,0.0,0.0,0.2488671839237213,1,0.2488671839237213
45,32,0,0.0,0.0,0.05987196043133736,3,0.0881086140871048
45,29,0,0.0,0.0,0.014150664501357824,2,0.02649318426847458
45,31,0,0.0,0.0,0.04804918554145843,2,0.09425964951515198
45,47,0,0.0,0.11877364665269852,0.06471777707338333,1,0.06471777707338333
45,41,0,0.0,0.0,0.04574463400058448,2,0.0847301185131073
45,42,0,0.0,0.0,0.08471418917179108,1,0.08471418917179108
46,22,0,2.087746663571796,1.0,1.0,156,1.0
46,48,0,0.0,0.0,0.5311201214790344,1,0.5311201214790344
46,49,0,0.0,0.0,0.5303062200546265,1,0.5303062200546265
46,1,0,0.0,0.0,0.5293113589286804,1,0.5293113589286804
46,27,0,0.0,0.0,0.3825093135237694,2,0.5289968848228455
46,21,0,0.962180224248508,0.0,0.34670445873215794,125,0.5466527342796326
46,7,0,0.8910002089784977,0.4228436052799225,0.35655350372072236,106,0.7377253770828247
46,13,0,0.946800165046137,0.3448808491230011,0.3540839981339844,134,0.7096469402313232
46,19,0,0.90922942133026,0.0,0.34669168367413167,131,0.5466375946998596
46,24,0,0.8833976575940202,0.0,0.3374374033797772,109,0.5483644008636475
46,20,0,0.8375137857725486,0.00013640512770507485,0.3639321638605533,117,0.5486897826194763
46,9,0,0.6642019854241287,3.3876527595566586e-05,0.350343463547302,132,0.721806526184082
46,10,0,0.0,0.0,0.3330513086563688,123,0.5487772226333618
46,23,0,0.0,0.0002753438602667302,0.3629306460521659,49,0.6120709180831909
46,8,0,0.0,0.0,0.33358166312738774,93,0.5285553932189941
46,6,0,0.0,0.00017056771321222186,0.3272104997187853,75,0.5486850738525391
46,5,0,0.0,0.00014277997252065688,0.34280268562047983,86,0.5719727873802185
46,0,0,0.0,0.15197406709194183,0.3463856258357947,52,0.5626494288444519
46,12,0,0.0,0.07226059585809708,0.18281329174836478,12,0.3353216350078583
46,40,0,0.0,0.0,0.2073526491294615,16,0.35363054275512695
46,26,1,0.0,0.00010763664613477886,0.32784326936592134,57,0.5440101623535156
46,3,0,0.0,0.05642681568861008,0.22631928883492947,9,0.5522598028182983
46,25,0,0.0,6.799824768677354e-05,0.323382280960043,123,0.5466135144233704
46,39,0,0.0,0.0,0.11053223613028725,6,0.22259292006492615
46,16,0,0.0,0.2330310046672821,0.22807019066942089,17,0.4104084074497223
46,36,0,0.0,0.0,0.08882521209307015,5,0.34607717394828796
46,37,0,0.0,0.0,0.07007024541962892,2,0.1382940411567688
46,43,0,0.0,0.0,0.18892700457945466,3,0.3321041762828827
46,2,0,0.0,0.00020456683705560863,0.3363345413020364,54,0.5214826464653015
46,4,0,0.0,0.0,0.23464425355196,5,0.332098126411438
46,28,0,0.0,0.0,0.3002731032096423,26,0.5201427936553955
46,17,0,0.0,0.0,0.16430597752332687,3,0.3250329792499542
46,11,0,0.0,0.2012781947851181,0.18664873329301676,12,0.3665458858013153
46,14,0,0.0,0.19820454716682434,0.26407086104154587,4,0.5244344472885132
46,15,0,0.0,0.0,0.18902366422116756,4,0.331576406955719
46,38,0,0.0,0.11052130162715912,0.11052130162715912,1,0.11052130162715912
46,18,0,0.0,0.06588245183229446,0.16043263270209232,6,0.5106946229934692
46,35,0,0.0,0.0,0.15693993866443634,2,0.23703964054584503
46,30,0,0.0,0.0,0.2488671839237213,1,0.2488671839237213
46,32,0,0.0,0.0,0.05987196043133736,3,0.0881086140871048
46,29,0,0.0,0.0,0.014150664501357824,2,0.02649318426847458
46,31,0,0.0,0.0,0.04804918554145843,2,0.09425964951515198
46,47,0,0.0,0.06471777707338333,0.06471777707338333,1,0.06471777707338333
46,41,0,0.0,0.0,0.04574463400058448,2,0.0847301185131073
46,42,0,0.0,0.0,0.08471418917179108,1,0.08471418917179108
47,22,0,2.087746663571796,1.0,1.0,156,1.0
47,48,1,0.0,0.0,0.5311201214790344,1,0.5311201214790344
47,49,0,0.0,0.0,0.5303062200546265,1,0.5303062200546265
47,1,0,0.0,0.0,0.5293113589286804,1,0.5293113589286804
47,27,0,0.0,0.0,0.3825093135237694,2,0.5289968848228455
47,21,0,0.962180224248508,0.33531221747398376,0.34670445873215794,125,0.5466527342796326
47,7,0,0.8910002089784977,0.43762660026550293,0.35655350372072236,106,0.7377253770828247
47,13,0,0.946800165046137,0.0,0.3540839981339844,134,0.7096469402313232
47,19,0,0.90922942133026,0.33524951338768005,0.34669168367413167,131,0.5466375946998596
47,24,0,0.8833976575940202,0.0,0.3374374033797772,109,0.5483644008636475
47,20,0,0.8375137857725486,0.0,0.3639321638605533,117,0.5486897826194763
47,9,0,0.6642019854241287,0.43764039874076843,0.350343463547302,132,0.721806526184082
47,10,0,0.0,0.43799349665641785,0.3330513086563688,123,0.5487772226333618
47,23,0,0.0,0.3352850079536438,0.3629306460521659,49,0.6120709180831909
47,8,1,0.0,0.0,0.33358166312738774,93,0.5285553932189941
47,6,0,0.0,0.3353034257888794,0.3272104997187853,75,0.5486850738525391
47,5,0,0.0,0.4376339316368103,0.34280268562047983,86,0.5719727873802185
47,0,0,0.0,0.0,0.3463856258357947,52,0.5626494288444519
47,12,0,0.0,0.0,0.18281329174836478,12,0.3353216350078583
47,40,0,0.0,0.0,0.2073526491294615,16,0.35363054275512695
47,26,0,0.0,0.43766558170318604,0.32784326936592134,57,0.5440101623535156
47,3,0,0.0,0.00756503501906991,0.22631928883492947,9,0.5522598028182983
47,25,0,0.0,0.43765076994895935,0.323382280960043,123,0.5466135144233704
47,39,0,0.0,0.00010026954987552017,0.11053223613028725,6,0.22259292006492615
47,16,0,0.0,0.0,0.22807019066942089,17,0.4104084074497223
47,36,0,0.0,0.0,0.08882521209307015,5,0.34607717394828796
47,37,0,0.0,0.0,0.07007024541962892,2,0.1382940411567688
47,43,0,0.0,0.0,0.18892700457945466,3,0.3321041762828827
47,2,0,0.0,0.4376818835735321,0.3363345413020364,54,0.5214826464653015
47,4,0,0.0,8.247487130574882e-05,0.23464425355196,5,0.332098126411438
47,28,0,0.0,0.0,0.3002731032096423,26,0.5201427936553955
47,17,0,0.0,0.0,0.16430597752332687,3,0.3250329792499542
47,11,0,0.0,0.0,0.18664873329301676,12,0.3665458858013153
47,14,0,0.0,0.0,0.26407086104154587,4,0.5244344472885132
47,15,0,0.0,0.0,0.18902366422116756,4,0.331576406955719
47,38,0,0.0,0.0,0.11052130162715912,1,0.11052130162715912
47,18,0,0.0,0.0,0.16043263270209232,6,0.5106946229934692
47,35,0,0.0,0.0,0.15693993866443634,2,0.23703964054584503
47,30,0,0.0,0.0,0.2488671839237213,1,0.2488671839237213
47,32,0,0.0,0.0,0.05987196043133736,3,0.0881086140871048
47,29,0,0.0,0.0,0.014150664501357824,2,0.02649318426847458
47,31,0,0.0,0.0,0.04804918554145843,2,0.09425964951515198
47,47,0,0.0,0.0,0.06471777707338333,1,0.06471777707338333
47,41,0,0.0,0.0,0.04574463400058448,2,0.0847301185131073
47,42,0,0.0,0.0,0.08471418917179108,1,0.08471418917179108
48,22,0,2.087746663571796,1.0,1.0,156,1.0
48,48,0,0.0,0.0,0.5311201214790344,1,0.5311201214790344
48,49,0,0.0,0.0,0.5303062200546265,1,0.5303062200546265
48,1,0,0.0,0.0,0.5293113589286804,1,0.5293113589286804
48,27,0,0.0,0.0,0.3825093135237694,2,0.5289968848228455
48,21,0,0.962180224248508,0.0,0.34670445873215794,125,0.5466527342796326
48,7,0,0.8910002089784977,0.09419267624616623,0.35655350372072236,106,0.7377253770828247
48,13,0,0.946800165046137,0.31761637330055237,0.3540839981339844,134,0.7096469402313232
48,19,0,0.90922942133026,0.3176259994506836,0.34669168367413167,131,0.5466375946998596
48,24,0,0.8833976575940202,0.0,0.3374374033797772,109,0.5483644008636475
48,20,0,0.8375137857725486,0.3175904154777527,0.3639321638605533,117,0.5486897826194763
48,9,0,0.6642019854241287,0.09418746083974838,0.350343463547302,132,0.721806526184082
48,10,0,0.0,0.0942765548825264,0.3330513086563688,123,0.5487772226333618
48,23,0,0.0,0.3885802626609802,0.3629306460521659,49,0.6120709180831909
48,8,1,0.0,0.5285553932189941,0.33358166312738774,93,0.5285553932189941
48,6,0,0.0,0.09429322928190231,0.3272104997187853,75,0.5486850738525391
48,5,0,0.0,0.0,0.34280268562047983,86,0.5719727873802185
48,0,0,0.0,0.0,0.3463856258357947,52,0.5626494288444519
48,12,0,0.0,0.08931180834770203,0.18281329174836478,12,0.3353216350078583
48,40,0,0.0,0.27083054184913635,0.2073526491294615,16,0.35363054275512695
48,26,0,0.0,0.09424970299005508,0.32784326936592134,57,0.5440101623535156
48,3,0,0.0,0.0,0.22631928883492947,9,0.5522598028182983
48,25,0,0.0,0.0,0.323382280960043,123,0.5466135144233704
48,39,0,0.0,0.0,0.11053223613028725,6,0.22259292006492615
48,16,0,0.0,0.0,0.22807019066942089,17,0.4104084074497223
48,36,0,0.0,0.0,0.08882521209307015,5,0.34607717394828796
48,37,0,0.0,0.0,0.07007024541962892,2,0.1382940411567688
48,43,0,0.0,0.0,0.18892700457945466,3,0.3321041762828827
48,2,0,0.0,0.0942574292421341,0.3363345413020364,54,0.5214826464653015
48,4,0,0.0,0.0,0.23464425355196,5,0.332098126411438
48,28,0,0.0,0.0,0.3002731032096423,26,0.5201427936553955
48,17,0,0.0,0.0,0.16430597752332687,3,0.3250329792499542
48,11,0,0.0,0.03216150030493736,0.18664873329301676,12,0.3665458858013153
48,14,0,0.0,0.0,0.26407086104154587,4,0.5244344472885132
48,15,0,0.0,0.0,0.18902366422116756,4,0.331576406955719
48,38,0,0.0,0.0,0.11052130162715912,1,0.11052130162715912
48,18,0,0.0,0.1779254972934723,0.16043263270209232,6,0.5106946229934692
48,35,0,0.0,0.0,0.15693993866443634,2,0.23703964054584503
48,30,0,0.0,0.0,0.2488671839237213,1,0.2488671839237213
48,32,0,0.0,0.0,0.05987196043133736,3,0.0881086140871048
48,29,0,0.0,0.0,0.014150664501357824,2,0.02649318426847458
48,31,0,0.0,0.09425964951515198,0.04804918554145843,2,0.09425964951515198
48,47,0,0.0,0.0,0.06471777707338333,1,0.06471777707338333
48,41,0,0.0,0.0,0.04574463400058448,2,0.0847301185131073
48,42,0,0.0,0.0,0.08471418917179108,1,0.08471418917179108
49,22,0,2.087746663571796,1.0,1.0,156,1.0
49,48,1,0.0,0.0,0.5311201214790344,1,0.5311201214790344
49,49,0,0.0,0.0,0.5303062200546265,1,0.5303062200546265
49,1,0,0.0,0.0,0.5293113589286804,1,0.5293113589286804
49,27,0,0.0,0.0,0.3825093135237694,2,0.5289968848228455
49,21,0,0.962180224248508,0.5001637935638428,0.34670445873215794,125,0.5466527342796326
49,7,0,0.8910002089784977,0.40910807251930237,0.35655350372072236,106,0.7377253770828247
49,13,0,0.946800165046137,0.4090888202190399,0.3540839981339844,134,0.7096469402313232
49,19,0,0.90922942133026,0.5000832676887512,0.34669168367413167,131,0.5466375946998596
49,24,0,0.8833976575940202,0.409111350774765,0.3374374033797772,109,0.5483644008636475
49,20,0,0.8375137857725486,0.4091327488422394,0.3639321638605533,117,0.5486897826194763
49,9,1,0.6642019854241287,0.0,0.350343463547302,132,0.721806526184082
49,10,0,0.0,0.5001384019851685,0.3330513086563688,123,0.5487772226333618
49,23,0,0.0,0.0,0.3629306460521659,49,0.6120709180831909
49,8,0,0.0,0.0,0.33358166312738774,93,0.5285553932189941
49,6,0,0.0,0.40908923745155334,0.3272104997187853,75,0.5486850738525391
49,5,0,0.0,0.40908822417259216,0.34280268562047983,86,0.5719727873802185
49,0,0,0.0,0.40909937024116516,0.3463856258357947,52,0.5626494288444519
49,12,0,0.0,0.0005424818373285234,0.18281329174836478,12,0.3353216350078583
49,40,0,0.0,6.359100370900705e-05,0.2073526491294615,16,0.35363054275512695
49,26,0,0.0,0.0,0.32784326936592134,57,0.5440101623535156
49,3,0,0.0,0.0001357339060632512,0.22631928883492947,9,0.5522598028182983
49,25,0,0.0,0.5001736879348755,0.323382280960043,123,0.5466135144233704
49,39,0,0.0,0.0,0.11053223613028725,6,0.22259292006492615
49,16,0,0.0,0.0,0.22807019066942089,17,0.4104084074497223
49,36,0,0.0,0.0,0.08882521209307015,5,0.34607717394828796
49,37,0,0.0,0.0,0.07007024541962892,2,0.1382940411567688
49,43,0,0.0,0.0,0.18892700457945466,3,0.3321041762828827
49,2,0,0.0,0.0,0.3363345413020364,54,0.5214826464653015
49,4,0,0.0,0.0,0.23464425355196,5,0.332098126411438
49,28,0,0.0,0.0,0.3002731032096423,26,0.5201427936553955
49,17,0,0.0,6.195506284711882e-05,0.16430597752332687,3,0.3250329792499542
49,11,0,0.0,0.0,0.18664873329301676,12,0.3665458858013153
49,14,0,0.0,5.9358568250900134e-05,0.26407086104154587,4,0.5244344472885132
49,15,0,0.0,8.380494546145201e-05,0.18902366422116756,4,0.331576406955719
49,38,0,0.0,0.0,0.11052130162715912,1,0.11052130162715912
49,18,0,0.0,0.0,0.16043263270209232,6,0.5106946229934692
49,35,0,0.0,0.0,0.15693993866443634,2,0.23703964054584503
49,30,0,0.0,0.0,0.2488671839237213,1,0.2488671839237213
49,32,0,0.0,0.0,0.05987196043133736,3,0.0881086140871048
49,29,0,0.0,0.0,0.014150664501357824,2,0.02649318426847458
49,31,0,0.0,0.0,0.04804918554145843,2,0.09425964951515198
49,47,0,0.0,0.0,0.06471777707338333,1,0.06471777707338333
49,41,0,0.0,0.0,0.04574463400058448,2,0.0847301185131073
49,42,0,0.0,0.0,0.08471418917179108,1,0.08471418917179108
50,22,0,2.087746663571796,1.0,1.0,156,1.0
50,48,1,0.0,0.0,0.5311201214790344,1,0.5311201214790344
50,49,0,0.0,0.0,0.5303062200546265,1,0.5303062200546265
50,1,0,0.0,0.0,0.5293113589286804,1,0.5293113589286804
50,27,0,0.0,0.0,0.3825093135237694,2,0.5289968848228455
50,21,0,0.962180224248508,0.4918898642063141,0.34670445873215794,125,0.5466527342796326
50,7,0,0.8910002089784977,0.49187180399894714,0.35655350372072236,106,0.7377253770828247
50,13,0,0.946800165046137,0.39937934279441833,0.3540839981339844,134,0.7096469402313232
50,19,0,0.90922942133026,0.39904719591140747,0.34669168367413167,131,0.5466375946998596
50,24,0,0.8833976575940202,0.49185243248939514,0.3374374033797772,109,0.5483644008636475
50,20,0,0.8375137857725486,0.39901167154312134,0.3639321638605533,117,0.5486897826194763
50,9,1,0.6642019854241287,0.49214065074920654,0.350343463547302,132,0.721806526184082
50,10,0,0.0,0.3990728259086609,0.3330513086563688,123,0.5487772226333618
50,23,0,0.0,0.0,0.3629306460521659,49,0.6120709180831909
50,8,0,0.0,0.0,0.33358166312738774,93,0.5285553932189941
50,6,0,0.0,0.0,0.3272104997187853,75,0.5486850738525391
50,5,0,0.0,0.0,0.34280268562047983,86,0.5719727873802185
50,0,0,0.0,0.39897701144218445,0.3463856258357947,52,0.5626494288444519
50,12,0,0.0,0.0,0.18281329174836478,12,0.3353216350078583
50,40,0,0.0,0.0,0.2073526491294615,16,0.35363054275512695
50,26,0,0.0,0.0,0.32784326936592134,57,0.5440101623535156
50,3,0,0.0,0.0,0.22631928883492947,9,0.5522598028182983
50,25,0,0.0,0.3990015685558319,0.323382280960043,123,0.5466135144233704
50,39,0,0.0,0.0,0.11053223613028725,6,0.22259292006492615
50,16,0,0.0,0.0,0.22807019066942089,17,0.4104084074497223
50,36,0,0.0,0.0005738954059779644,0.08882521209307015,5,0.34607717394828796
50,37,0,0.0,0.0006159704644232988,0.07007024541962892,2,0.1382940411567688
50,43,0,0.0,0.0,0.18892700457945466,3,0.3321041762828827
50,2,0,0.0,0.4919114410877228,0.3363345413020364,54,0.5214826464653015
50,4,0,0.0,0.0,0.23464425355196,5,0.332098126411438
50,28,0,0.0,0.0,0.3002731032096423,26,0.5201427936553955
50,17,0,0.0,0.0,0.16430597752332687,3,0.3250329792499542
50,11,0,0.0,0.0,0.18664873329301676,12,0.3665458858013153
50,14,0,0.0,0.0,0.26407086104154587,4,0.5244344472885132
50,15,0,0.0,0.0,0.18902366422116756,4,0.331576406955719
50,38,0,0.0,0.0,0.11052130162715912,1,0.11052130162715912
50,18,0,0.0,0.0,0.16043263270209232,6,0.5106946229934692
50,35,0,0.0,0.0,0.15693993866443634,2,0.23703964054584503
50,30,0,0.0,0.0,0.2488671839237213,1,0.2488671839237213
50,32,0,0.0,0.000547451782040298,0.05987196043133736,3,0.0881086140871048
50,29,0,0.0,0.0005828035064041615,0.014150664501357824,2,0.02649318426847458
50,31,0,0.0,0.0,0.04804918554145843,2,0.09425964951515198
50,47,0,0.0,0.0,0.06471777707338333,1,0.06471777707338333
50,41,0,0.0,0.0005424618138931692,0.04574463400058448,2,0.0847301185131073
50,42,0,0.0,0.0,0.08471418917179108,1,0.08471418917179108
51,22,0,2.087746663571796,1.0,1.0,156,1.0
51,48,0,0.0,0.0,0.5311201214790344,1,0.5311201214790344
51,49,0,0.0,0.0,0.5303062200546265,1,0.5303062200546265
51,1,0,0.0,0.0,0.5293113589286804,1,0.5293113589286804
51,27,0,0.0,0.0,0.3825093135237694,2,0.5289968848228455
51,21,0,0.962180224248508,0.5173755288124084,0.34670445873215794,125,0.5466527342796326
51,7,0,0.8910002089784977,0.37672391533851624,0.35655350372072236,106,0.7377253770828247
51,13,0,0.946800165046137,0.37672725319862366,0.3540839981339844,134,0.7096469402313232
51,19,0,0.90922942133026,0.376924067735672,0.34669168367413167,131,0.5466375946998596
51,24,0,0.8833976575940202,0.37667879462242126,0.3374374033797772,109,0.5483644008636475
51,20,0,0.8375137857725486,0.5176301598548889,0.3639321638605533,117,0.5486897826194763
51,9,1,0.6642019854241287,0.5176007747650146,0.350343463547302,132,0.721806526184082
51,10,0,0.0,0.37673407793045044,0.3330513086563688,123,0.5487772226333618
51,23,0,0.0,0.0,0.3629306460521659,49,0.6120709180831909
51,8,0,0.0,0.0,0.33358166312738774,93,0.5285553932189941
51,6,0,0.0,0.0,0.3272104997187853,75,0.5486850738525391
51,5,0,0.0,0.5175759792327881,0.34280268562047983,86,0.5719727873802185
51,0,0,0.0,0.0,0.3463856258357947,52,0.5626494288444519
51,12,0,0.0,0.0,0.18281329174836478,12,0.3353216350078583
51,40,0,0.0,0.0,0.2073526491294615,16,0.35363054275512695
51,26,0,0.0,0.0,0.32784326936592134,57,0.5440101623535156
51,3,0,0.0,0.0,0.22631928883492947,9,0.5522598028182983
51,25,0,0.0,0.37677717208862305,0.323382280960043,123,0.5466135144233704
51,39,0,0.0,0.00018334912601858377,0.11053223613028725,6,0.22259292006492615
51,16,0,0.0,0.0,0.22807019066942089,17,0.4104084074497223
51,36,0,0.0,0.007604872342199087,0.08882521209307015,5,0.34607717394828796
51,37,0,0.0,0.0,0.07007024541962892,2,0.1382940411567688
51,43,0,0.0,0.0,0.18892700457945466,3,0.3321041762828827
51,2,0,0.0,0.37666675448417664,0.3363345413020364,54,0.5214826464653015
51,4,0,0.0,0.0,0.23464425355196,5,0.332098126411438
51,28,0,0.0,0.0,0.3002731032096423,26,0.5201427936553955
51,17,0,0.0,0.0,0.16430597752332687,3,0.3250329792499542
51,11,0,0.0,0.0,0.18664873329301676,12,0.3665458858013153
51,14,0,0.0,0.0,0.26407086104154587,4,0.5244344472885132
51,15,0,0.0,0.0,0.18902366422116756,4,0.331576406955719
51,38,0,0.0,0.0,0.11052130162715912,1,0.11052130162715912
51,18,0,0.0,0.0,0.16043263270209232,6,0.5106946229934692
51,35,0,0.0,0.0,0.15693993866443634,2,0.23703964054584503
51,30,0,0.0,0.0,0.2488671839237213,1,0.2488671839237213
51,32,0,0.0,0.001967447344213724,0.05987196043133736,3,0.0881086140871048
51,29,0,0.0,0.0019269643817096949,0.014150664501357824,2,0.02649318426847458
51,31,0,0.0,0.0,0.04804918554145843,2,0.09425964951515198
51,47,0,0.0,0.0,0.06471777707338333,1,0.06471777707338333
51,41,0,0.0,0.001975398976355791,0.04574463400058448,2,0.0847301185131073
51,42,0,0.0,0.0,0.08471418917179108,1,0.08471418917179108
52,22,0,2.087746663571796,1.0,1.0,156,1.0
52,48,0,0.0,0.0,0.5311201214790344,1,0.5311201214790344
52,49,0,0.0,0.0,0.5303062200546265,1,0.5303062200546265
52,1,0,0.0,0.0,0.5293113589286804,1,0.5293113589286804
52,27,0,0.0,0.0,0.3825093135237694,2,0.5289968848228455
52,21,0,0.962180224248508,0.3831232488155365,0.34670445873215794,125,0.5466527342796326
52,7,0,0.8910002089784977,0.38305050134658813,0.35655350372072236,106,0.7377253770828247
52,13,0,0.946800165046137,0.3831198811531067,0.3540839981339844,134,0.7096469402313232
52,19,0,0.90922942133026,0.5222066044807434,0.34669168367413167,131,0.5466375946998596
52,24,0,0.8833976575940202,0.38306862115859985,0.3374374033797772,109,0.5483644008636475
52,20,0,0.8375137857725486,0.5221767425537109,0.3639321638605533,117,0.5486897826194763
52,9,1,0.6642019854241287,0.3834696412086487,0.350343463547302,132,0.721806526184082
52,10,0,0.0,0.383150190114975,0.3330513086563688,123,0.5487772226333618
52,23,0,0.0,0.0,0.3629306460521659,49,0.6120709180831909
52,8,0,0.0,0.0,0.33358166312738774,93,0.5285553932189941
52,6,0,0.0,0.38302090764045715,0.3272104997187853,75,0.5486850738525391
52,5,0,0.0,0.5221823453903198,0.34280268562047983,86,0.5719727873802185
52,0,0,0.0,0.0,0.3463856258357947,52,0.5626494288444519
52,12,0,0.0,0.0,0.18281329174836478,12,0.3353216350078583
52,40,0,0.0,0.00017733463027980179,0.2073526491294615,16,0.35363054275512695
52,26,0,0.0,0.0,0.32784326936592134,57,0.5440101623535156
52,3,0,0.0,0.0,0.22631928883492947,9,0.5522598028182983
52,25,0,0.0,0.3830663561820984,0.323382280960043,123,0.5466135144233704
52,39,0,0.0,0.008225277997553349,0.11053223613028725,6,0.22259292006492615
52,16,0,0.0,0.0,0.22807019066942089,17,0.4104084074497223
52,36,0,0.0,8.064992289291695e-05,0.08882521209307015,5,0.34607717394828796
52,37,0,0.0,0.008094745688140392,0.07007024541962892,2,0.1382940411567688
52,43,0,0.0,0.0,0.18892700457945466,3,0.3321041762828827
52,2,0,0.0,0.0,0.3363345413020364,54,0.5214826464653015
52,4,0,0.0,0.0,0.23464425355196,5,0.332098126411438
52,28,0,0.0,0.0,0.3002731032096423,26,0.5201427936553955
52,17,0,0.0,0.006740126758813858,0.16430597752332687,3,0.3250329792499542
52,11,0,0.0,0.0,0.18664873329301676,12,0.3665458858013153
52,14,0,0.0,0.0,0.26407086104154587,4,0.5244344472885132
52,15,0,0.0,0.0,0.18902366422116756,4,0.331576406955719
52,38,0,0.0,0.0,0.11052130162715912,1,0.11052130162715912
52,18,0,0.0,0.0,0.16043263270209232,6,0.5106946229934692
52,35,0,0.0,0.0,0.15693993866443634,2,0.23703964054584503
52,30,0,0.0,0.0,0.2488671839237213,1,0.2488671839237213
52,32,0,0.0,0.0003574709699023515,0.05987196043133736,3,0.0881086140871048
52,29,0,0.0,0.0,0.014150664501357824,2,0.02649318426847458
52,31,0,0.0,0.0,0.04804918554145843,2,0.09425964951515198
52,47,0,0.0,0.0,0.06471777707338333,1,0.06471777707338333
52,41,0,0.0,0.0,0.04574463400058448,2,0.0847301185131073
52,42,0,0.0,0.0,0.08471418917179108,1,0.08471418917179108
53,22,0,2.087746663571796,1.0,1.0,156,1.0
53,48,0,0.0,0.0,0.5311201214790344,1,0.5311201214790344
53,49,0,0.0,0.0,0.5303062200546265,1,0.5303062200546265
53,1,0,0.0,0.0,0.5293113589286804,1,0.5293113589286804
53,27,0,0.0,0.0,0.3825093135237694,2,0.5289968848228455
53,21,0,0.962180224248508,0.10844670981168747,0.34670445873215794,125,0.5466527342796326
53,7,0,0.8910002089784977,0.0,0.35655350372072236,106,0.7377253770828247
53,13,0,0.946800165046137,0.47853100299835205,0.3540839981339844,134,0.7096469402313232
53,19,0,0.90922942133026,0.3284997045993805,0.34669168367413167,131,0.5466375946998596
53,24,0,0.8833976575940202,0.10836800932884216,0.3374374033797772,109,0.5483644008636475
53,20,0,0.8375137857725486,0.10844521969556808,0.3639321638605533,117,0.5486897826194763
53,9,1,0.6642019854241287,0.40928298234939575,0.350343463547302,132,0.721806526184082
53,10,0,0.0,0.10851681232452393,0.3330513086563688,123,0.5487772226333618
53,23,0,0.0,0.1076456606388092,0.3629306460521659,49,0.6120709180831909
53,8,0,0.0,0.32894954085350037,0.33358166312738774,93,0.5285553932189941
53,6,0,0.0,0.10849207639694214,0.3272104997187853,75,0.5486850738525391
53,5,0,0.0,0.0,0.34280268562047983,86,0.5719727873802185
53,0,0,0.0,0.0,0.3463856258357947,52,0.5626494288444519
53,12,0,0.0,0.19008471071720123,0.18281329174836478,12,0.3353216350078583
53,40,0,0.0,0.230929896235466,0.2073526491294615,16,0.35363054275512695
53,26,0,0.0,0.0,0.32784326936592134,57,0.5440101623535156
53,3,0,0.0,0.0,0.22631928883492947,9,0.5522598028182983
53,25,0,0.0,0.10856538265943527,0.323382280960043,123,0.5466135144233704
53,39,0,0.0,0.0,0.11053223613028725,6,0.22259292006492615
53,16,0,0.0,0.3161839246749878,0.22807019066942089,17,0.4104084074497223
53,36,0,0.0,0.0,0.08882521209307015,5,0.34607717394828796
53,37,0,0.0,0.0,0.07007024541962892,2,0.1382940411567688
53,43,0,0.0,0.0,0.18892700457945466,3,0.3321041762828827
53,2,0,0.0,0.10849899798631668,0.3363345413020364,54,0.5214826464653015
53,4,0,0.0,0.0,0.23464425355196,5,0.332098126411438
53,28,0,0.0,0.0,0.3002731032096423,26,0.5201427936553955
53,17,0,0.0,0.0,0.16430597752332687,3,0.3250329792499542
53,11,0,0.0,0.07532177120447159,0.18664873329301676,12,0.3665458858013153
53,14,0,0.0,0.0,0.26407086104154587,4,0.5244344472885132
53,15,0,0.0,0.0,0.18902366422116756,4,0.331576406955719
53,38,0,0.0,0.0,0.11052130162715912,1,0.11052130162715912
53,18,0,0.0,0.043876614421606064,0.16043263270209232,6,0.5106946229934692
53,35,0,0.0,0.0,0.15693993866443634,2,0.23703964054584503
53,30,0,0.0,0.0,0.2488671839237213,1,0.2488671839237213
53,32,0,0.0,0.0,0.05987196043133736,3,0.0881086140871048
53,29,0,0.0,0.0,0.014150664501357824,2,0.02649318426847458
53,31,0,0.0,0.0,0.04804918554145843,2,0.09425964951515198
53,47,0,0.0,0.0,0.06471777707338333,1,0.06471777707338333
53,41,0,0.0,0.0,0.04574463400058448,2,0.0847301185131073
53,42,0,0.0,0.0,0.08471418917179108,1,0.08471418917179108
54,22,0,2.087746663571796,1.0,1.0,156,1.0
54,48,0,0.0,0.0,0.5311201214790344,1,0.5311201214790344
54,49,0,0.0,0.0,0.5303062200546265,1,0.5303062200546265
54,1,0,0.0,0.0,0.5293113589286804,1,0.5293113589286804
54,27,0,0.0,0.007701492868363857,0.3825093135237694,2,0.5289968848228455
54,21,0,0.962180224248508,0.0,0.34670445873215794,125,0.5466527342796326
54,7,0,0.8910002089784977,0.40629148483276367,0.35655350372072236,106,0.7377253770828247
54,13,0,0.946800165046137,0.38347867131233215,0.3540839981339844,134,0.7096469402313232
54,19,0,0.90922942133026,0.1809849739074707,0.34669168367413167,131,0.5466375946998596
54,24,0,0.8833976575940202,0.0,0.3374374033797772,109,0.5483644008636475
54,20,0,0.8375137857725486,0.3835081160068512,0.3639321638605533,117,0.5486897826194763
54,9,1,0.6642019854241287,0.5741282105445862,0.350343463547302,132,0.721806526184082
54,10,0,0.0,0.0,0.3330513086563688,123,0.5487772226333618
54,23,0,0.0,0.0,0.3629306460521659,49,0.6120709180831909
54,8,0,0.0,0.18186014890670776,0.33358166312738774,93,0.5285553932189941
54,6,0,0.0,0.1814657300710678,0.3272104997187853,75,0.5486850738525391
54,5,0,0.0,0.18184097111225128,0.34280268562047983,86,0.5719727873802185
54,0,0,0.0,0.5626494288444519,0.3463856258357947,52,0.5626494288444519
54,12,0,0.0,0.21510979533195496,0.18281329174836478,12,0.3353216350078583
54,40,0,0.0,0.20785929262638092,0.2073526491294615,16,0.35363054275512695
54,26,0,0.0,0.1814471334218979,0.32784326936592134,57,0.5440101623535156
54,3,0,0.0,0.0,0.22631928883492947,9,0.5522598028182983
54,25,0,0.0,0.18152344226837158,0.323382280960043,123,0.5466135144233704
54,39,0,0.0,0.0,0.11053223613028725,6,0.22259292006492615
54,16,0,0.0,0.0,0.22807019066942089,17,0.4104084074497223
54,36,0,0.0,0.0,0.08882521209307015,5,0.34607717394828796
54,37,0,0.0,0.0,0.07007024541962892,2,0.1382940411567688
54,43,0,0.0,0.0,0.18892700457945466,3,0.3321041762828827
54,2,0,0.0,0.0,0.3363345413020364,54,0.5214826464653015
54,4,0,0.0,0.0,0.23464425355196,5,0.332098126411438
54,28,0,0.0,0.0,0.3002731032096423,26,0.5201427936553955
54,17,0,0.0,0.0,0.16430597752332687,3,0.3250329792499542
54,11,0,0.0,0.22462855279445648,0.18664873329301676,12,0.3665458858013153
54,14,0,0.0,0.0,0.26407086104154587,4,0.5244344472885132
54,15,0,0.0,0.0,0.18902366422116756,4,0.331576406955719
54,38,0,0.0,0.0,0.11052130162715912,1,0.11052130162715912
54,18,0,0.0,0.0,0.16043263270209232,6,0.5106946229934692
54,35,0,0.0,0.005574788432568312,0.15693993866443634,2,0.23703964054584503
54,30,0,0.0,0.0,0.2488671839237213,1,0.2488671839237213
54,32,0,0.0,0.0,0.05987196043133736,3,0.0881086140871048
54,29,0,0.0,0.0,0.014150664501357824,2,0.02649318426847458
54,31,0,0.0,0.0,0.04804918554145843,2,0.09425964951515198
54,47,0,0.0,0.0,0.06471777707338333,1,0.06471777707338333
54,41,0,0.0,0.0,0.04574463400058448,2,0.0847301185131073
54,42,0,0.0,0.0,0.08471418917179108,1,0.08471418917179108
55,22,0,2.087746663571796,1.0,1.0,156,1.0
55,48,0,0.0,0.0,0.5311201214790344,1,0.5311201214790344
55,49,0,0.0,0.0,0.5303062200546265,1,0.5303062200546265
55,1,0,0.0,0.0,0.5293113589286804,1,0.5293113589286804
55,27,0,0.0,0.0,0.3825093135237694,2,0.5289968848228455
55,21,0,0.962180224248508,0.0,0.34670445873215794,125,0.5466527342796326
55,7,0,0.8910002089784977,0.05078502744436264,0.35655350372072236,106,0.7377253770828247
55,13,0,0.946800165046137,0.0628676638007164,0.3540839981339844,134,0.7096469402313232
55,19,0,0.90922942133026,0.0,0.34669168367413167,131,0.5466375946998596
55,24,0,0.8833976575940202,0.2709766626358032,0.3374374033797772,109,0.5483644008636475
55,20,0,0.8375137857725486,0.2855629324913025,0.3639321638605533,117,0.5486897826194763
55,9,1,0.6642019854241287,0.49885138869285583,0.350343463547302,132,0.721806526184082
55,10,0,0.0,0.05142862722277641,0.3330513086563688,123,0.5487772226333618
55,23,0,0.0,0.2855387330055237,0.3629306460521659,49,0.6120709180831909
55,8,0,0.0,0.051438361406326294,0.33358166312738774,93,0.5285553932189941
55,6,0,0.0,0.0514436699450016,0.3272104997187853,75,0.5486850738525391
55,5,0,0.0,0.05148829519748688,0.34280268562047983,86,0.5719727873802185
55,0,0,0.0,0.05140594765543938,0.3463856258357947,52,0.5626494288444519
55,12,0,0.0,0.2720034122467041,0.18281329174836478,12,0.3353216350078583
55,40,0,0.0,0.0,0.2073526491294615,16,0.35363054275512695
55,26,0,0.0,0.05150077864527702,0.32784326936592134,57,0.5440101623535156
55,3,0,0.0,0.0,0.22631928883492947,9,0.5522598028182983
55,25,0,0.0,0.051424480974674225,0.323382280960043,123,0.5466135144233704
55,39,0,0.0,0.0,0.11053223613028725,6,0.22259292006492615
55,16,0,0.0,0.18313810229301453,0.22807019066942089,17,0.4104084074497223
55,36,0,0.0,0.0,0.08882521209307015,5,0.34607717394828796
55,37,0,0.0,0.0,0.07007024541962892,2,0.1382940411567688
55,43,0,0.0,0.0,0.18892700457945466,3,0.3321041762828827
55,2,0,0.0,0.05141444131731987,0.3363345413020364,54,0.5214826464653015
55,4,0,0.0,0.0,0.23464425355196,5,0.332098126411438
55,28,0,0.0,0.0,0.3002731032096423,26,0.5201427936553955
55,17,0,0.0,0.0,0.16430597752332687,3,0.3250329792499542
55,11,0,0.0,0.0,0.18664873329301676,12,0.3665458858013153
55,14,0,0.0,0.0,0.26407086104154587,4,0.5244344472885132
55,15,0,0.0,0.0,0.18902366422116756,4,0.331576406955719
55,38,0,0.0,0.0,0.11052130162715912,1,0.11052130162715912
55,18,0,0.0,0.12677793204784393,0.16043263270209232,6,0.5106946229934692
55,35,0,0.0,0.07684023678302765,0.15693993866443634,2,0.23703964054584503
55,30,0,0.0,0.0,0.2488671839237213,1,0.2488671839237213
55,32,0,0.0,0.0,0.05987196043133736,3,0.0881086140871048
55,29,0,0.0,0.0,0.014150664501357824,2,0.02649318426847458
55,31,0,0.0,0.0,0.04804918554145843,2,0.09425964951515198
55,47,0,0.0,0.0,0.06471777707338333,1,0.06471777707338333
55,41,0,0.0,0.0,0.04574463400058448,2,0.0847301185131073
55,42,0,0.0,0.0,0.08471418917179108,1,0.08471418917179108
56,22,0,2.087746663571796,1.0,1.0,156,1.0
56,48,0,0.0,0.0,0.5311201214790344,1,0.5311201214790344
56,49,0,0.0,0.0,0.5303062200546265,1,0.5303062200546265
56,1,0,0.0,0.0,0.5293113589286804,1,0.5293113589286804
56,27,0,0.0,0.0,0.3825093135237694,2,0.5289968848228455
56,21,0,0.962180224248508,0.0,0.34670445873215794,125,0.5466527342796326
56,7,0,0.8910002089784977,0.0,0.35655350372072236,106,0.7377253770828247
56,13,0,0.946800165046137,0.42393064498901367,0.3540839981339844,134,0.7096469402313232
56,19,0,0.90922942133026,0.4237023591995239,0.34669168367413167,131,0.5466375946998596
56,24,0,0.8833976575940202,0.4236814081668854,0.3374374033797772,109,0.5483644008636475
56,20,0,0.8375137857725486,0.42381879687309265,0.3639321638605533,117,0.5486897826194763
56,9,1,0.6642019854241287,0.602105438709259,0.350343463547302,132,0.721806526184082
56,10,0,0.0,0.23491869866847992,0.3330513086563688,123,0.5487772226333618
56,23,0,0.0,0.42371243238449097,0.3629306460521659,49,0.6120709180831909
56,8,0,0.0,0.0,0.33358166312738774,93,0.5285553932189941
56,6,0,0.0,0.23464176058769226,0.3272104997187853,75,0.5486850738525391
56,5,0,0.0,0.23513346910476685,0.34280268562047983,86,0.5719727873802185
56,0,0,0.0,0.0,0.3463856258357947,52,0.5626494288444519
56,12,0,0.0,0.0,0.18281329174836478,12,0.3353216350078583
56,40,0,0.0,0.17303763329982758,0.2073526491294615,16,0.35363054275512695
56,26,0,0.0,0.23502196371555328,0.32784326936592134,57,0.5440101623535156
56,3,0,0.0,0.0,0.22631928883492947,9,0.5522598028182983
56,25,0,0.0,0.23483677208423615,0.323382280960043,123,0.5466135144233704
56,39,0,0.0,0.0,0.11053223613028725,6,0.22259292006492615
56,16,0,0.0,0.2821468710899353,0.22807019066942089,17,0.4104084074497223
56,36,0,0.0,0.0,0.08882521209307015,5,0.34607717394828796
56,37,0,0.0,0.0,0.07007024541962892,2,0.1382940411567688
56,43,0,0.0,0.0,0.18892700457945466,3,0.3321041762828827
56,2,0,0.0,0.0,0.3363345413020364,54,0.5214826464653015
56,4,0,0.0,0.0,0.23464425355196,5,0.332098126411438
56,28,0,0.0,0.0,0.3002731032096423,26,0.5201427936553955
56,17,0,0.0,0.0,0.16430597752332687,3,0.3250329792499542
56,11,0,0.0,0.0,0.18664873329301676,12,0.3665458858013153
56,14,0,0.0,0.0,0.26407086104154587,4,0.5244344472885132
56,15,0,0.0,0.0,0.18902366422116756,4,0.331576406955719
56,38,0,0.0,0.0,0.11052130162715912,1,0.11052130162715912
56,18,0,0.0,0.15780724585056305,0.16043263270209232,6,0.5106946229934692
56,35,0,0.0,0.0,0.15693993866443634,2,0.23703964054584503
56,30,0,0.0,0.0,0.2488671839237213,1,0.2488671839237213
56,32,0,0.0,0.0,0.05987196043133736,3,0.0881086140871048
56,29,0,0.0,0.0,0.014150664501357824,2,0.02649318426847458
56,31,0,0.0,0.0,0.04804918554145843,2,0.09425964951515198
56,47,0,0.0,0.09853778779506683,0.06471777707338333,1,0.06471777707338333
56,41,0,0.0,0.0,0.04574463400058448,2,0.0847301185131073
56,42,0,0.0,0.0,0.08471418917179108,1,0.08471418917179108
57,22,0,2.087746663571796,1.0,1.0,156,1.0
57,48,0,0.0,0.0,0.5311201214790344,1,0.5311201214790344
57,49,0,0.0,0.0,0.5303062200546265,1,0.5303062200546265
57,1,0,0.0,0.0,0.5293113589286804,1,0.5293113589286804
57,27,0,0.0,0.0,0.3825093135237694,2,0.5289968848228455
57,21,0,0.962180224248508,0.14220282435417175,0.34670445873215794,125,0.5466527342796326
57,7,0,0.8910002089784977,0.14213968813419342,0.35655350372072236,106,0.7377253770828247
57,13,0,0.946800165046137,0.14259624481201172,0.3540839981339844,134,0.7096469402313232
57,19,0,0.90922942133026,0.14210639894008636,0.34669168367413167,131,0.5466375946998596
57,24,0,0.8833976575940202,0.35444068908691406,0.3374374033797772,109,0.5483644008636475
57,20,0,0.8375137857725486,0.3539235293865204,0.3639321638605533,117,0.5486897826194763
57,9,0,0.6642019854241287,0.14209389686584473,0.350343463547302,132,0.721806526184082
57,10,0,0.0,0.14228731393814087,0.3330513086563688,123,0.5487772226333618
57,23,0,0.0,0.14207269251346588,0.3629306460521659,49,0.6120709180831909
57,8,0,0.0,0.14199602603912354,0.33358166312738774,93,0.5285553932189941
57,6,0,0.0,0.142117440700531,0.3272104997187853,75,0.5486850738525391
57,5,0,0.0,0.14217489957809448,0.34280268562047983,86,0.5719727873802185
57,0,0,0.0,0.0,0.3463856258357947,52,0.5626494288444519
57,12,0,0.0,0.2318648397922516,0.18281329174836478,12,0.3353216350078583
57,40,0,0.0,0.0,0.2073526491294615,16,0.35363054275512695
57,26,0,0.0,0.14211449027061462,0.32784326936592134,57,0.5440101623535156
57,3,0,0.0,0.014746115542948246,0.22631928883492947,9,0.5522598028182983
57,25,0,0.0,0.14273706078529358,0.323382280960043,123,0.5466135144233704
57,39,1,0.0,0.0,0.11053223613028725,6,0.22259292006492615
57,16,0,0.0,0.3419635593891144,0.22807019066942089,17,0.4104084074497223
57,36,0,0.0,0.0,0.08882521209307015,5,0.34607717394828796
57,37,0,0.0,0.0,0.07007024541962892,2,0.1382940411567688
57,43,0,0.0,0.0,0.18892700457945466,3,0.3321041762828827
57,2,0,0.0,0.0,0.3363345413020364,54,0.5214826464653015
57,4,0,0.0,0.0,0.23464425355196,5,0.332098126411438
57,28,0,0.0,0.0,0.3002731032096423,26,0.5201427936553955
57,17,0,0.0,0.0,0.16430597752332687,3,0.3250329792499542
57,11,0,0.0,0.20700952410697937,0.18664873329301676,12,0.3665458858013153
57,14,0,0.0,0.0,0.26407086104154587,4,0.5244344472885132
57,15,0,0.0,0.0,0.18902366422116756,4,0.331576406955719
57,38,0,0.0,0.0,0.11052130162715912,1,0.11052130162715912
57,18,0,0.0,0.0,0.16043263270209232,6,0.5106946229934692
57,35,0,0.0,0.0,0.15693993866443634,2,0.23703964054584503
57,30,0,0.0,0.0,0.2488671839237213,1,0.2488671839237213
57,32,0,0.0,0.0,0.05987196043133736,3,0.0881086140871048
57,29,0,0.0,0.0,0.014150664501357824,2,0.02649318426847458
57,31,0,0.0,0.0,0.04804918554145843,2,0.09425964951515198
57,47,0,0.0,0.0,0.06471777707338333,1,0.06471777707338333
57,41,0,0.0,0.0,0.04574463400058448,2,0.0847301185131073
57,42,0,0.0,0.08605879545211792,0.08471418917179108,1,0.08471418917179108
58,22,0,2.087746663571796,1.0,1.0,156,1.0
58,48,0,0.0,0.0,0.5311201214790344,1,0.5311201214790344
58,49,0,0.0,0.0,0.5303062200546265,1,0.5303062200546265
58,1,0,0.0,0.0,0.5293113589286804,1,0.5293113589286804
58,27,0,0.0,0.0,0.3825093135237694,2,0.5289968848228455
58,21,0,0.962180224248508,0.4394403398036957,0.34670445873215794,125,0.5466527342796326
58,7,0,0.8910002089784977,0.27550214529037476,0.35655350372072236,106,0.7377253770828247
58,13,0,0.946800165046137,0.43893373012542725,0.3540839981339844,134,0.7096469402313232
58,19,0,0.90922942133026,0.4393531084060669,0.34669168367413167,131,0.5466375946998596
58,24,0,0.8833976575940202,0.2754339575767517,0.3374374033797772,109,0.5483644008636475
58,20,0,0.8375137857725486,0.27543655037879944,0.3639321638605533,117,0.5486897826194763
58,9,0,0.6642019854241287,0.43939003348350525,0.350343463547302,132,0.721806526184082
58,10,1,0.0,0.4396198093891144,0.3330513086563688,123,0.5487772226333618
58,23,0,0.0,0.0,0.3629306460521659,49,0.6120709180831909
58,8,0,0.0,0.27547702193260193,0.33358166312738774,93,0.5285553932189941
58,6,0,0.0,0.43945974111557007,0.3272104997187853,75,0.5486850738525391
58,5,0,0.0,0.27553626894950867,0.34280268562047983,86,0.5719727873802185
58,0,0,0.0,0.0,0.3463856258357947,52,0.5626494288444519
58,12,0,0.0,0.0,0.18281329174836478,12,0.3353216350078583
58,40,0,0.0,0.0,0.2073526491294615,16,0.35363054275512695
58,26,0,0.0,0.0,0.32784326936592134,57,0.5440101623535156
58,3,0,0.0,0.12245579808950424,0.22631928883492947,9,0.5522598028182983
58,25,0,0.0,0.27616795897483826,0.323382280960043,123,0.5466135144233704
58,39,0,0.0,0.0,0.11053223613028725,6,0.22259292006492615
58,16,0,0.0,0.0,0.22807019066942089,17,0.4104084074497223
58,36,0,0.0,0.0,0.08882521209307015,5,0.34607717394828796
58,37,0,0.0,0.0,0.07007024541962892,2,0.1382940411567688
58,43,0,0.0,0.0,0.18892700457945466,3,0.3321041762828827
58,2,0,0.0,0.0,0.3363345413020364,54,0.5214826464653015
58,4,0,0.0,0.09102434664964676,0.23464425355196,5,0.332098126411438
58,28,0,0.0,0.0,0.3002731032096423,26,0.5201427936553955
58,17,0,0.0,0.0,0.16430597752332687,3,0.3250329792499542
58,11,0,0.0,0.0,0.18664873329301676,12,0.3665458858013153
58,14,1,0.0,0.0,0.26407086104154587,4,0.5244344472885132
58,15,0,0.0,0.13189557194709778,0.18902366422116756,4,0.331576406955719
58,38,0,0.0,0.0,0.11052130162715912,1,0.11052130162715912
58,18,0,0.0,0.0,0.16043263270209232,6,0.5106946229934692
58,35,0,0.0,0.0,0.15693993866443634,2,0.23703964054584503
58,30,0,0.0,0.0,0.2488671839237213,1,0.2488671839237213
58,32,0,0.0,0.0,0.05987196043133736,3,0.0881086140871048
58,29,0,0.0,0.0,0.014150664501357824,2,0.02649318426847458
58,31,0,0.0,0.0,0.04804918554145843,2,0.09425964951515198
58,47,0,0.0,0.0,0.06471777707338333,1,0.06471777707338333
58,41,0,0.0,0.0,0.04574463400058448,2,0.0847301185131073
58,42,0,0.0,0.0,0.08471418917179108,1,0.08471418917179108
59,22,0,2.087746663571796,1.0,1.0,156,1.0
59,48,0,0.0,0.0,0.5311201214790344,1,0.5311201214790344
59,49,0,0.0,0.0,0.5303062200546265,1,0.5303062200546265
59,1,0,0.0,0.0,0.5293113589286804,1,0.5293113589286804
59,27,0,0.0,0.0,0.3825093135237694,2,0.5289968848228455
59,21,0,0.962180224248508,0.3673497140407562,0.34670445873215794,125,0.5466527342796326
59,7,0,0.8910002089784977,0.3667755424976349,0.35655350372072236,106,0.7377253770828247
59,13,0,0.946800165046137,0.3668747544288635,0.3540839981339844,134,0.7096469402313232
59,19,0,0.90922942133026,0.36724939942359924,0.34669168367413167,131,0.5466375946998596
59,24,0,0.8833976575940202,0.0,0.3374374033797772,109,0.5483644008636475
59,20,0,0.8375137857725486,0.3667629361152649,0.3639321638605533,117,0.5486897826194763
59,9,0,0.6642019854241287,0.36727046966552734,0.350343463547302,132,0.721806526184082
59,10,1,0.0,0.4650190472602844,0.3330513086563688,123,0.5487772226333618
59,23,0,0.0,0.0,0.3629306460521659,49,0.6120709180831909
59,8,0,0.0,0.4647664427757263,0.33358166312738774,93,0.5285553932189941
59,6,0,0.0,0.36736729741096497,0.3272104997187853,75,0.5486850738525391
59,5,0,0.0,0.0,0.34280268562047983,86,0.5719727873802185
59,0,0,0.0,0.0,0.3463856258357947,52,0.5626494288444519
59,12,0,0.0,0.008392896503210068,0.18281329174836478,12,0.3353216350078583
59,40,0,0.0,0.0,0.2073526491294615,16,0.35363054275512695
59,26,0,0.0,0.014390780590474606,0.32784326936592134,57,0.5440101623535156
59,3,1,0.0,0.024066124111413956,0.22631928883492947,9,0.5522598028182983
59,25,0,0.0,0.464233934879303,0.323382280960043,123,0.5466135144233704
59,39,0,0.0,0.0,0.11053223613028725,6,0.22259292006492615
59,16,0,0.0,0.0,0.22807019066942089,17,0.4104084074497223
59,36,0,0.0,0.0,0.08882521209307015,5,0.34607717394828796
59,37,0,0.0,0.0,0.07007024541962892,2,0.1382940411567688
59,43,0,0.0,0.0,0.18892700457945466,3,0.3321041762828827
59,2,0,0.0,0.3668856620788574,0.3363345413020364,54,0.5214826464653015
59,4,0,0.0,0.0,0.23464425355196,5,0.332098126411438
59,28,0,0.0,0.0,0.3002731032096423,26,0.5201427936553955
59,17,0,0.0,0.0,0.16430597752332687,3,0.3250329792499542
59,11,0,0.0,0.0,0.18664873329301676,12,0.3665458858013153
59,14,0,0.0,0.07083538174629211,0.26407086104154587,4,0.5244344472885132
59,15,0,0.0,0.007112054154276848,0.18902366422116756,4,0.331576406955719
59,38,0,0.0,0.0,0.11052130162715912,1,0.11052130162715912
59,18,0,0.0,0.0,0.16043263270209232,6,0.5106946229934692
59,35,0,0.0,0.0007835187134332955,0.15693993866443634,2,0.23703964054584503
59,30,0,0.0,0.0006688824505545199,0.2488671839237213,1,0.2488671839237213
59,32,0,0.0,0.0,0.05987196043133736,3,0.0881086140871048
59,29,0,0.0,0.0,0.014150664501357824,2,0.02649318426847458
59,31,0,0.0,0.0,0.04804918554145843,2,0.09425964951515198
59,47,0,0.0,0.0,0.06471777707338333,1,0.06471777707338333
59,41,0,0.0,0.0,0.04574463400058448,2,0.0847301185131073
59,42,0,0.0,0.0,0.08471418917179108,1,0.08471418917179108
60,22,0,2.087746663571796,1.0,1.0,156,1.0
60,48,0,0.0,0.0,0.5311201214790344,1,0.5311201214790344
60,49,0,0.0,0.0,0.5303062200546265,1,0.5303062200546265
60,1,0,0.0,0.0,0.5293113589286804,1,0.5293113589286804
60,27,0,0.0,0.0,0.3825093135237694,2,0.5289968848228455
60,21,0,0.962180224248508,0.46002164483070374,0.34670445873215794,125,0.5466527342796326
60,7,0,0.8910002089784977,0.3612169027328491,0.35655350372072236,106,0.7377253770828247
60,13,0,0.946800165046137,0.4599836766719818,0.3540839981339844,134,0.7096469402313232
60,19,0,0.90922942133026,0.3616936504840851,0.34669168367413167,131,0.5466375946998596
60,24,0,0.8833976575940202,0.36120516061782837,0.3374374033797772,109,0.5483644008636475
60,20,0,0.8375137857725486,0.36121848225593567,0.3639321638605533,117,0.5486897826194763
60,9,0,0.6642019854241287,0.3617105782032013,0.350343463547302,132,0.721806526184082
60,10,1,0.0,0.4600861072540283,0.3330513086563688,123,0.5487772226333618
60,23,0,0.0,0.0,0.3629306460521659,49,0.6120709180831909
60,8,0,0.0,0.45954689383506775,0.33358166312738774,93,0.5285553932189941
60,6,0,0.0,0.36180946230888367,0.3272104997187853,75,0.5486850738525391
60,5,0,0.0,0.0,0.34280268562047983,86,0.5719727873802185
60,0,0,0.0,0.0,0.3463856258357947,52,0.5626494288444519
60,12,0,0.0,0.0,0.18281329174836478,12,0.3353216350078583
60,40,0,0.0,5.9994414186803624e-05,0.2073526491294615,16,0.35363054275512695
60,26,0,0.0,0.0,0.32784326936592134,57,0.5440101623535156
60,3,0,0.0,0.0003684481780510396,0.22631928883492947,9,0.5522598028182983
60,25,0,0.0,0.36121439933776855,0.323382280960043,123,0.5466135144233704
60,39,0,0.0,0.0,0.11053223613028725,6,0.22259292006492615
60,16,0,0.0,0.0,0.22807019066942089,17,0.4104084074497223
60,36,0,0.0,0.0,0.08882521209307015,5,0.34607717394828796
60,37,0,0.0,0.0,0.07007024541962892,2,0.1382940411567688
60,43,0,0.0,0.0,0.18892700457945466,3,0.3321041762828827
60,2,0,0.0,0.361167848110199,0.3363345413020364,54,0.5214826464653015
60,4,0,0.0,0.0808439627289772,0.23464425355196,5,0.332098126411438
60,28,0,0.0,0.0001450090785510838,0.3002731032096423,26,0.5201427936553955
60,17,0,0.0,0.0,0.16430597752332687,3,0.3250329792499542
60,11,0,0.0,0.0,0.18664873329301676,12,0.3665458858013153
60,14,1,0.0,0.0006303771515376866,0.26407086104154587,4,0.5244344472885132
60,15,0,0.0,0.0,0.18902366422116756,4,0.331576406955719
60,38,0,0.0,0.0,0.11052130162715912,1,0.11052130162715912
60,18,0,0.0,0.0,0.16043263270209232,6,0.5106946229934692
60,35,0,0.0,0.0,0.15693993866443634,2,0.23703964054584503
60,30,0,0.0,0.0,0.2488671839237213,1,0.2488671839237213
60,32,0,0.0,0.0,0.05987196043133736,3,0.0881086140871048
60,29,0,0.0,0.0,0.014150664501357824,2,0.02649318426847458
60,31,0,0.0,0.0,0.04804918554145843,2,0.09425964951515198
60,47,0,0.0,0.0,0.06471777707338333,1,0.06471777707338333
60,41,0,0.0,0.0,0.04574463400058448,2,0.0847301185131073
60,42,0,0.0,0.0,0.08471418917179108,1,0.08471418917179108
61,22,0,2.087746663571796,1.0,1.0,156,1.0
61,48,0,0.0,0.0,0.5311201214790344,1,0.5311201214790344
61,49,0,0.0,0.0,0.5303062200546265,1,0.5303062200546265
61,1,0,0.0,0.0,0.5293113589286804,1,0.5293113589286804
61,27,0,0.0,0.0,0.3825093135237694,2,0.5289968848228455
61,21,0,0.962180224248508,0.3753083050251007,0.34670445873215794,125,0.5466527342796326
61,7,0,0.8910002089784977,0.37568962574005127,0.35655350372072236,106,0.7377253770828247
61,13,0,0.946800165046137,0.3754192590713501,0.3540839981339844,134,0.7096469402313232
61,19,0,0.90922942133026,0.37560996413230896,0.34669168367413167,131,0.5466375946998596
61,24,0,0.8833976575940202,0.2614274024963379,0.3374374033797772,109,0.5483644008636475
61,20,0,0.8375137857725486,0.0,0.3639321638605533,117,0.5486897826194763
61,9,0,0.6642019854241287,0.26191946864128113,0.350343463547302,132,0.721806526184082
61,10,1,0.0,0.3760565221309662,0.3330513086563688,123,0.5487772226333618
61,23,0,0.0,0.0,0.3629306460521659,49,0.6120709180831909
61,8,0,0.0,0.0,0.33358166312738774,93,0.5285553932189941
61,6,1,0.0,0.26216304302215576,0.3272104997187853,75,0.5486850738525391
61,5,0,0.0,0.0,0.34280268562047983,86,0.5719727873802185
61,0,0,0.0,0.26149237155914307,0.3463856258357947,52,0.5626494288444519
61,12,0,0.0,0.0,0.18281329174836478,12,0.3353216350078583
61,40,0,0.0,0.0,0.2073526491294615,16,0.35363054275512695
61,26,0,0.0,0.0,0.32784326936592134,57,0.5440101623535156
61,3,0,0.0,0.06571013480424881,0.22631928883492947,9,0.5522598028182983
61,25,0,0.0,0.2615605294704437,0.323382280960043,123,0.5466135144233704
61,39,0,0.0,0.0,0.11053223613028725,6,0.22259292006492615
61,16,0,0.0,0.0,0.22807019066942089,17,0.4104084074497223
61,36,0,0.0,0.0,0.08882521209307015,5,0.34607717394828796
61,37,0,0.0,0.0,0.07007024541962892,2,0.1382940411567688
61,43,0,0.0,0.0,0.18892700457945466,3,0.3321041762828827
61,2,0,0.0,0.2615663707256317,0.3363345413020364,54,0.5214826464653015
61,4,0,0.0,0.0,0.23464425355196,5,0.332098126411438
61,28,0,0.0,0.0,0.3002731032096423,26,0.5201427936553955
61,17,0,0.0,0.10315164923667908,0.16430597752332687,3,0.3250329792499542
61,11,0,0.0,0.0,0.18664873329301676,12,0.3665458858013153
61,14,0,0.0,0.030143745243549347,0.26407086104154587,4,0.5244344472885132
61,15,0,0.0,0.0,0.18902366422116756,4,0.331576406955719
61,38,0,0.0,0.0,0.11052130162715912,1,0.11052130162715912
61,18,0,0.0,2.074636722682044e-05,0.16043263270209232,6,0.5106946229934692
61,35,0,0.0,0.0,0.15693993866443634,2,0.23703964054584503
61,30,0,0.0,0.0,0.2488671839237213,1,0.2488671839237213
61,32,0,0.0,0.00011380864452803507,0.05987196043133736,3,0.0881086140871048
61,29,0,0.0,0.0,0.014150664501357824,2,0.02649318426847458
61,31,0,0.0,0.0,0.04804918554145843,2,0.09425964951515198
61,47,0,0.0,0.0,0.06471777707338333,1,0.06471777707338333
61,41,0,0.0,0.0,0.04574463400058448,2,0.0847301185131073
61,42,0,0.0,0.0,0.08471418917179108,1,0.08471418917179108
62,22,0,2.087746663571796,1.0,1.0,156,1.0
62,48,0,0.0,0.0,0.5311201214790344,1,0.5311201214790344
62,49,0,0.0,0.0,0.5303062200546265,1,0.5303062200546265
62,1,0,0.0,0.0,0.5293113589286804,1,0.5293113589286804
62,27,0,0.0,0.0,0.3825093135237694,2,0.5289968848228455
62,21,0,0.962180224248508,0.27086779475212097,0.34670445873215794,125,0.5466527342796326
62,7,0,0.8910002089784977,0.3829735815525055,0.35655350372072236,106,0.7377253770828247
62,13,0,0.946800165046137,0.2707619369029999,0.3540839981339844,134,0.7096469402313232
62,19,0,0.90922942133026,0.3833988904953003,0.34669168367413167,131,0.5466375946998596
62,24,0,0.8833976575940202,0.270679235458374,0.3374374033797772,109,0.5483644008636475
62,20,0,0.8375137857725486,0.2706524729728699,0.3639321638605533,117,0.5486897826194763
62,9,0,0.6642019854241287,0.3828897774219513,0.350343463547302,132,0.721806526184082
62,10,1,0.0,0.3831625282764435,0.3330513086563688,123,0.5487772226333618
62,23,0,0.0,0.0,0.3629306460521659,49,0.6120709180831909
62,8,0,0.0,0.0,0.33358166312738774,93,0.5285553932189941
62,6,0,0.0,0.27059540152549744,0.3272104997187853,75,0.5486850738525391
62,5,0,0.0,0.0,0.34280268562047983,86,0.5719727873802185
62,0,0,0.0,0.2706943452358246,0.3463856258357947,52,0.5626494288444519
62,12,0,0.0,0.0,0.18281329174836478,12,0.3353216350078583
62,40,0,0.0,0.0,0.2073526491294615,16,0.35363054275512695
62,26,0,0.0,0.0,0.32784326936592134,57,0.5440101623535156
62,3,1,0.0,0.0,0.22631928883492947,9,0.5522598028182983
62,25,0,0.0,0.27077481150627136,0.323382280960043,123,0.5466135144233704
62,39,0,0.0,0.0,0.11053223613028725,6,0.22259292006492615
62,16,0,0.0,0.0,0.22807019066942089,17,0.4104084074497223
62,36,0,0.0,0.0,0.08882521209307015,5,0.34607717394828796
62,37,0,0.0,0.0,0.07007024541962892,2,0.1382940411567688
62,43,0,0.0,0.0,0.18892700457945466,3,0.3321041762828827
62,2,0,0.0,0.2708131670951843,0.3363345413020364,54,0.5214826464653015
62,4,0,0.0,0.0,0.23464425355196,5,0.332098126411438
62,28,0,0.0,0.0,0.3002731032096423,26,0.5201427936553955
62,17,0,0.0,0.0,0.16430597752332687,3,0.3250329792499542
62,11,0,0.0,0.0,0.18664873329301676,12,0.3665458858013153
62,14,0,0.0,0.0,0.26407086104154587,4,0.5244344472885132
62,15,0,0.0,0.0001387510128552094,0.18902366422116756,4,0.331576406955719
62,38,0,0.0,5.95411756876274e-06,0.11052130162715912,1,0.11052130162715912
62,18,0,0.0,0.0,0.16043263270209232,6,0.5106946229934692
62,35,0,0.0,1.4450442904490046e-05,0.15693993866443634,2,0.23703964054584503
62,30,0,0.0,0.0,0.2488671839237213,1,0.2488671839237213
62,32,0,0.0,0.02767748199403286,0.05987196043133736,3,0.0881086140871048
62,29,0,0.0,0.0,0.014150664501357824,2,0.02649318426847458
62,31,0,0.0,0.0,0.04804918554145843,2,0.09425964951515198
62,47,0,0.0,0.0,0.06471777707338333,1,0.06471777707338333
62,41,0,0.0,0.0,0.04574463400058448,2,0.0847301185131073
62,42,0,0.0,3.6962358080927515e-06,0.08471418917179108,1,0.08471418917179108
63,22,0,2.087746663571796,1.0,1.0,156,1.0
63,48,0,0.0,0.0,0.5311201214790344,1,0.5311201214790344
63,49,0,0.0,0.0,0.5303062200546265,1,0.5303062200546265
63,1,0,0.0,0.0,0.5293113589286804,1,0.5293113589286804
63,27,0,0.0,0.0,0.3825093135237694,2,0.5289968848228455
63,21,0,0.962180224248508,0.15365496277809143,0.34670445873215794,125,0.5466527342796326
63,7,0,0.8910002089784977,0.284476637840271,0.35655350372072236,106,0.7377253770828247
63,13,0,0.946800165046137,0.15359711647033691,0.3540839981339844,134,0.7096469402313232
63,19,0,0.90922942133026,0.28382608294487,0.34669168367413167,131,0.5466375946998596
63,24,0,0.8833976575940202,0.0,0.3374374033797772,109,0.5483644008636475
63,20,0,0.8375137857725486,0.15343451499938965,0.3639321638605533,117,0.5486897826194763
63,9,0,0.6642019854241287,0.15362751483917236,0.350343463547302,132,0.721806526184082
63,10,1,0.0,0.3463718593120575,0.3330513086563688,123,0.5487772226333618
63,23,0,0.0,0.0,0.3629306460521659,49,0.6120709180831909
63,8,0,0.0,0.15411052107810974,0.33358166312738774,93,0.5285553932189941
63,6,0,0.0,0.1534474492073059,0.3272104997187853,75,0.5486850738525391
63,5,0,0.0,0.28441715240478516,0.34280268562047983,86,0.5719727873802185
63,0,0,0.0,0.0,0.3463856258357947,52,0.5626494288444519
63,12,0,0.0,0.0,0.18281329174836478,12,0.3353216350078583
63,40,0,0.0,0.0,0.2073526491294615,16,0.35363054275512695
63,26,0,0.0,0.05114661157131195,0.32784326936592134,57,0.5440101623535156
63,3,0,0.0,0.0,0.22631928883492947,9,0.5522598028182983
63,25,0,0.0,0.15355561673641205,0.323382280960043,123,0.5466135144233704
63,39,0,0.0,0.0,0.11053223613028725,6,0.22259292006492615
63,16,0,0.0,0.0006442802841775119,0.22807019066942089,17,0.4104084074497223
63,36,0,0.0,0.0,0.08882521209307015,5,0.34607717394828796
63,37,0,0.0,0.0,0.07007024541962892,2,0.1382940411567688
63,43,0,0.0,0.0,0.18892700457945466,3,0.3321041762828827
63,2,0,0.0,0.0,0.3363345413020364,54,0.5214826464653015
63,4,0,0.0,0.0,0.23464425355196,5,0.332098126411438
63,28,0,0.0,0.0,0.3002731032096423,26,0.5201427936553955
63,17,0,0.0,0.0,0.16430597752332687,3,0.3250329792499542
63,11,0,0.0,0.0,0.18664873329301676,12,0.3665458858013153
63,14,0,0.0,0.0,0.26407086104154587,4,0.5244344472885132
63,15,1,0.0,0.0022756545804440975,0.18902366422116756,4,0.331576406955719
63,38,0,0.0,0.0,0.11052130162715912,1,0.11052130162715912
63,18,0,0.0,0.0,0.16043263270209232,6,0.5106946229934692
63,35,0,0.0,0.0,0.15693993866443634,2,0.23703964054584503
63,30,0,0.0,7.881222700234503e-06,0.2488671839237213,1,0.2488671839237213
63,32,0,0.0,0.0,0.05987196043133736,3,0.0881086140871048
63,29,0,0.0,8.94499389687553e-05,0.014150664501357824,2,0.02649318426847458
63,31,0,0.0,0.0,0.04804918554145843,2,0.09425964951515198
63,47,0,0.0,0.0,0.06471777707338333,1,0.06471777707338333
63,41,0,0.0,0.0,0.04574463400058448,2,0.0847301185131073
63,42,0,0.0,2.6361331038060598e-05,0.08471418917179108,1,0.08471418917179108
64,22,0,2.087746663571796,1.0,1.0,156,1.0
64,48,0,0.0,0.0,0.5311201214790344,1,0.5311201214790344
64,49,0,0.0,0.0,0.5303062200546265,1,0.5303062200546265
64,1,0,0.0,0.0,0.5293113589286804,1,0.5293113589286804
64,27,0,0.0,0.0,0.3825093135237694,2,0.5289968848228455
64,21,1,0.962180224248508,0.3887212872505188,0.34670445873215794,125,0.5466527342796326
64,7,0,0.8910002089784977,0.21059124171733856,0.35655350372072236,106,0.7377253770828247
64,13,0,0.946800165046137,0.38889509439468384,0.3540839981339844,134,0.7096469402313232
64,19,0,0.90922942133026,0.0,0.34669168367413167,131,0.5466375946998596
64,24,0,0.8833976575940202,0.0,0.3374374033797772,109,0.5483644008636475
64,20,0,0.8375137857725486,0.0,0.3639321638605533,117,0.5486897826194763
64,9,0,0.6642019854241287,0.3889524042606354,0.350343463547302,132,0.721806526184082
64,10,1,0.0,0.21103239059448242,0.3330513086563688,123,0.5487772226333618
64,23,0,0.0,0.2105807662010193,0.3629306460521659,49,0.6120709180831909
64,8,0,0.0,0.3887573778629303,0.33358166312738774,93,0.5285553932189941
64,6,0,0.0,0.3891292214393616,0.3272104997187853,75,0.5486850738525391
64,5,0,0.0,0.2106296420097351,0.34280268562047983,86,0.5719727873802185
64,0,0,0.0,0.3888157606124878,0.3463856258357947,52,0.5626494288444519
64,12,0,0.0,9.481710003456101e-05,0.18281329174836478,12,0.3353216350078583
64,40,0,0.0,0.0,0.2073526491294615,16,0.35363054275512695
64,26,0,0.0,0.0,0.32784326936592134,57,0.5440101623535156
64,3,0,0.0,0.0,0.22631928883492947,9,0.5522598028182983
64,25,0,0.0,0.0,0.323382280960043,123,0.5466135144233704
64,39,0,0.0,0.0,0.11053223613028725,6,0.22259292006492615
64,16,0,0.0,0.0,0.22807019066942089,17,0.4104084074497223
64,36,0,0.0,0.0,0.08882521209307015,5,0.34607717394828796
64,37,0,0.0,0.03407379612326622,0.07007024541962892,2,0.1382940411567688
64,43,0,0.0,0.0,0.18892700457945466,3,0.3321041762828827
64,2,0,0.0,0.21060718595981598,0.3363345413020364,54,0.5214826464653015
64,4,0,0.0,0.0,0.23464425355196,5,0.332098126411438
64,28,0,0.0,0.0,0.3002731032096423,26,0.5201427936553955
64,17,0,0.0,0.0,0.16430597752332687,3,0.3250329792499542
64,11,0,0.0,0.12004810571670532,0.18664873329301676,12,0.3665458858013153
64,14,0,0.0,0.0,0.26407086104154587,4,0.5244344472885132
64,15,0,0.0,0.0015059966826811433,0.18902366422116756,4,0.331576406955719
64,38,0,0.0,0.0,0.11052130162715912,1,0.11052130162715912
64,18,0,0.0,0.0,0.16043263270209232,6,0.5106946229934692
64,35,0,0.0,0.0,0.15693993866443634,2,0.23703964054584503
64,30,0,0.0,0.0,0.2488671839237213,1,0.2488671839237213
64,32,0,0.0,0.0,0.05987196043133736,3,0.0881086140871048
64,29,0,0.0,0.0,0.014150664501357824,2,0.02649318426847458
64,31,0,0.0,0.0,0.04804918554145843,2,0.09425964951515198
64,47,0,0.0,0.0,0.06471777707338333,1,0.06471777707338333
64,41,0,0.0,0.0,0.04574463400058448,2,0.0847301185131073
64,42,0,0.0,0.0,0.08471418917179108,1,0.08471418917179108
65,22,0,2.087746663571796,1.0,1.0,156,1.0
65,48,0,0.0,0.0,0.5311201214790344,1,0.5311201214790344
65,49,0,0.0,0.0,0.5303062200546265,1,0.5303062200546265
65,1,0,0.0,0.0,0.5293113589286804,1,0.5293113589286804
65,27,0,0.0,0.0,0.3825093135237694,2,0.5289968848228455
65,21,0,0.962180224248508,0.45309537649154663,0.34670445873215794,125,0.5466527342796326
65,7,0,0.8910002089784977,0.2939673960208893,0.35655350372072236,106,0.7377253770828247
65,13,0,0.946800165046137,0.45303425192832947,0.3540839981339844,134,0.7096469402313232
65,19,0,0.90922942133026,0.29383161664009094,0.34669168367413167,131,0.5466375946998596
65,24,0,0.8833976575940202,0.0,0.3374374033797772,109,0.5483644008636475
65,20,0,0.8375137857725486,0.0,0.3639321638605533,117,0.5486897826194763
65,9,1,0.6642019854241287,0.29433438181877136,0.350343463547302,132,0.721806526184082
65,10,1,0.0,0.29443734884262085,0.3330513086563688,123,0.5487772226333618
65,23,0,0.0,0.0,0.3629306460521659,49,0.6120709180831909
65,8,0,0.0,0.45294079184532166,0.33358166312738774,93,0.5285553932189941
65,6,0,0.0,0.29444941878318787,0.3272104997187853,75,0.5486850738525391
65,5,0,0.0,0.0,0.34280268562047983,86,0.5719727873802185
65,0,0,0.0,0.29368647933006287,0.3463856258357947,52,0.5626494288444519
65,12,0,0.0,0.037858348339796066,0.18281329174836478,12,0.3353216350078583
65,40,0,0.0,0.0,0.2073526491294615,16,0.35363054275512695
65,26,0,0.0,0.29383334517478943,0.32784326936592134,57,0.5440101623535156
65,3,0,0.0,0.03456546738743782,0.22631928883492947,9,0.5522598028182983
65,25,0,0.0,0.2938378155231476,0.323382280960043,123,0.5466135144233704
65,39,0,0.0,0.0,0.11053223613028725,6,0.22259292006492615
65,16,0,0.0,0.0,0.22807019066942089,17,0.4104084074497223
65,36,0,0.0,0.0,0.08882521209307015,5,0.34607717394828796
65,37,0,0.0,0.017854664474725723,0.07007024541962892,2,0.1382940411567688
65,43,0,0.0,0.0,0.18892700457945466,3,0.3321041762828827
65,2,0,0.0,0.0,0.3363345413020364,54,0.5214826464653015
65,4,0,0.0,0.0,0.23464425355196,5,0.332098126411438
65,28,0,0.0,0.4530177712440491,0.3002731032096423,26,0.5201427936553955
65,17,0,0.0,0.02390110120177269,0.16430597752332687,3,0.3250329792499542
65,11,0,0.0,0.0,0.18664873329301676,12,0.3665458858013153
65,14,0,0.0,0.025673460215330124,0.26407086104154587,4,0.5244344472885132
65,15,0,0.0,0.0,0.18902366422116756,4,0.331576406955719
65,38,0,0.0,0.0,0.11052130162715912,1,0.11052130162715912
65,18,0,0.0,0.0,0.16043263270209232,6,0.5106946229934692
65,35,0,0.0,0.0,0.15693993866443634,2,0.23703964054584503
65,30,0,0.0,0.0,0.2488671839237213,1,0.2488671839237213
65,32,0,0.0,0.0,0.05987196043133736,3,0.0881086140871048
65,29,0,0.0,0.0,0.014150664501357824,2,0.02649318426847458
65,31,0,0.0,0.0,0.04804918554145843,2,0.09425964951515198
65,47,0,0.0,0.0,0.06471777707338333,1,0.06471777707338333
65,41,0,0.0,0.0,0.04574463400058448,2,0.0847301185131073
65,42,0,0.0,0.0,0.08471418917179108,1,0.08471418917179108
66,22,0,2.087746663571796,1.0,1.0,156,1.0
66,48,0,0.0,0.0,0.5311201214790344,1,0.5311201214790344
66,49,0,0.0,0.0,0.5303062200546265,1,0.5303062200546265
66,1,0,0.0,0.0,0.5293113589286804,1,0.5293113589286804
66,27,0,0.0,0.0,0.3825093135237694,2,0.5289968848228455
66,21,0,0.962180224248508,0.29622045159339905,0.34670445873215794,125,0.5466527342796326
66,7,0,0.8910002089784977,0.40449559688568115,0.35655350372072236,106,0.7377253770828247
66,13,0,0.946800165046137,0.29625383019447327,0.3540839981339844,134,0.7096469402313232
66,19,0,0.90922942133026,0.29627686738967896,0.34669168367413167,131,0.5466375946998596
66,24,0,0.8833976575940202,0.29613548517227173,0.3374374033797772,109,0.5483644008636475
66,20,0,0.8375137857725486,0.0,0.3639321638605533,117,0.5486897826194763
66,9,0,0.6642019854241287,0.2967272996902466,0.350343463547302,132,0.721806526184082
66,10,1,0.0,0.2967958450317383,0.3330513086563688,123,0.5487772226333618
66,23,0,0.0,0.29612496495246887,0.3629306460521659,49,0.6120709180831909
66,8,0,0.0,0.40511077642440796,0.33358166312738774,93,0.5285553932189941
66,6,0,0.0,0.2961174249649048,0.3272104997187853,75,0.5486850738525391
66,5,0,0.0,0.29616498947143555,0.34280268562047983,86,0.5719727873802185
66,0,0,0.0,0.0,0.3463856258357947,52,0.5626494288444519
66,12,0,0.0,0.0,0.18281329174836478,12,0.3353216350078583
66,40,0,0.0,0.0,0.2073526491294615,16,0.35363054275512695
66,26,0,0.0,0.0,0.32784326936592134,57,0.5440101623535156
66,3,0,0.0,0.029235107824206352,0.22631928883492947,9,0.5522598028182983
66,25,0,0.0,0.29623451828956604,0.323382280960043,123,0.5466135144233704
66,39,0,0.0,0.0,0.11053223613028725,6,0.22259292006492615
66,16,0,0.0,0.0,0.22807019066942089,17,0.4104084074497223
66,36,0,0.0,0.0,0.08882521209307015,5,0.34607717394828796
66,37,0,0.0,0.0,0.07007024541962892,2,0.1382940411567688
66,43,0,0.0,0.00010109676804859191,0.18892700457945466,3,0.3321041762828827
66,2,0,0.0,0.0,0.3363345413020364,54,0.5214826464653015
66,4,0,0.0,0.014645248651504517,0.23464425355196,5,0.332098126411438
66,28,0,0.0,0.0,0.3002731032096423,26,0.5201427936553955
66,17,0,0.0,0.014283276163041592,0.16430597752332687,3,0.3250329792499542
66,11,0,0.0,0.0038777003064751625,0.18664873329301676,12,0.3665458858013153
66,14,0,0.0,0.0030676834285259247,0.26407086104154587,4,0.5244344472885132
66,15,1,0.0,0.0,0.18902366422116756,4,0.331576406955719
66,38,0,0.0,0.0,0.11052130162715912,1,0.11052130162715912
66,18,0,0.0,0.0,0.16043263270209232,6,0.5106946229934692
66,35,0,0.0,0.0,0.15693993866443634,2,0.23703964054584503
66,30,0,0.0,1.1878547411470208e-05,0.2488671839237213,1,0.2488671839237213
66,32,0,0.0,0.0,0.05987196043133736,3,0.0881086140871048
66,29,0,0.0,0.0,0.014150664501357824,2,0.02649318426847458
66,31,0,0.0,0.0,0.04804918554145843,2,0.09425964951515198
66,47,0,0.0,0.0,0.06471777707338333,1,0.06471777707338333
66,41,0,0.0,0.0,0.04574463400058448,2,0.0847301185131073
66,42,0,0.0,0.0,0.08471418917179108,1,0.08471418917179108
67,22,0,2.087746663571796,1.0,1.0,156,1.0
67,48,0,0.0,0.0,0.5311201214790344,1,0.5311201214790344
67,49,0,0.0,0.0,0.5303062200546265,1,0.5303062200546265
67,1,0,0.0,0.0,0.5293113589286804,1,0.5293113589286804
67,27,0,0.0,0.0,0.3825093135237694,2,0.5289968848228455
67,21,1,0.962180224248508,0.3337666392326355,0.34670445873215794,125,0.5466527342796326
67,7,0,0.8910002089784977,0.21212658286094666,0.35655350372072236,106,0.7377253770828247
67,13,0,0.946800165046137,0.3336886465549469,0.3540839981339844,134,0.7096469402313232
67,19,0,0.90922942133026,0.21194708347320557,0.34669168367413167,131,0.5466375946998596
67,24,0,0.8833976575940202,0.0,0.3374374033797772,109,0.5483644008636475
67,20,0,0.8375137857725486,0.33383214473724365,0.3639321638605533,117,0.5486897826194763
67,9,0,0.6642019854241287,0.3340683877468109,0.350343463547302,132,0.721806526184082
67,10,1,0.0,0.21254122257232666,0.3330513086563688,123,0.5487772226333618
67,23,0,0.0,0.0,0.3629306460521659,49,0.6120709180831909
67,8,0,0.0,0.21291905641555786,0.33358166312738774,93,0.5285553932189941
67,6,0,0.0,0.33385634422302246,0.3272104997187853,75,0.5486850738525391
67,5,0,0.0,0.0,0.34280268562047983,86,0.5719727873802185
67,0,0,0.0,0.0,0.3463856258357947,52,0.5626494288444519
67,12,0,0.0,0.0,0.18281329174836478,12,0.3353216350078583
67,40,0,0.0,0.0,0.2073526491294615,16,0.35363054275512695
67,26,0,0.0,0.2119414508342743,0.32784326936592134,57,0.5440101623535156
67,3,0,0.0,0.0007240466657094657,0.22631928883492947,9,0.5522598028182983
67,25,0,0.0,0.21207237243652344,0.323382280960043,123,0.5466135144233704
67,39,0,0.0,0.0,0.11053223613028725,6,0.22259292006492615
67,16,0,0.0,0.0,0.22807019066942089,17,0.4104084074497223
67,36,0,0.0,0.0,0.08882521209307015,5,0.34607717394828796
67,37,0,0.0,0.13801255822181702,0.07007024541962892,2,0.1382940411567688
67,43,0,0.0,0.0,0.18892700457945466,3,0.3321041762828827
67,2,0,0.0,0.0,0.3363345413020364,54,0.5214826464653015
67,4,0,0.0,0.0,0.23464425355196,5,0.332098126411438
67,28,0,0.0,0.0,0.3002731032096423,26,0.5201427936553955
67,17,0,0.0,0.0,0.16430597752332687,3,0.3250329792499542
67,11,0,0.0,0.0,0.18664873329301676,12,0.3665458858013153
67,14,0,0.0,0.008177596144378185,0.26407086104154587,4,0.5244344472885132
67,15,0,0.0,0.00045443137059919536,0.18902366422116756,4,0.331576406955719
67,38,0,0.0,0.0,0.11052130162715912,1,0.11052130162715912
67,18,0,0.0,0.0,0.16043263270209232,6,0.5106946229934692
67,35,0,0.0,0.0,0.15693993866443634,2,0.23703964054584503
67,30,0,0.0,0.0,0.2488671839237213,1,0.2488671839237213
67,32,0,0.0,0.0,0.05987196043133736,3,0.0881086140871048
67,29,0,0.0,0.0,0.014150664501357824,2,0.02649318426847458
67,31,0,0.0,1.268735377379926e-05,0.04804918554145843,2,0.09425964951515198
67,47,0,0.0,0.0,0.06471777707338333,1,0.06471777707338333
67,41,0,0.0,0.0,0.04574463400058448,2,0.0847301185131073
67,42,0,0.0,0.0,0.08471418917179108,1,0.08471418917179108
68,22,0,2.087746663571796,1.0,1.0,156,1.0
68,48,0,0.0,0.0,0.5311201214790344,1,0.5311201214790344
68,49,0,0.0,0.0,0.5303062200546265,1,0.5303062200546265
68,1,0,0.0,0.0,0.5293113589286804,1,0.5293113589286804
68,27,0,0.0,0.0,0.3825093135237694,2,0.5289968848228455
68,21,0,0.962180224248508,0.32515302300453186,0.34670445873215794,125,0.5466527342796326
68,7,0,0.8910002089784977,0.0,0.35655350372072236,106,0.7377253770828247
68,13,0,0.946800165046137,0.32515251636505127,0.3540839981339844,134,0.7096469402313232
68,19,0,0.90922942133026,0.20236656069755554,0.34669168367413167,131,0.5466375946998596
68,24,0,0.8833976575940202,0.20228838920593262,0.3374374033797772,109,0.5483644008636475
68,20,0,0.8375137857725486,0.32509806752204895,0.3639321638605533,117,0.5486897826194763
68,9,0,0.6642019854241287,0.3257372975349426,0.350343463547302,132,0.721806526184082
68,10,1,0.0,0.20296896994113922,0.3330513086563688,123,0.5487772226333618
68,23,0,0.0,0.0,0.3629306460521659,49,0.6120709180831909
68,8,0,0.0,0.32584148645401,0.33358166312738774,93,0.5285553932189941
68,6,1,0.0,0.2030085176229477,0.3272104997187853,75,0.5486850738525391
68,5,0,0.0,0.0,0.34280268562047983,86,0.5719727873802185
68,0,0,0.0,0.20229043066501617,0.3463856258357947,52,0.5626494288444519
68,12,0,0.0,0.0,0.18281329174836478,12,0.3353216350078583
68,40,0,0.0,0.0,0.2073526491294615,16,0.35363054275512695
68,26,0,0.0,0.0,0.32784326936592134,57,0.5440101623535156
68,3,0,0.0,0.045191287994384766,0.22631928883492947,9,0.5522598028182983
68,25,0,0.0,0.2022804170846939,0.323382280960043,123,0.5466135144233704
68,39,0,0.0,0.0,0.11053223613028725,6,0.22259292006492615
68,16,0,0.0,0.0,0.22807019066942089,17,0.4104084074497223
68,36,0,0.0,0.0,0.08882521209307015,5,0.34607717394828796
68,37,0,0.0,0.04110841453075409,0.07007024541962892,2,0.1382940411567688
68,43,0,0.0,0.0,0.18892700457945466,3,0.3321041762828827
68,2,0,0.0,0.0,0.3363345413020364,54,0.5214826464653015
68,4,0,0.0,0.0,0.23464425355196,5,0.332098126411438
68,28,0,0.0,0.04145640507340431,0.3002731032096423,26,0.5201427936553955
68,17,0,0.0,0.0,0.16430597752332687,3,0.3250329792499542
68,11,0,0.0,0.0,0.18664873329301676,12,0.3665458858013153
68,14,0,0.0,0.0004692334623541683,0.26407086104154587,4,0.5244344472885132
68,15,0,0.0,0.0005993646918796003,0.18902366422116756,4,0.331576406955719
68,38,0,0.0,0.0,0.11052130162715912,1,0.11052130162715912
68,18,0,0.0,0.0,0.16043263270209232,6,0.5106946229934692
68,35,0,0.0,0.0,0.15693993866443634,2,0.23703964054584503
68,30,0,0.0,0.0,0.2488671839237213,1,0.2488671839237213
68,32,0,0.0,0.0,0.05987196043133736,3,0.0881086140871048
68,29,0,0.0,0.0,0.014150664501357824,2,0.02649318426847458
68,31,0,0.0,0.0,0.04804918554145843,2,0.09425964951515198
68,47,0,0.0,0.0,0.06471777707338333,1,0.06471777707338333
68,41,0,0.0,0.0,0.04574463400058448,2,0.0847301185131073
68,42,0,0.0,0.0,0.08471418917179108,1,0.08471418917179108
69,22,0,2.087746663571796,1.0,1.0,156,1.0
69,48,0,0.0,0.0,0.5311201214790344,1,0.5311201214790344
69,49,0,0.0,0.0,0.5303062200546265,1,0.5303062200546265
69,1,0,0.0,0.0,0.5293113589286804,1,0.5293113589286804
69,27,0,0.0,0.0,0.3825093135237694,2,0.5289968848228455
69,21,0,0.962180224248508,0.452166885137558,0.34670445873215794,125,0.5466527342796326
69,7,0,0.8910002089784977,0.351949542760849,0.35655350372072236,106,0.7377253770828247
69,13,0,0.946800165046137,0.3520219624042511,0.3540839981339844,134,0.7096469402313232
69,19,0,0.90922942133026,0.3519865870475769,0.34669168367413167,131,0.5466375946998596
69,24,0,0.8833976575940202,0.0,0.3374374033797772,109,0.5483644008636475
69,20,0,0.8375137857725486,0.3519519567489624,0.3639321638605533,117,0.5486897826194763
69,9,0,0.6642019854241287,0.3524388074874878,0.350343463547302,132,0.721806526184082
69,10,1,0.0,0.3525005877017975,0.3330513086563688,123,0.5487772226333618
69,23,0,0.0,0.0,0.3629306460521659,49,0.6120709180831909
69,8,0,0.0,0.45169901847839355,0.33358166312738774,93,0.5285553932189941
69,6,0,0.0,0.4516863524913788,0.3272104997187853,75,0.5486850738525391
69,5,0,0.0,0.45179271697998047,0.34280268562047983,86,0.5719727873802185
69,0,0,0.0,0.0,0.3463856258357947,52,0.5626494288444519
69,12,0,0.0,0.0,0.18281329174836478,12,0.3353216350078583
69,40,0,0.0,0.00039799261139705777,0.2073526491294615,16,0.35363054275512695
69,26,0,0.0,0.0004615715588442981,0.32784326936592134,57,0.5440101623535156
69,3,0,0.0,0.0005928387399762869,0.22631928883492947,9,0.5522598028182983
69,25,0,0.0,0.3521091938018799,0.323382280960043,123,0.5466135144233704
69,39,0,0.0,0.0004447479732334614,0.11053223613028725,6,0.22259292006492615
69,16,0,0.0,0.0,0.22807019066942089,17,0.4104084074497223
69,36,0,0.0,0.0,0.08882521209307015,5,0.34607717394828796
69,37,0,0.0,0.0,0.07007024541962892,2,0.1382940411567688
69,43,0,0.0,0.0,0.18892700457945466,3,0.3321041762828827
69,2,0,0.0,0.0,0.3363345413020364,54,0.5214826464653015
69,4,0,0.0,0.09762967377901077,0.23464425355196,5,0.332098126411438
69,28,0,0.0,0.00042380020022392273,0.3002731032096423,26,0.5201427936553955
69,17,0,0.0,0.0,0.16430597752332687,3,0.3250329792499542
69,11,0,0.0,0.0,0.18664873329301676,12,0.3665458858013153
69,14,0,0.0,0.0,0.26407086104154587,4,0.5244344472885132
69,15,1,0.0,0.0,0.18902366422116756,4,0.331576406955719
69,38,0,0.0,0.0,0.11052130162715912,1,0.11052130162715912
69,18,0,0.0,0.0,0.16043263270209232,6,0.5106946229934692
69,35,0,0.0,0.0,0.15693993866443634,2,0.23703964054584503
69,30,0,0.0,0.0,0.2488671839237213,1,0.2488671839237213
69,32,0,0.0,0.0,0.05987196043133736,3,0.0881086140871048
69,29,0,0.0,0.0,0.014150664501357824,2,0.02649318426847458
69,31,0,0.0,0.0,0.04804918554145843,2,0.09425964951515198
69,47,0,0.0,0.0,0.06471777707338333,1,0.06471777707338333
69,41,0,0.0,0.0,0.04574463400058448,2,0.0847301185131073
69,42,0,0.0,0.0,0.08471418917179108,1,0.08471418917179108
70,22,0,2.087746663571796,1.0,1.0,156,1.0
70,48,0,0.0,0.0,0.5311201214790344,1,0.5311201214790344
70,49,0,0.0,0.0,0.5303062200546265,1,0.5303062200546265
70,1,0,0.0,0.0,0.5293113589286804,1,0.5293113589286804
70,27,0,0.0,0.0,0.3825093135237694,2,0.5289968848228455
70,21,0,0.962180224248508,0.4924544394016266,0.34670445873215794,125,0.5466527342796326
70,7,0,0.8910002089784977,0.39960601925849915,0.35655350372072236,106,0.7377253770828247
70,13,0,0.946800165046137,0.3996957242488861,0.3540839981339844,134,0.7096469402313232
70,19,0,0.90922942133026,0.3996504247188568,0.34669168367413167,131,0.5466375946998596
70,24,0,0.8833976575940202,0.39960914850234985,0.3374374033797772,109,0.5483644008636475
70,20,0,0.8375137857725486,0.3996068835258484,0.3639321638605533,117,0.5486897826194763
70,9,0,0.6642019854241287,0.4000624418258667,0.350343463547302,132,0.721806526184082
70,10,1,0.0,0.49274495244026184,0.3330513086563688,123,0.5487772226333618
70,23,0,0.0,0.0,0.3629306460521659,49,0.6120709180831909
70,8,0,0.0,0.3995957672595978,0.33358166312738774,93,0.5285553932189941
70,6,0,0.0,0.49255698919296265,0.3272104997187853,75,0.5486850738525391
70,5,0,0.0,0.39959120750427246,0.34280268562047983,86,0.5719727873802185
70,0,0,0.0,0.3994166851043701,0.3463856258357947,52,0.5626494288444519
70,12,0,0.0,0.0,0.18281329174836478,12,0.3353216350078583
70,40,0,0.0,0.0,0.2073526491294615,16,0.35363054275512695
70,26,0,0.0,0.0,0.32784326936592134,57,0.5440101623535156
70,3,0,0.0,0.3269178569316864,0.22631928883492947,9,0.5522598028182983
70,25,0,0.0,0.4920029938220978,0.323382280960043,123,0.5466135144233704
70,39,0,0.0,0.0,0.11053223613028725,6,0.22259292006492615
70,16,0,0.0,0.0,0.22807019066942089,17,0.4104084074497223
70,36,0,0.0,0.0,0.08882521209307015,5,0.34607717394828796
70,37,0,0.0,0.0,0.07007024541962892,2,0.1382940411567688
70,43,0,0.0,0.0,0.18892700457945466,3,0.3321041762828827
70,2,0,0.0,0.0,0.3363345413020364,54,0.5214826464653015
70,4,0,0.0,0.0,0.23464425355196,5,0.332098126411438
70,28,0,0.0,0.0,0.3002731032096423,26,0.5201427936553955
70,17,0,0.0,0.27694007754325867,0.16430597752332687,3,0.3250329792499542
70,11,0,0.0,0.2770557701587677,0.18664873329301676,12,0.3665458858013153
70,14,1,0.0,0.0,0.26407086104154587,4,0.5244344472885132
70,15,0,0.0,0.0,0.18902366422116756,4,0.331576406955719
70,38,0,0.0,0.0,0.11052130162715912,1,0.11052130162715912
70,18,0,0.0,0.0,0.16043263270209232,6,0.5106946229934692
70,35,0,0.0,0.0,0.15693993866443634,2,0.23703964054584503
70,30,0,0.0,0.0,0.2488671839237213,1,0.2488671839237213
70,32,0,0.0,0.0,0.05987196043133736,3,0.0881086140871048
70,29,0,0.0,0.0,0.014150664501357824,2,0.02649318426847458
70,31,0,0.0,0.0,0.04804918554145843,2,0.09425964951515198
70,47,0,0.0,0.0,0.06471777707338333,1,0.06471777707338333
70,41,0,0.0,0.0,0.04574463400058448,2,0.0847301185131073
70,42,0,0.0,0.0,0.08471418917179108,1,0.08471418917179108
71,22,0,2.087746663571796,1.0,1.0,156,1.0
71,48,0,0.0,0.0,0.5311201214790344,1,0.5311201214790344
71,49,0,0.0,0.0,0.5303062200546265,1,0.5303062200546265
71,1,0,0.0,0.0,0.5293113589286804,1,0.5293113589286804
71,27,0,0.0,0.0,0.3825093135237694,2,0.5289968848228455
71,21,0,0.962180224248508,0.17368054389953613,0.34670445873215794,125,0.5466527342796326
71,7,0,0.8910002089784977,0.17387408018112183,0.35655350372072236,106,0.7377253770828247
71,13,0,0.946800165046137,0.547008752822876,0.3540839981339844,134,0.7096469402313232
71,19,0,0.90922942133026,0.4616674780845642,0.34669168367413167,131,0.5466375946998596
71,24,0,0.8833976575940202,0.1737166792154312,0.3374374033797772,109,0.5483644008636475
71,20,0,0.8375137857725486,0.3780685067176819,0.3639321638605533,117,0.5486897826194763
71,9,0,0.6642019854241287,0.17380118370056152,0.350343463547302,132,0.721806526184082
71,10,0,0.0,0.17384617030620575,0.3330513086563688,123,0.5487772226333618
71,23,0,0.0,0.1736179143190384,0.3629306460521659,49,0.6120709180831909
71,8,0,0.0,0.37807247042655945,0.33358166312738774,93,0.5285553932189941
71,6,0,0.0,0.0,0.3272104997187853,75,0.5486850738525391
71,5,0,0.0,0.17433862388134003,0.34280268562047983,86,0.5719727873802185
71,0,0,0.0,0.0,0.3463856258357947,52,0.5626494288444519
71,12,0,0.0,0.0,0.18281329174836478,12,0.3353216350078583
71,40,0,0.0,0.17265373468399048,0.2073526491294615,16,0.35363054275512695
71,26,0,0.0,0.0,0.32784326936592134,57,0.5440101623535156
71,3,0,0.0,0.0,0.22631928883492947,9,0.5522598028182983
71,25,0,0.0,0.1742618829011917,0.323382280960043,123,0.5466135144233704
71,39,0,0.0,0.0,0.11053223613028725,6,0.22259292006492615
71,16,0,0.0,0.0,0.22807019066942089,17,0.4104084074497223
71,36,0,0.0,0.0,0.08882521209307015,5,0.34607717394828796
71,37,0,0.0,0.0,0.07007024541962892,2,0.1382940411567688
71,43,0,0.0,0.0,0.18892700457945466,3,0.3321041762828827
71,2,0,0.0,0.0,0.3363345413020364,54,0.5214826464653015
71,4,0,0.0,0.0,0.23464425355196,5,0.332098126411438
71,28,0,0.0,0.0,0.3002731032096423,26,0.5201427936553955
71,17,0,0.0,0.0,0.16430597752332687,3,0.3250329792499542
71,11,1,0.0,0.3665458858013153,0.18664873329301676,12,0.3665458858013153
71,14,0,0.0,0.0,0.26407086104154587,4,0.5244344472885132
71,15,0,0.0,0.0,0.18902366422116756,4,0.331576406955719
71,38,0,0.0,0.0,0.11052130162715912,1,0.11052130162715912
71,18,0,0.0,0.15899862349033356,0.16043263270209232,6,0.5106946229934692
71,35,0,0.0,0.0,0.15693993866443634,2,0.23703964054584503
71,30,0,0.0,0.2488671839237213,0.2488671839237213,1,0.2488671839237213
71,32,0,0.0,0.0,0.05987196043133736,3,0.0881086140871048
71,29,0,0.0,0.0,0.014150664501357824,2,0.02649318426847458
71,31,0,0.0,0.0,0.04804918554145843,2,0.09425964951515198
71,47,0,0.0,0.13250254094600677,0.06471777707338333,1,0.06471777707338333
71,41,0,0.0,0.0,0.04574463400058448,2,0.0847301185131073
71,42,0,0.0,0.0,0.08471418917179108,1,0.08471418917179108
72,22,0,2.087746663571796,1.0,1.0,156,1.0
72,48,0,0.0,0.0,0.5311201214790344,1,0.5311201214790344
72,49,0,0.0,0.0,0.5303062200546265,1,0.5303062200546265
72,1,0,0.0,0.0,0.5293113589286804,1,0.5293113589286804
72,27,0,0.0,0.0,0.3825093135237694,2,0.5289968848228455
72,21,0,0.962180224248508,0.32603171467781067,0.34670445873215794,125,0.5466527342796326
72,7,0,0.8910002089784977,0.0,0.35655350372072236,106,0.7377253770828247
72,13,0,0.946800165046137,0.32575827836990356,0.3540839981339844,134,0.7096469402313232
72,19,0,0.90922942133026,0.3261560797691345,0.34669168367413167,131,0.5466375946998596
72,24,0,0.8833976575940202,0.0,0.3374374033797772,109,0.5483644008636475
72,20,0,0.8375137857725486,0.12960803508758545,0.3639321638605533,117,0.5486897826194763
72,9,0,0.6642019854241287,0.3257324695587158,0.350343463547302,132,0.721806526184082
72,10,0,0.0,0.12890039384365082,0.3330513086563688,123,0.5487772226333618
72,23,0,0.0,0.1293615847826004,0.3629306460521659,49,0.6120709180831909
72,8,0,0.0,0.3258974254131317,0.33358166312738774,93,0.5285553932189941
72,6,0,0.0,0.0,0.3272104997187853,75,0.5486850738525391
72,5,0,0.0,0.1288267970085144,0.34280268562047983,86,0.5719727873802185
72,0,0,0.0,0.12892760336399078,0.3463856258357947,52,0.5626494288444519
72,12,1,0.0,0.0,0.18281329174836478,12,0.3353216350078583
72,40,0,0.0,0.029223455116152763,0.2073526491294615,16,0.35363054275512695
72,26,0,0.0,0.0,0.32784326936592134,57,0.5440101623535156
72,3,0,0.0,0.033957187086343765,0.22631928883492947,9,0.5522598028182983
72,25,0,0.0,0.32594868540763855,0.323382280960043,123,0.5466135144233704
72,39,0,0.0,0.0,0.11053223613028725,6,0.22259292006492615
72,16,0,0.0,0.0,0.22807019066942089,17,0.4104084074497223
72,36,0,0.0,0.0,0.08882521209307015,5,0.34607717394828796
72,37,0,0.0,0.0,0.07007024541962892,2,0.1382940411567688
72,43,0,0.0,0.0,0.18892700457945466,3,0.3321041762828827
72,2,0,0.0,0.0,0.3363345413020364,54,0.5214826464653015
72,4,0,0.0,0.0,0.23464425355196,5,0.332098126411438
72,28,0,0.0,0.0,0.3002731032096423,26,0.5201427936553955
72,17,0,0.0,0.0,0.16430597752332687,3,0.3250329792499542
72,11,0,0.0,0.14437590539455414,0.18664873329301676,12,0.3665458858013153
72,14,0,0.0,0.0789443850517273,0.26407086104154587,4,0.5244344472885132
72,15,0,0.0,0.0,0.18902366422116756,4,0.331576406955719
72,38,0,0.0,0.0,0.11052130162715912,1,0.11052130162715912
72,18,0,0.0,0.0,0.16043263270209232,6,0.5106946229934692
72,35,0,0.0,0.0,0.15693993866443634,2,0.23703964054584503
72,30,0,0.0,0.0,0.2488671839237213,1,0.2488671839237213
72,32,0,0.0,0.0,0.05987196043133736,3,0.0881086140871048
72,29,0,0.0,0.0,0.014150664501357824,2,0.02649318426847458
72,31,0,0.0,0.0,0.04804918554145843,2,0.09425964951515198
72,47,0,0.0,0.0,0.06471777707338333,1,0.06471777707338333
72,41,0,0.0,0.0,0.04574463400058448,2,0.0847301185131073
72,42,0,0.0,0.0,0.08471418917179108,1,0.08471418917179108
73,22,0,2.087746663571796,1.0,1.0,156,1.0
73,48,0,0.0,0.0,0.5311201214790344,1,0.5311201214790344
73,49,0,0.0,0.0,0.5303062200546265,1,0.5303062200546265
73,1,0,0.0,0.0,0.5293113589286804,1,0.5293113589286804
73,27,0,0.0,0.0,0.3825093135237694,2,0.5289968848228455
73,21,1,0.962180224248508,0.11784950643777847,0.34670445873215794,125,0.5466527342796326
73,7,0,0.8910002089784977,0.117393858730793,0.35655350372072236,106,0.7377253770828247
73,13,0,0.946800165046137,0.11786363273859024,0.3540839981339844,134,0.7096469402313232
73,19,0,0.90922942133026,0.3168683648109436,0.34669168367413167,131,0.5466375946998596
73,24,0,0.8833976575940202,0.31694257259368896,0.3374374033797772,109,0.5483644008636475
73,20,0,0.8375137857725486,0.3162856996059418,0.3639321638605533,117,0.5486897826194763
73,9,0,0.6642019854241287,0.11779680103063583,0.350343463547302,132,0.721806526184082
73,10,0,0.0,0.31680527329444885,0.3330513086563688,123,0.5487772226333618
73,23,0,0.0,0.3161449730396271,0.3629306460521659,49,0.6120709180831909
73,8,0,0.0,0.11795132607221603,0.33358166312738774,93,0.5285553932189941
73,6,0,0.0,0.0,0.3272104997187853,75,0.5486850738525391
73,5,0,0.0,0.0,0.34280268562047983,86,0.5719727873802185
73,0,0,0.0,0.0,0.3463856258357947,52,0.5626494288444519
73,12,1,0.0,0.0,0.18281329174836478,12,0.3353216350078583
73,40,0,0.0,0.0,0.2073526491294615,16,0.35363054275512695
73,26,0,0.0,0.0,0.32784326936592134,57,0.5440101623535156
73,3,0,0.0,0.0,0.22631928883492947,9,0.5522598028182983
73,25,0,0.0,0.11788720637559891,0.323382280960043,123,0.5466135144233704
73,39,0,0.0,0.05238594114780426,0.11053223613028725,6,0.22259292006492615
73,16,0,0.0,0.00010371009557275102,0.22807019066942089,17,0.4104084074497223
73,36,0,0.0,3.384107185411267e-05,0.08882521209307015,5,0.34607717394828796
73,37,0,0.0,0.0,0.07007024541962892,2,0.1382940411567688
73,43,0,0.0,0.0,0.18892700457945466,3,0.3321041762828827
73,2,0,0.0,0.0,0.3363345413020364,54,0.5214826464653015
73,4,0,0.0,0.0,0.23464425355196,5,0.332098126411438
73,28,0,0.0,0.0,0.3002731032096423,26,0.5201427936553955
73,17,0,0.0,0.0032329896930605173,0.16430597752332687,3,0.3250329792499542
73,11,0,0.0,0.0,0.18664873329301676,12,0.3665458858013153
73,14,0,0.0,0.0,0.26407086104154587,4,0.5244344472885132
73,15,0,0.0,0.0,0.18902366422116756,4,0.331576406955719
73,38,0,0.0,0.0,0.11052130162715912,1,0.11052130162715912
73,18,0,0.0,0.0,0.16043263270209232,6,0.5106946229934692
73,35,0,0.0,0.0,0.15693993866443634,2,0.23703964054584503
73,30,0,0.0,0.0,0.2488671839237213,1,0.2488671839237213
73,32,0,0.0,0.0,0.05987196043133736,3,0.0881086140871048
73,29,0,0.0,0.0,0.014150664501357824,2,0.02649318426847458
73,31,0,0.0,0.0,0.04804918554145843,2,0.09425964951515198
73,47,0,0.0,0.0,0.06471777707338333,1,0.06471777707338333
73,41,0,0.0,4.0364651795243844e-05,0.04574463400058448,2,0.0847301185131073
73,42,0,0.0,0.0,0.08471418917179108,1,0.08471418917179108
74,22,0,2.087746663571796,1.0,1.0,156,1.0
74,48,0,0.0,0.0,0.5311201214790344,1,0.5311201214790344
74,49,0,0.0,0.0,0.5303062200546265,1,0.5303062200546265
74,1,0,0.0,0.0,0.5293113589286804,1,0.5293113589286804
74,27,0,0.0,0.0,0.3825093135237694,2,0.5289968848228455
74,21,0,0.962180224248508,0.3088392913341522,0.34670445873215794,125,0.5466527342796326
74,7,0,0.8910002089784977,0.0002981201105285436,0.35655350372072236,106,0.7377253770828247
74,13,1,0.946800165046137,0.3087581694126129,0.3540839981339844,134,0.7096469402313232
74,19,0,0.90922942133026,0.30788707733154297,0.34669168367413167,131,0.5466375946998596
74,24,0,0.8833976575940202,0.3077903389930725,0.3374374033797772,109,0.5483644008636475
74,20,0,0.8375137857725486,2.1414261937025003e-06,0.3639321638605533,117,0.5486897826194763
74,9,0,0.6642019854241287,0.30871424078941345,0.350343463547302,132,0.721806526184082
74,10,0,0.0,0.0007810327224433422,0.3330513086563688,123,0.5487772226333618
74,23,0,0.0,0.0,0.3629306460521659,49,0.6120709180831909
74,8,0,0.0,0.08230789750814438,0.33358166312738774,93,0.5285553932189941
74,6,0,0.0,0.0,0.3272104997187853,75,0.5486850738525391
74,5,0,0.0,0.0,0.34280268562047983,86,0.5719727873802185
74,0,0,0.0,0.0,0.3463856258357947,52,0.5626494288444519
74,12,1,0.0,0.0,0.18281329174836478,12,0.3353216350078583
74,40,0,0.0,0.0,0.2073526491294615,16,0.35363054275512695
74,26,0,0.0,0.0,0.32784326936592134,57,0.5440101623535156
74,3,0,0.0,0.0863998681306839,0.22631928883492947,9,0.5522598028182983
74,25,0,0.0,0.30786970257759094,0.323382280960043,123,0.5466135144233704
74,39,0,0.0,0.0,0.11053223613028725,6,0.22259292006492615
74,16,0,0.0,0.0,0.22807019066942089,17,0.4104084074497223
74,36,0,0.0,0.0,0.08882521209307015,5,0.34607717394828796
74,37,0,0.0,0.0,0.07007024541962892,2,0.1382940411567688
74,43,0,0.0,0.0,0.18892700457945466,3,0.3321041762828827
74,2,0,0.0,0.0,0.3363345413020364,54,0.5214826464653015
74,4,0,0.0,0.08239985257387161,0.23464425355196,5,0.332098126411438
74,28,0,0.0,0.0,0.3002731032096423,26,0.5201427936553955
74,17,0,0.0,0.08243948966264725,0.16430597752332687,3,0.3250329792499542
74,11,0,0.0,0.08233518898487091,0.18664873329301676,12,0.3665458858013153
74,14,0,0.0,0.11101005971431732,0.26407086104154587,4,0.5244344472885132
74,15,0,0.0,0.0,0.18902366422116756,4,0.331576406955719
74,38,0,0.0,0.0,0.11052130162715912,1,0.11052130162715912
74,18,0,0.0,0.0,0.16043263270209232,6,0.5106946229934692
74,35,0,0.0,0.0,0.15693993866443634,2,0.23703964054584503
74,30,0,0.0,0.0,0.2488671839237213,1,0.2488671839237213
74,32,0,0.0,0.0,0.05987196043133736,3,0.0881086140871048
74,29,0,0.0,0.0,0.014150664501357824,2,0.02649318426847458
74,31,0,0.0,0.0,0.04804918554145843,2,0.09425964951515198
74,47,0,0.0,0.0,0.06471777707338333,1,0.06471777707338333
74,41,0,0.0,0.0,0.04574463400058448,2,0.0847301185131073
74,42,0,0.0,0.0,0.08471418917179108,1,0.08471418917179108
75,22,0,2.087746663571796,1.0,1.0,156,1.0
75,48,0,0.0,0.0,0.5311201214790344,1,0.5311201214790344
75,49,0,0.0,0.0,0.5303062200546265,1,0.5303062200546265
75,1,0,0.0,0.0,0.5293113589286804,1,0.5293113589286804
75,27,0,0.0,0.0,0.3825093135237694,2,0.5289968848228455
75,21,0,0.962180224248508,0.290571004152298,0.34670445873215794,125,0.5466527342796326
75,7,0,0.8910002089784977,0.40006107091903687,0.35655350372072236,106,0.7377253770828247
75,13,1,0.946800165046137,0.2905441224575043,0.3540839981339844,134,0.7096469402313232
75,19,0,0.90922942133026,0.2905159294605255,0.34669168367413167,131,0.5466375946998596
75,24,0,0.8833976575940202,0.2904380261898041,0.3374374033797772,109,0.5483644008636475
75,20,0,0.8375137857725486,0.4002656042575836,0.3639321638605533,117,0.5486897826194763
75,9,0,0.6642019854241287,0.3996739983558655,0.350343463547302,132,0.721806526184082
75,10,0,0.0,0.3997882306575775,0.3330513086563688,123,0.5487772226333618
75,23,0,0.0,0.0,0.3629306460521659,49,0.6120709180831909
75,8,0,0.0,0.2904374897480011,0.33358166312738774,93,0.5285553932189941
75,6,0,0.0,0.0,0.3272104997187853,75,0.5486850738525391
75,5,0,0.0,0.0,0.34280268562047983,86,0.5719727873802185
75,0,0,0.0,0.0,0.3463856258357947,52,0.5626494288444519
75,12,1,0.0,0.0,0.18281329174836478,12,0.3353216350078583
75,40,0,0.0,0.0,0.2073526491294615,16,0.35363054275512695
75,26,0,0.0,0.0,0.32784326936592134,57,0.5440101623535156
75,3,0,0.0,0.0,0.22631928883492947,9,0.5522598028182983
75,25,0,0.0,0.2904966473579407,0.323382280960043,123,0.5466135144233704
75,39,0,0.0,0.0,0.11053223613028725,6,0.22259292006492615
75,16,0,0.0,0.0,0.22807019066942089,17,0.4104084074497223
75,36,0,0.0,0.0,0.08882521209307015,5,0.34607717394828796
75,37,0,0.0,0.0,0.07007024541962892,2,0.1382940411567688
75,43,0,0.0,0.0,0.18892700457945466,3,0.3321041762828827
75,2,0,0.0,0.3998188078403473,0.3363345413020364,54,0.5214826464653015
75,4,0,0.0,0.13189570605754852,0.23464425355196,5,0.332098126411438
75,28,0,0.0,0.20058093965053558,0.3002731032096423,26,0.5201427936553955
75,17,0,0.0,0.0,0.16430597752332687,3,0.3250329792499542
75,11,0,0.0,0.0,0.18664873329301676,12,0.3665458858013153
75,14,0,0.0,0.030689893290400505,0.26407086104154587,4,0.5244344472885132
75,15,0,0.0,0.0,0.18902366422116756,4,0.331576406955719
75,38,0,0.0,0.20060046017169952,0.11052130162715912,1,0.11052130162715912
75,18,0,0.0,0.20068322122097015,0.16043263270209232,6,0.5106946229934692
75,35,0,0.0,0.0,0.15693993866443634,2,0.23703964054584503
75,30,0,0.0,0.0,0.2488671839237213,1,0.2488671839237213
75,32,0,0.0,0.0,0.05987196043133736,3,0.0881086140871048
75,29,0,0.0,0.0,0.014150664501357824,2,0.02649318426847458
75,31,0,0.0,0.0,0.04804918554145843,2,0.09425964951515198
75,47,0,0.0,0.0,0.06471777707338333,1,0.06471777707338333
75,41,0,0.0,0.0,0.04574463400058448,2,0.0847301185131073
75,42,0,0.0,0.0,0.08471418917179108,1,0.08471418917179108
76,22,0,2.087746663571796,1.0,1.0,156,1.0
76,48,0,0.0,0.0,0.5311201214790344,1,0.5311201214790344
76,49,0,0.0,0.0,0.5303062200546265,1,0.5303062200546265
76,1,0,0.0,0.0,0.5293113589286804,1,0.5293113589286804
76,27,0,0.0,0.0,0.3825093135237694,2,0.5289968848228455
76,21,1,0.962180224248508,0.342857301235199,0.34670445873215794,125,0.5466527342796326
76,7,0,0.8910002089784977,0.0,0.35655350372072236,106,0.7377253770828247
76,13,0,0.946800165046137,0.2228115051984787,0.3540839981339844,134,0.7096469402313232
76,19,0,0.90922942133026,0.22234968841075897,0.34669168367413167,131,0.5466375946998596
76,24,0,0.8833976575940202,0.22267328202724457,0.3374374033797772,109,0.5483644008636475
76,20,0,0.8375137857725486,0.34248101711273193,0.3639321638605533,117,0.5486897826194763
76,9,0,0.6642019854241287,0.22228243947029114,0.350343463547302,132,0.721806526184082
76,10,0,0.0,0.34251514077186584,0.3330513086563688,123,0.5487772226333618
76,23,0,0.0,0.0,0.3629306460521659,49,0.6120709180831909
76,8,0,0.0,0.3425373136997223,0.33358166312738774,93,0.5285553932189941
76,6,0,0.0,0.2227713018655777,0.3272104997187853,75,0.5486850738525391
76,5,0,0.0,0.22231623530387878,0.34280268562047983,86,0.5719727873802185
76,0,0,0.0,0.0,0.3463856258357947,52,0.5626494288444519
76,12,1,0.0,0.0,0.18281329174836478,12,0.3353216350078583
76,40,0,0.0,0.0,0.2073526491294615,16,0.35363054275512695
76,26,0,0.0,0.0,0.32784326936592134,57,0.5440101623535156
76,3,0,0.0,0.07545279711484909,0.22631928883492947,9,0.5522598028182983
76,25,0,0.0,0.3426867127418518,0.323382280960043,123,0.5466135144233704
76,39,0,0.0,0.0,0.11053223613028725,6,0.22259292006492615
76,16,0,0.0,0.0,0.22807019066942089,17,0.4104084074497223
76,36,0,0.0,0.0,0.08882521209307015,5,0.34607717394828796
76,37,0,0.0,0.0,0.07007024541962892,2,0.1382940411567688
76,43,0,0.0,0.0,0.18892700457945466,3,0.3321041762828827
76,2,0,0.0,0.0,0.3363345413020364,54,0.5214826464653015
76,4,0,0.0,0.004606821574270725,0.23464425355196,5,0.332098126411438
76,28,0,0.0,0.2222442328929901,0.3002731032096423,26,0.5201427936553955
76,17,0,0.0,0.0,0.16430597752332687,3,0.3250329792499542
76,11,0,0.0,0.0,0.18664873329301676,12,0.3665458858013153
76,14,0,0.0,0.01936958357691765,0.26407086104154587,4,0.5244344472885132
76,15,0,0.0,0.0,0.18902366422116756,4,0.331576406955719
76,38,0,0.0,0.0,0.11052130162715912,1,0.11052130162715912
76,18,0,0.0,0.13019752502441406,0.16043263270209232,6,0.5106946229934692
76,35,0,0.0,0.0,0.15693993866443634,2,0.23703964054584503
76,30,0,0.0,0.0,0.2488671839237213,1,0.2488671839237213
76,32,0,0.0,0.0,0.05987196043133736,3,0.0881086140871048
76,29,0,0.0,0.0,0.014150664501357824,2,0.02649318426847458
76,31,0,0.0,0.0,0.04804918554145843,2,0.09425964951515198
76,47,0,0.0,0.0,0.06471777707338333,1,0.06471777707338333
76,41,0,0.0,0.0,0.04574463400058448,2,0.0847301185131073
76,42,0,0.0,0.0,0.08471418917179108,1,0.08471418917179108
77,22,0,2.087746663571796,1.0,1.0,156,1.0
77,48,0,0.0,0.0,0.5311201214790344,1,0.5311201214790344
77,49,0,0.0,0.0,0.5303062200546265,1,0.5303062200546265
77,1,0,0.0,0.0,0.5293113589286804,1,0.5293113589286804
77,27,0,0.0,0.0,0.3825093135237694,2,0.5289968848228455
77,21,0,0.962180224248508,0.3089325726032257,0.34670445873215794,125,0.5466527342796326
77,7,0,0.8910002089784977,0.30907976627349854,0.35655350372072236,106,0.7377253770828247
77,13,1,0.946800165046137,0.3087371587753296,0.3540839981339844,134,0.7096469402313232
77,19,0,0.90922942133026,0.30906909704208374,0.34669168367413167,131,0.5466375946998596
77,24,0,0.8833976575940202,0.30903536081314087,0.3374374033797772,109,0.5483644008636475
77,20,0,0.8375137857725486,0.3091006875038147,0.3639321638605533,117,0.5486897826194763
77,9,0,0.6642019854241287,0.30909985303878784,0.350343463547302,132,0.721806526184082
77,10,0,0.0,0.4155530333518982,0.3330513086563688,123,0.5487772226333618
77,23,0,0.0,0.0,0.3629306460521659,49,0.6120709180831909
77,8,0,0.0,0.415505588054657,0.33358166312738774,93,0.5285553932189941
77,6,0,0.0,0.30914559960365295,0.3272104997187853,75,0.5486850738525391
77,5,0,0.0,0.4155189096927643,0.34280268562047983,86,0.5719727873802185
77,0,0,0.0,0.0,0.3463856258357947,52,0.5626494288444519
77,12,1,0.0,0.0,0.18281329174836478,12,0.3353216350078583
77,40,0,0.0,0.0,0.2073526491294615,16,0.35363054275512695
77,26,0,0.0,0.0,0.32784326936592134,57,0.5440101623535156
77,3,0,0.0,0.0,0.22631928883492947,9,0.5522598028182983
77,25,0,0.0,0.4154426157474518,0.323382280960043,123,0.5466135144233704
77,39,0,0.0,0.0,0.11053223613028725,6,0.22259292006492615
77,16,0,0.0,0.0447060763835907,0.22807019066942089,17,0.4104084074497223
77,36,0,0.0,0.0,0.08882521209307015,5,0.34607717394828796
77,37,0,0.0,0.0,0.07007024541962892,2,0.1382940411567688
77,43,0,0.0,0.0,0.18892700457945466,3,0.3321041762828827
77,2,0,0.0,0.30913424491882324,0.3363345413020364,54,0.5214826464653015
77,4,0,0.0,0.0,0.23464425355196,5,0.332098126411438
77,28,0,0.0,0.0,0.3002731032096423,26,0.5201427936553955
77,17,0,0.0,0.02960643172264099,0.16430597752332687,3,0.3250329792499542
77,11,0,0.0,0.043473415076732635,0.18664873329301676,12,0.3665458858013153
77,14,0,0.0,0.0,0.26407086104154587,4,0.5244344472885132
77,15,0,0.0,0.0,0.18902366422116756,4,0.331576406955719
77,38,0,0.0,0.0,0.11052130162715912,1,0.11052130162715912
77,18,0,0.0,0.016933675855398178,0.16043263270209232,6,0.5106946229934692
77,35,0,0.0,0.0,0.15693993866443634,2,0.23703964054584503
77,30,0,0.0,0.0,0.2488671839237213,1,0.2488671839237213
77,32,0,0.0,0.0,0.05987196043133736,3,0.0881086140871048
77,29,0,0.0,0.0,0.014150664501357824,2,0.02649318426847458
77,31,0,0.0,0.0,0.04804918554145843,2,0.09425964951515198
77,47,0,0.0,0.0,0.06471777707338333,1,0.06471777707338333
77,41,0,0.0,0.0,0.04574463400058448,2,0.0847301185131073
77,42,0,0.0,0.0,0.08471418917179108,1,0.08471418917179108
78,22,0,2.087746663571796,1.0,1.0,156,1.0
78,48,0,0.0,0.0,0.5311201214790344,1,0.5311201214790344
78,49,0,0.0,0.0,0.5303062200546265,1,0.5303062200546265
78,1,0,0.0,0.0,0.5293113589286804,1,0.5293113589286804
78,27,0,0.0,0.0,0.3825093135237694,2,0.5289968848228455
78,21,0,0.962180224248508,0.1752220094203949,0.34670445873215794,125,0.5466527342796326
78,7,0,0.8910002089784977,0.00020468447473831475,0.35655350372072236,106,0.7377253770828247
78,13,0,0.946800165046137,5.907093873247504e-05,0.3540839981339844,134,0.7096469402313232
78,19,0,0.90922942133026,2.660026666490012e-06,0.34669168367413167,131,0.5466375946998596
78,24,0,0.8833976575940202,0.0,0.3374374033797772,109,0.5483644008636475
78,20,0,0.8375137857725486,0.0,0.3639321638605533,117,0.5486897826194763
78,9,0,0.6642019854241287,2.9397881007753313e-05,0.350343463547302,132,0.721806526184082
78,10,0,0.0,0.00015152980631683022,0.3330513086563688,123,0.5487772226333618
78,23,0,0.0,0.0,0.3629306460521659,49,0.6120709180831909
78,8,0,0.0,0.0,0.33358166312738774,93,0.5285553932189941
78,6,0,0.0,0.00039978366112336516,0.3272104997187853,75,0.5486850738525391
78,5,0,0.0,0.24206261336803436,0.34280268562047983,86,0.5719727873802185
78,0,0,0.0,0.0,0.3463856258357947,52,0.5626494288444519
78,12,1,0.0,0.0,0.18281329174836478,12,0.3353216350078583
78,40,0,0.0,0.0052896467968821526,0.2073526491294615,16,0.35363054275512695
78,26,0,0.0,0.0,0.32784326936592134,57,0.5440101623535156
78,3,0,0.0,0.0,0.22631928883492947,9,0.5522598028182983
78,25,1,0.0,0.2584196627140045,0.323382280960043,123,0.5466135144233704
78,39,0,0.0,0.005371327977627516,0.11053223613028725,6,0.22259292006492615
78,16,0,0.0,0.005430123768746853,0.22807019066942089,17,0.4104084074497223
78,36,0,0.0,0.005223054438829422,0.08882521209307015,5,0.34607717394828796
78,37,0,0.0,0.0,0.07007024541962892,2,0.1382940411567688
78,43,0,0.0,0.0,0.18892700457945466,3,0.3321041762828827
78,2,0,0.0,0.1591152846813202,0.3363345413020364,54,0.5214826464653015
78,4,0,0.0,0.0,0.23464425355196,5,0.332098126411438
78,28,0,0.0,0.08296550065279007,0.3002731032096423,26,0.5201427936553955
78,17,0,0.0,0.0,0.16430597752332687,3,0.3250329792499542
78,11,0,0.0,0.0,0.18664873329301676,12,0.3665458858013153
78,14,0,0.0,0.0,0.26407086104154587,4,0.5244344472885132
78,15,0,0.0,0.08880389481782913,0.18902366422116756,4,0.331576406955719
78,38,0,0.0,0.0,0.11052130162715912,1,0.11052130162715912
78,18,0,0.0,0.0,0.16043263270209232,6,0.5106946229934692
78,35,0,0.0,0.0,0.15693993866443634,2,0.23703964054584503
78,30,0,0.0,0.0,0.2488671839237213,1,0.2488671839237213
78,32,0,0.0,0.0881086140871048,0.05987196043133736,3,0.0881086140871048
78,29,0,0.0,0.0,0.014150664501357824,2,0.02649318426847458
78,31,0,0.0,0.0,0.04804918554145843,2,0.09425964951515198
78,47,0,0.0,0.0,0.06471777707338333,1,0.06471777707338333
78,41,0,0.0,0.0,0.04574463400058448,2,0.0847301185131073
78,42,0,0.0,0.0,0.08471418917179108,1,0.08471418917179108
79,22,0,2.087746663571796,1.0,1.0,156,1.0
79,48,0,0.0,0.0,0.5311201214790344,1,0.5311201214790344
79,49,0,0.0,0.0,0.5303062200546265,1,0.5303062200546265
79,1,0,0.0,0.0,0.5293113589286804,1,0.5293113589286804
79,27,0,0.0,0.0,0.3825093135237694,2,0.5289968848228455
79,21,0,0.962180224248508,0.4090123474597931,0.34670445873215794,125,0.5466527342796326
79,7,0,0.8910002089784977,0.40900251269340515,0.35655350372072236,106,0.7377253770828247
79,13,0,0.946800165046137,0.4999735951423645,0.3540839981339844,134,0.7096469402313232
79,19,0,0.90922942133026,0.49993962049484253,0.34669168367413167,131,0.5466375946998596
79,24,0,0.8833976575940202,0.4089694619178772,0.3374374033797772,109,0.5483644008636475
79,20,0,0.8375137857725486,0.0,0.3639321638605533,117,0.5486897826194763
79,9,0,0.6642019854241287,0.4089321196079254,0.350343463547302,132,0.721806526184082
79,10,0,0.0,0.408966064453125,0.3330513086563688,123,0.5487772226333618
79,23,0,0.0,0.0,0.3629306460521659,49,0.6120709180831909
79,8,0,0.0,0.0,0.33358166312738774,93,0.5285553932189941
79,6,0,0.0,0.4089299142360687,0.3272104997187853,75,0.5486850738525391
79,5,0,0.0,0.0,0.34280268562047983,86,0.5719727873802185
79,0,0,0.0,0.4089682400226593,0.3463856258357947,52,0.5626494288444519
79,12,1,0.0,0.0,0.18281329174836478,12,0.3353216350078583
79,40,0,0.0,0.0,0.2073526491294615,16,0.35363054275512695
79,26,0,0.0,0.0,0.32784326936592134,57,0.5440101623535156
79,3,0,0.0,1.374496514472412e-05,0.22631928883492947,9,0.5522598028182983
79,25,1,0.0,0.409010112285614,0.323382280960043,123,0.5466135144233704
79,39,0,0.0,0.0,0.11053223613028725,6,0.22259292006492615
79,16,0,0.0,3.090508471359499e-05,0.22807019066942089,17,0.4104084074497223
79,36,0,0.0,0.0,0.08882521209307015,5,0.34607717394828796
79,37,0,0.0,0.0,0.07007024541962892,2,0.1382940411567688
79,43,0,0.0,0.0,0.18892700457945466,3,0.3321041762828827
79,2,0,0.0,0.0,0.3363345413020364,54,0.5214826464653015
79,4,0,0.0,0.0,0.23464425355196,5,0.332098126411438
79,28,0,0.0,0.40893110632896423,0.3002731032096423,26,0.5201427936553955
79,17,0,0.0,3.810936561876588e-07,0.16430597752332687,3,0.3250329792499542
79,11,0,0.0,2.1821191694471054e-05,0.18664873329301676,12,0.3665458858013153
79,14,0,0.0,1.6669770047883503e-05,0.26407086104154587,4,0.5244344472885132
79,15,0,0.0,0.0,0.18902366422116756,4,0.331576406955719
79,38,0,0.0,6.020295131747844e-06,0.11052130162715912,1,0.11052130162715912
79,18,0,0.0,0.0,0.16043263270209232,6,0.5106946229934692
79,35,0,0.0,0.0,0.15693993866443634,2,0.23703964054584503
79,30,0,0.0,0.0,0.2488671839237213,1,0.2488671839237213
79,32,0,0.0,1.471179257350741e-05,0.05987196043133736,3,0.0881086140871048
79,29,0,0.0,0.0,0.014150664501357824,2,0.02649318426847458
79,31,0,0.0,0.0,0.04804918554145843,2,0.09425964951515198
79,47,0,0.0,0.0,0.06471777707338333,1,0.06471777707338333
79,41,0,0.0,0.0,0.04574463400058448,2,0.0847301185131073
79,42,0,0.0,0.0,0.08471418917179108,1,0.08471418917179108
80,22,0,2.087746663571796,1.0,1.0,156,1.0
80,48,0,0.0,0.0,0.5311201214790344,1,0.5311201214790344
80,49,0,0.0,0.0,0.5303062200546265,1,0.5303062200546265
80,1,0,0.0,0.0,0.5293113589286804,1,0.5293113589286804
80,27,0,0.0,0.0,0.3825093135237694,2,0.5289968848228455
80,21,0,0.962180224248508,0.40898171067237854,0.34670445873215794,125,0.5466527342796326
80,7,0,0.8910002089784977,0.40900424122810364,0.35655350372072236,106,0.7377253770828247
80,13,0,0.946800165046137,0.0,0.3540839981339844,134,0.7096469402313232
80,19,0,0.90922942133026,0.5003299117088318,0.34669168367413167,131,0.5466375946998596
80,24,0,0.8833976575940202,0.40916022658348083,0.3374374033797772,109,0.5483644008636475
80,20,0,0.8375137857725486,0.4091888964176178,0.3639321638605533,117,0.5486897826194763
80,9,0,0.6642019854241287,0.500271737575531,0.350343463547302,132,0.721806526184082
80,10,0,0.0,0.0,0.3330513086563688,123,0.5487772226333618
80,23,0,0.0,0.0,0.3629306460521659,49,0.6120709180831909
80,8,0,0.0,0.5003089904785156,0.33358166312738774,93,0.5285553932189941
80,6,0,0.0,0.40924856066703796,0.3272104997187853,75,0.5486850738525391
80,5,0,0.0,0.0,0.34280268562047983,86,0.5719727873802185
80,0,0,0.0,0.40915149450302124,0.3463856258357947,52,0.5626494288444519
80,12,1,0.0,0.00025971970171667635,0.18281329174836478,12,0.3353216350078583
80,40,0,0.0,4.2265543015673757e-05,0.2073526491294615,16,0.35363054275512695
80,26,0,0.0,0.0,0.32784326936592134,57,0.5440101623535156
80,3,0,0.0,0.0,0.22631928883492947,9,0.5522598028182983
80,25,1,0.0,0.4092838168144226,0.323382280960043,123,0.5466135144233704
80,39,0,0.0,0.0,0.11053223613028725,6,0.22259292006492615
80,16,0,0.0,0.0,0.22807019066942089,17,0.4104084074497223
80,36,0,0.0,0.0,0.08882521209307015,5,0.34607717394828796
80,37,0,0.0,0.0,0.07007024541962892,2,0.1382940411567688
80,43,0,0.0,0.0,0.18892700457945466,3,0.3321041762828827
80,2,0,0.0,0.500239908695221,0.3363345413020364,54,0.5214826464653015
80,4,0,0.0,7.141727110138163e-05,0.23464425355196,5,0.332098126411438
80,28,0,0.0,0.0,0.3002731032096423,26,0.5201427936553955
80,17,0,0.0,0.00028801101143471897,0.16430597752332687,3,0.3250329792499542
80,11,0,0.0,0.0,0.18664873329301676,12,0.3665458858013153
80,14,0,0.0,0.0002648138324730098,0.26407086104154587,4,0.5244344472885132
80,15,0,0.0,0.0,0.18902366422116756,4,0.331576406955719
80,38,0,0.0,0.0,0.11052130162715912,1,0.11052130162715912
80,18,0,0.0,2.1963838662486523e-05,0.16043263270209232,6,0.5106946229934692
80,35,0,0.0,0.0,0.15693993866443634,2,0.23703964054584503
80,30,0,0.0,0.0,0.2488671839237213,1,0.2488671839237213
80,32,0,0.0,0.0,0.05987196043133736,3,0.0881086140871048
80,29,0,0.0,0.0,0.014150664501357824,2,0.02649318426847458
80,31,0,0.0,0.0,0.04804918554145843,2,0.09425964951515198
80,47,0,0.0,0.0,0.06471777707338333,1,0.06471777707338333
80,41,0,0.0,0.0,0.04574463400058448,2,0.0847301185131073
80,42,0,0.0,0.0,0.08471418917179108,1,0.08471418917179108
81,22,0,2.087746663571796,1.0,1.0,156,1.0
81,48,0,0.0,0.0,0.5311201214790344,1,0.5311201214790344
81,49,0,0.0,0.0,0.5303062200546265,1,0.5303062200546265
81,1,0,0.0,0.0,0.5293113589286804,1,0.5293113589286804
81,27,0,0.0,0.0,0.3825093135237694,2,0.5289968848228455
81,21,0,0.962180224248508,0.16077111661434174,0.34670445873215794,125,0.5466527342796326
81,7,0,0.8910002089784977,0.1607125997543335,0.35655350372072236,106,0.7377253770828247
81,13,1,0.946800165046137,0.1608140766620636,0.3540839981339844,134,0.7096469402313232
81,19,0,0.90922942133026,0.28996166586875916,0.34669168367413167,131,0.5466375946998596
81,24,0,0.8833976575940202,0.16066986322402954,0.3374374033797772,109,0.5483644008636475
81,20,0,0.8375137857725486,0.16070835292339325,0.3639321638605533,117,0.5486897826194763
81,9,0,0.6642019854241287,0.28995373845100403,0.350343463547302,132,0.721806526184082
81,10,0,0.0,0.16083158552646637,0.3330513086563688,123,0.5487772226333618
81,23,0,0.0,0.0,0.3629306460521659,49,0.6120709180831909
81,8,0,0.0,0.16068102419376373,0.33358166312738774,93,0.5285553932189941
81,6,0,0.0,0.0,0.3272104997187853,75,0.5486850738525391
81,5,0,0.0,0.0,0.34280268562047983,86,0.5719727873802185
81,0,0,0.0,0.16065630316734314,0.3463856258357947,52,0.5626494288444519
81,12,1,0.0,0.0006024973117746413,0.18281329174836478,12,0.3353216350078583
81,40,0,0.0,0.0,0.2073526491294615,16,0.35363054275512695
81,26,0,0.0,0.16077068448066711,0.32784326936592134,57,0.5440101623535156
81,3,0,0.0,0.0,0.22631928883492947,9,0.5522598028182983
81,25,0,0.0,0.2898997664451599,0.323382280960043,123,0.5466135144233704
81,39,0,0.0,0.049504604190588,0.11053223613028725,6,0.22259292006492615
81,16,0,0.0,0.0,0.22807019066942089,17,0.4104084074497223
81,36,0,0.0,0.0,0.08882521209307015,5,0.34607717394828796
81,37,0,0.0,0.0,0.07007024541962892,2,0.1382940411567688
81,43,0,0.0,0.0,0.18892700457945466,3,0.3321041762828827
81,2,0,0.0,0.16062131524085999,0.3363345413020364,54,0.5214826464653015
81,4,0,0.0,0.00033497309777885675,0.23464425355196,5,0.332098126411438
81,28,0,0.0,0.0,0.3002731032096423,26,0.5201427936553955
81,17,0,0.0,0.14258743822574615,0.16430597752332687,3,0.3250329792499542
81,11,0,0.0,0.0,0.18664873329301676,12,0.3665458858013153
81,14,0,0.0,0.09734277427196503,0.26407086104154587,4,0.5244344472885132
81,15,0,0.0,0.0,0.18902366422116756,4,0.331576406955719
81,38,0,0.0,0.0,0.11052130162715912,1,0.11052130162715912
81,18,0,0.0,0.0,0.16043263270209232,6,0.5106946229934692
81,35,0,0.0,0.0,0.15693993866443634,2,0.23703964054584503
81,30,0,0.0,0.0,0.2488671839237213,1,0.2488671839237213
81,32,0,0.0,0.0,0.05987196043133736,3,0.0881086140871048
81,29,0,0.0,0.0,0.014150664501357824,2,0.02649318426847458
81,31,0,0.0,0.0,0.04804918554145843,2,0.09425964951515198
81,47,0,0.0,0.0,0.06471777707338333,1,0.06471777707338333
81,41,0,0.0,0.0,0.04574463400058448,2,0.0847301185131073
81,42,0,0.0,0.0,0.08471418917179108,1,0.08471418917179108
82,22,0,2.087746663571796,1.0,1.0,156,1.0
82,48,0,0.0,0.0,0.5311201214790344,1,0.5311201214790344
82,49,0,0.0,0.0,0.5303062200546265,1,0.5303062200546265
82,1,0,0.0,0.0,0.5293113589286804,1,0.5293113589286804
82,27,0,0.0,0.0,0.3825093135237694,2,0.5289968848228455
82,21,0,0.962180224248508,0.1524161994457245,0.34670445873215794,125,0.5466527342796326
82,7,0,0.8910002089784977,0.15231947600841522,0.35655350372072236,106,0.7377253770828247
82,13,1,0.946800165046137,0.2828478515148163,0.3540839981339844,134,0.7096469402313232
82,19,0,0.90922942133026,0.15238699316978455,0.34669168367413167,131,0.5466375946998596
82,24,0,0.8833976575940202,0.0,0.3374374033797772,109,0.5483644008636475
82,20,0,0.8375137857725486,0.1522861123085022,0.3639321638605533,117,0.5486897826194763
82,9,0,0.6642019854241287,0.2828364968299866,0.350343463547302,132,0.721806526184082
82,10,0,0.0,0.2830294072628021,0.3330513086563688,123,0.5487772226333618
82,23,0,0.0,0.0,0.3629306460521659,49,0.6120709180831909
82,8,0,0.0,0.15228451788425446,0.33358166312738774,93,0.5285553932189941
82,6,0,0.0,0.15231527388095856,0.3272104997187853,75,0.5486850738525391
82,5,0,0.0,0.1523759961128235,0.34280268562047983,86,0.5719727873802185
82,0,0,0.0,0.15221789479255676,0.3463856258357947,52,0.5626494288444519
82,12,1,0.0,0.0,0.18281329174836478,12,0.3353216350078583
82,40,0,0.0,0.0020908890292048454,0.2073526491294615,16,0.35363054275512695
82,26,0,0.0,0.28286534547805786,0.32784326936592134,57,0.5440101623535156
82,3,0,0.0,0.017445769160985947,0.22631928883492947,9,0.5522598028182983
82,25,0,0.0,0.2831272780895233,0.323382280960043,123,0.5466135144233704
82,39,0,0.0,0.0,0.11053223613028725,6,0.22259292006492615
82,16,0,0.0,0.0001088130084099248,0.22807019066942089,17,0.4104084074497223
82,36,0,0.0,0.0,0.08882521209307015,5,0.34607717394828796
82,37,0,0.0,0.0,0.07007024541962892,2,0.1382940411567688
82,43,0,0.0,0.0,0.18892700457945466,3,0.3321041762828827
82,2,0,0.0,0.0,0.3363345413020364,54,0.5214826464653015
82,4,0,0.0,0.0,0.23464425355196,5,0.332098126411438
82,28,0,0.0,0.0,0.3002731032096423,26,0.5201427936553955
82,17,0,0.0,0.0,0.16430597752332687,3,0.3250329792499542
82,11,0,0.0,0.0,0.18664873329301676,12,0.3665458858013153
82,14,0,0.0,0.0,0.26407086104154587,4,0.5244344472885132
82,15,0,0.0,0.0,0.18902366422116756,4,0.331576406955719
82,38,0,0.0,0.0,0.11052130162715912,1,0.11052130162715912
82,18,0,0.0,0.0,0.16043263270209232,6,0.5106946229934692
82,35,0,0.0,0.0,0.15693993866443634,2,0.23703964054584503
82,30,0,0.0,0.0,0.2488671839237213,1,0.2488671839237213
82,32,0,0.0,0.0,0.05987196043133736,3,0.0881086140871048
82,29,0,0.0,0.0,0.014150664501357824,2,0.02649318426847458
82,31,0,0.0,0.0,0.04804918554145843,2,0.09425964951515198
82,47,0,0.0,0.0,0.06471777707338333,1,0.06471777707338333
82,41,0,0.0,0.0,0.04574463400058448,2,0.0847301185131073
82,42,0,0.0,0.0,0.08471418917179108,1,0.08471418917179108
83,22,0,2.087746663571796,1.0,1.0,156,1.0
83,48,0,0.0,0.0,0.5311201214790344,1,0.5311201214790344
83,49,0,0.0,0.0,0.5303062200546265,1,0.5303062200546265
83,1,0,0.0,0.0,0.5293113589286804,1,0.5293113589286804
83,27,0,0.0,0.0,0.3825093135237694,2,0.5289968848228455
83,21,0,0.962180224248508,0.33066055178642273,0.34670445873215794,125,0.5466527342796326
83,7,0,0.8910002089784977,0.4342734217643738,0.35655350372072236,106,0.7377253770828247
83,13,1,0.946800165046137,0.33075761795043945,0.3540839981339844,134,0.7096469402313232
83,19,0,0.90922942133026,0.3306930959224701,0.34669168367413167,131,0.5466375946998596
83,24,0,0.8833976575940202,0.0,0.3374374033797772,109,0.5483644008636475
83,20,0,0.8375137857725486,0.33064863085746765,0.3639321638605533,117,0.5486897826194763
83,9,0,0.6642019854241287,0.33067822456359863,0.350343463547302,132,0.721806526184082
83,10,0,0.0,0.3307245969772339,0.3330513086563688,123,0.5487772226333618
83,23,0,0.0,0.0,0.3629306460521659,49,0.6120709180831909
83,8,0,0.0,0.330641508102417,0.33358166312738774,93,0.5285553932189941
83,6,0,0.0,0.0,0.3272104997187853,75,0.5486850738525391
83,5,0,0.0,0.434213787317276,0.34280268562047983,86,0.5719727873802185
83,0,0,0.0,0.0,0.3463856258357947,52,0.5626494288444519
83,12,1,0.0,0.13248303532600403,0.18281329174836478,12,0.3353216350078583
83,40,0,0.0,0.16472305357456207,0.2073526491294615,16,0.35363054275512695
83,26,0,0.0,0.0,0.32784326936592134,57,0.5440101623535156
83,3,0,0.0,0.0,0.22631928883492947,9,0.5522598028182983
83,25,0,0.0,0.3306947946548462,0.323382280960043,123,0.5466135144233704
83,39,0,0.0,0.0,0.11053223613028725,6,0.22259292006492615
83,16,0,0.0,0.0,0.22807019066942089,17,0.4104084074497223
83,36,0,0.0,0.0,0.08882521209307015,5,0.34607717394828796
83,37,0,0.0,0.0,0.07007024541962892,2,0.1382940411567688
83,43,0,0.0,0.0,0.18892700457945466,3,0.3321041762828827
83,2,0,0.0,0.43424394726753235,0.3363345413020364,54,0.5214826464653015
83,4,0,0.0,0.0,0.23464425355196,5,0.332098126411438
83,28,0,0.0,0.0,0.3002731032096423,26,0.5201427936553955
83,17,0,0.0,0.0576554536819458,0.16430597752332687,3,0.3250329792499542
83,11,0,0.0,0.0,0.18664873329301676,12,0.3665458858013153
83,14,0,0.0,0.0,0.26407086104154587,4,0.5244344472885132
83,15,0,0.0,0.0,0.18902366422116756,4,0.331576406955719
83,38,0,0.0,0.0,0.11052130162715912,1,0.11052130162715912
83,18,0,0.0,0.08631127327680588,0.16043263270209232,6,0.5106946229934692
83,35,0,0.0,0.0,0.15693993866443634,2,0.23703964054584503
83,30,0,0.0,0.0,0.2488671839237213,1,0.2488671839237213
83,32,0,0.0,0.13300721347332,0.05987196043133736,3,0.0881086140871048
83,29,0,0.0,0.0,0.014150664501357824,2,0.02649318426847458
83,31,0,0.0,0.1330767422914505,0.04804918554145843,2,0.09425964951515198
83,47,0,0.0,0.0,0.06471777707338333,1,0.06471777707338333
83,41,0,0.0,0.0,0.04574463400058448,2,0.0847301185131073
83,42,0,0.0,0.13301269710063934,0.08471418917179108,1,0.08471418917179108
84,22,0,2.087746663571796,1.0,1.0,156,1.0
84,48,0,0.0,0.0,0.5311201214790344,1,0.5311201214790344
84,49,0,0.0,0.0,0.5303062200546265,1,0.5303062200546265
84,1,0,0.0,0.0,0.5293113589286804,1,0.5293113589286804
84,27,0,0.0,0.0,0.3825093135237694,2,0.5289968848228455
84,21,1,0.962180224248508,0.3059125542640686,0.34670445873215794,125,0.5466527342796326
84,7,0,0.8910002089784977,0.17887850105762482,0.35655350372072236,106,0.7377253770828247
84,13,0,0.946800165046137,0.17948995530605316,0.3540839981339844,134,0.7096469402313232
84,19,0,0.90922942133026,0.1794225424528122,0.34669168367413167,131,0.5466375946998596
84,24,0,0.8833976575940202,0.17883941531181335,0.3374374033797772,109,0.5483644008636475
84,20,0,0.8375137857725486,0.17885805666446686,0.3639321638605533,117,0.5486897826194763
84,9,0,0.6642019854241287,0.3058054447174072,0.350343463547302,132,0.721806526184082
84,10,0,0.0,0.1789378970861435,0.3330513086563688,123,0.5487772226333618
84,23,0,0.0,0.0,0.3629306460521659,49,0.6120709180831909
84,8,0,0.0,0.3059391379356384,0.33358166312738774,93,0.5285553932189941
84,6,0,0.0,0.0,0.3272104997187853,75,0.5486850738525391
84,5,0,0.0,0.17887011170387268,0.34280268562047983,86,0.5719727873802185
84,0,0,0.0,0.0,0.3463856258357947,52,0.5626494288444519
84,12,1,0.0,0.0,0.18281329174836478,12,0.3353216350078583
84,40,0,0.0,0.04503534734249115,0.2073526491294615,16,0.35363054275512695
84,26,0,0.0,0.0,0.32784326936592134,57,0.5440101623535156
84,3,0,0.0,0.01939539425075054,0.22631928883492947,9,0.5522598028182983
84,25,0,0.0,0.30597665905952454,0.323382280960043,123,0.5466135144233704
84,39,0,0.0,0.0,0.11053223613028725,6,0.22259292006492615
84,16,0,0.0,0.0,0.22807019066942089,17,0.4104084074497223
84,36,0,0.0,0.0,0.08882521209307015,5,0.34607717394828796
84,37,0,0.0,0.0,0.07007024541962892,2,0.1382940411567688
84,43,0,0.0,0.0,0.18892700457945466,3,0.3321041762828827
84,2,0,0.0,0.0,0.3363345413020364,54,0.5214826464653015
84,4,0,0.0,0.00016796265845187008,0.23464425355196,5,0.332098126411438
84,28,0,0.0,0.0,0.3002731032096423,26,0.5201427936553955
84,17,0,0.0,0.16071967780590057,0.16430597752332687,3,0.3250329792499542
84,11,0,0.0,0.0,0.18664873329301676,12,0.3665458858013153
84,14,0,0.0,0.11394334584474564,0.26407086104154587,4,0.5244344472885132
84,15,0,0.0,0.0,0.18902366422116756,4,0.331576406955719
84,38,0,0.0,0.0,0.11052130162715912,1,0.11052130162715912
84,18,0,0.0,0.16117466986179352,0.16043263270209232,6,0.5106946229934692
84,35,0,0.0,0.0,0.15693993866443634,2,0.23703964054584503
84,30,0,0.0,0.0,0.2488671839237213,1,0.2488671839237213
84,32,0,0.0,0.0,0.05987196043133736,3,0.0881086140871048
84,29,0,0.0,0.0,0.014150664501357824,2,0.02649318426847458
84,31,0,0.0,0.0,0.04804918554145843,2,0.09425964951515198
84,47,0,0.0,0.0,0.06471777707338333,1,0.06471777707338333
84,41,0,0.0,0.0,0.04574463400058448,2,0.0847301185131073
84,42,0,0.0,0.0,0.08471418917179108,1,0.08471418917179108
85,22,0,2.087746663571796,1.0,1.0,156,1.0
85,48,0,0.0,0.0,0.5311201214790344,1,0.5311201214790344
85,49,0,0.0,0.0,0.5303062200546265,1,0.5303062200546265
85,1,0,0.0,0.0,0.5293113589286804,1,0.5293113589286804
85,27,0,0.0,0.0,0.3825093135237694,2,0.5289968848228455
85,21,0,0.962180224248508,0.5009068846702576,0.34670445873215794,125,0.5466527342796326
85,7,0,0.8910002089784977,0.30094555020332336,0.35655350372072236,106,0.7377253770828247
85,13,1,0.946800165046137,0.7096469402313232,0.3540839981339844,134,0.7096469402313232
85,19,0,0.90922942133026,0.5007773041725159,0.34669168367413167,131,0.5466375946998596
85,24,0,0.8833976575940202,0.5011900663375854,0.3374374033797772,109,0.5483644008636475
85,20,0,0.8375137857725486,0.0,0.3639321638605533,117,0.5486897826194763
85,9,0,0.6642019854241287,0.0,0.350343463547302,132,0.721806526184082
85,10,0,0.0,0.5011574029922485,0.3330513086563688,123,0.5487772226333618
85,23,0,0.0,0.3009015917778015,0.3629306460521659,49,0.6120709180831909
85,8,0,0.0,0.0,0.33358166312738774,93,0.5285553932189941
85,6,0,0.0,0.0,0.3272104997187853,75,0.5486850738525391
85,5,0,0.0,0.0,0.34280268562047983,86,0.5719727873802185
85,0,0,0.0,0.501168966293335,0.3463856258357947,52,0.5626494288444519
85,12,0,0.0,0.0,0.18281329174836478,12,0.3353216350078583
85,40,0,0.0,0.0,0.2073526491294615,16,0.35363054275512695
85,26,0,0.0,0.30088746547698975,0.32784326936592134,57,0.5440101623535156
85,3,0,0.0,0.0,0.22631928883492947,9,0.5522598028182983
85,25,0,0.0,0.3005293011665344,0.323382280960043,123,0.5466135144233704
85,39,0,0.0,0.0,0.11053223613028725,6,0.22259292006492615
85,16,0,0.0,0.0,0.22807019066942089,17,0.4104084074497223
85,36,0,0.0,0.0,0.08882521209307015,5,0.34607717394828796
85,37,0,0.0,0.0,0.07007024541962892,2,0.1382940411567688
85,43,0,0.0,0.0,0.18892700457945466,3,0.3321041762828827
85,2,0,0.0,0.30059579014778137,0.3363345413020364,54,0.5214826464653015
85,4,0,0.0,0.028782591223716736,0.23464425355196,5,0.332098126411438
85,28,0,0.0,0.0,0.3002731032096423,26,0.5201427936553955
85,17,0,0.0,0.0,0.16430597752332687,3,0.3250329792499542
85,11,0,0.0,0.02879943884909153,0.18664873329301676,12,0.3665458858013153
85,14,0,0.0,0.028772935271263123,0.26407086104154587,4,0.5244344472885132
85,15,0,0.0,0.0,0.18902366422116756,4,0.331576406955719
85,38,0,0.0,0.0,0.11052130162715912,1,0.11052130162715912
85,18,0,0.0,0.028843211010098457,0.16043263270209232,6,0.5106946229934692
85,35,0,0.0,0.0,0.15693993866443634,2,0.23703964054584503
85,30,0,0.0,0.0,0.2488671839237213,1,0.2488671839237213
85,32,0,0.0,0.0,0.05987196043133736,3,0.0881086140871048
85,29,0,0.0,0.0,0.014150664501357824,2,0.02649318426847458
85,31,0,0.0,0.0,0.04804918554145843,2,0.09425964951515198
85,47,0,0.0,0.0,0.06471777707338333,1,0.06471777707338333
85,41,0,0.0,0.0,0.04574463400058448,2,0.0847301185131073
85,42,0,0.0,0.0,0.08471418917179108,1,0.08471418917179108
86,22,0,2.087746663571796,1.0,1.0,156,1.0
86,48,0,0.0,0.0,0.5311201214790344,1,0.5311201214790344
86,49,0,0.0,0.0,0.5303062200546265,1,0.5303062200546265
86,1,0,0.0,0.0,0.5293113589286804,1,0.5293113589286804
86,27,0,0.0,0.0,0.3825093135237694,2,0.5289968848228455
86,21,0,0.962180224248508,0.0019966778345406055,0.34670445873215794,125,0.5466527342796326
86,7,0,0.8910002089784977,0.5181026458740234,0.35655350372072236,106,0.7377253770828247
86,13,1,0.946800165046137,0.5181311964988708,0.3540839981339844,134,0.7096469402313232
86,19,0,0.90922942133026,0.5181142687797546,0.34669168367413167,131,0.5466375946998596
86,24,0,0.8833976575940202,0.5181710124015808,0.3374374033797772,109,0.5483644008636475
86,20,0,0.8375137857725486,0.37781378626823425,0.3639321638605533,117,0.5486897826194763
86,9,0,0.6642019854241287,0.3778228759765625,0.350343463547302,132,0.721806526184082
86,10,0,0.0,0.009274330921471119,0.3330513086563688,123,0.5487772226333618
86,23,0,0.0,0.3778332769870758,0.3629306460521659,49,0.6120709180831909
86,8,0,0.0,0.37783142924308777,0.33358166312738774,93,0.5285553932189941
86,6,0,0.0,0.377753883600235,0.3272104997187853,75,0.5486850738525391
86,5,0,0.0,0.3777579069137573,0.34280268562047983,86,0.5719727873802185
86,0,0,0.0,0.518069863319397,0.3463856258357947,52,0.5626494288444519
86,12,0,0.0,0.006842102389782667,0.18281329174836478,12,0.3353216350078583
86,40,0,0.0,0.0,0.2073526491294615,16,0.35363054275512695
86,26,0,0.0,4.603397974278778e-05,0.32784326936592134,57,0.5440101623535156
86,3,0,0.0,0.0,0.22631928883492947,9,0.5522598028182983
86,25,0,0.0,0.0,0.323382280960043,123,0.5466135144233704
86,39,0,0.0,0.0019590475130826235,0.11053223613028725,6,0.22259292006492615
86,16,0,0.0,0.0,0.22807019066942089,17,0.4104084074497223
86,36,0,0.0,0.0,0.08882521209307015,5,0.34607717394828796
86,37,0,0.0,0.0,0.07007024541962892,2,0.1382940411567688
86,43,0,0.0,0.0,0.18892700457945466,3,0.3321041762828827
86,2,0,0.0,0.0,0.3363345413020364,54,0.5214826464653015
86,4,0,0.0,0.0,0.23464425355196,5,0.332098126411438
86,28,0,0.0,0.0,0.3002731032096423,26,0.5201427936553955
86,17,0,0.0,0.0,0.16430597752332687,3,0.3250329792499542
86,11,0,0.0,0.0,0.18664873329301676,12,0.3665458858013153
86,14,0,0.0,0.0,0.26407086104154587,4,0.5244344472885132
86,15,0,0.0,0.0,0.18902366422116756,4,0.331576406955719
86,38,0,0.0,0.0,0.11052130162715912,1,0.11052130162715912
86,18,0,0.0,0.0,0.16043263270209232,6,0.5106946229934692
86,35,0,0.0,0.0,0.15693993866443634,2,0.23703964054584503
86,30,0,0.0,0.0,0.2488671839237213,1,0.2488671839237213
86,32,0,0.0,0.0,0.05987196043133736,3,0.0881086140871048
86,29,0,0.0,0.0,0.014150664501357824,2,0.02649318426847458
86,31,0,0.0,0.0,0.04804918554145843,2,0.09425964951515198
86,47,0,0.0,0.0,0.06471777707338333,1,0.06471777707338333
86,41,0,0.0,0.0,0.04574463400058448,2,0.0847301185131073
86,42,0,0.0,0.0,0.08471418917179108,1,0.08471418917179108
87,22,0,2.087746663571796,1.0,1.0,156,1.0
87,48,0,0.0,0.0,0.5311201214790344,1,0.5311201214790344
87,49,0,0.0,0.0,0.5303062200546265,1,0.5303062200546265
87,1,0,0.0,0.0,0.5293113589286804,1,0.5293113589286804
87,27,0,0.0,0.2360217422246933,0.3825093135237694,2,0.5289968848228455
87,21,0,0.962180224248508,0.021512599661946297,0.34670445873215794,125,0.5466527342796326
87,7,0,0.8910002089784977,0.0,0.35655350372072236,106,0.7377253770828247
87,13,1,0.946800165046137,0.4910670816898346,0.3540839981339844,134,0.7096469402313232
87,19,0,0.90922942133026,0.26282215118408203,0.34669168367413167,131,0.5466375946998596
87,24,0,0.8833976575940202,0.022134892642498016,0.3374374033797772,109,0.5483644008636475
87,20,0,0.8375137857725486,0.021350093185901642,0.3639321638605533,117,0.5486897826194763
87,9,0,0.6642019854241287,0.02142339199781418,0.350343463547302,132,0.721806526184082
87,10,0,0.0,0.021505726501345634,0.3330513086563688,123,0.5487772226333618
87,23,0,0.0,0.0,0.3629306460521659,49,0.6120709180831909
87,8,0,0.0,0.02876988984644413,0.33358166312738774,93,0.5285553932189941
87,6,0,0.0,0.022053999826312065,0.3272104997187853,75,0.5486850738525391
87,5,0,0.0,0.0,0.34280268562047983,86,0.5719727873802185
87,0,0,0.0,0.26861071586608887,0.3463856258357947,52,0.5626494288444519
87,12,0,0.0,0.0,0.18281329174836478,12,0.3353216350078583
87,40,0,0.0,0.0028752584476023912,0.2073526491294615,16,0.35363054275512695
87,26,0,0.0,0.02203441597521305,0.32784326936592134,57,0.5440101623535156
87,3,0,0.0,0.0,0.22631928883492947,9,0.5522598028182983
87,25,0,0.0,0.021363921463489532,0.323382280960043,123,0.5466135144233704
87,39,0,0.0,0.0,0.11053223613028725,6,0.22259292006492615
87,16,0,0.0,0.027451643720269203,0.22807019066942089,17,0.4104084074497223
87,36,0,0.0,0.0,0.08882521209307015,5,0.34607717394828796
87,37,0,0.0,0.0,0.07007024541962892,2,0.1382940411567688
87,43,0,0.0,0.0,0.18892700457945466,3,0.3321041762828827
87,2,0,0.0,0.0,0.3363345413020364,54,0.5214826464653015
87,4,0,0.0,0.0,0.23464425355196,5,0.332098126411438
87,28,0,0.0,0.0,0.3002731032096423,26,0.5201427936553955
87,17,0,0.0,0.0,0.16430597752332687,3,0.3250329792499542
87,11,0,0.0,0.0,0.18664873329301676,12,0.3665458858013153
87,14,0,0.0,0.0,0.26407086104154587,4,0.5244344472885132
87,15,0,0.0,0.0,0.18902366422116756,4,0.331576406955719
87,38,0,0.0,0.0,0.11052130162715912,1,0.11052130162715912
87,18,0,0.0,0.06446637958288193,0.16043263270209232,6,0.5106946229934692
87,35,0,0.0,0.23703964054584503,0.15693993866443634,2,0.23703964054584503
87,30,0,0.0,0.0,0.2488671839237213,1,0.2488671839237213
87,32,0,0.0,0.0,0.05987196043133736,3,0.0881086140871048
87,29,0,0.0,0.02649318426847458,0.014150664501357824,2,0.02649318426847458
87,31,0,0.0,0.0,0.04804918554145843,2,0.09425964951515198
87,47,0,0.0,0.0,0.06471777707338333,1,0.06471777707338333
87,41,0,0.0,0.0,0.04574463400058448,2,0.0847301185131073
87,42,0,0.0,0.0,0.08471418917179108,1,0.08471418917179108
88,22,0,2.087746663571796,1.0,1.0,156,1.0
88,48,0,0.0,0.0,0.5311201214790344,1,0.5311201214790344
88,49,0,0.0,0.0,0.5303062200546265,1,0.5303062200546265
88,1,0,0.0,0.0,0.5293113589286804,1,0.5293113589286804
88,27,0,0.0,0.0036915051750838757,0.3825093135237694,2,0.5289968848228455
88,21,0,0.962180224248508,0.5156530737876892,0.34670445873215794,125,0.5466527342796326
88,7,0,0.8910002089784977,0.0,0.35655350372072236,106,0.7377253770828247
88,13,0,0.946800165046137,0.3221369683742523,0.3540839981339844,134,0.7096469402313232
88,19,0,0.90922942133026,0.32179397344589233,0.34669168367413167,131,0.5466375946998596
88,24,0,0.8833976575940202,0.515593409538269,0.3374374033797772,109,0.5483644008636475
88,20,0,0.8375137857725486,0.32173171639442444,0.3639321638605533,117,0.5486897826194763
88,9,0,0.6642019854241287,0.32176530361175537,0.350343463547302,132,0.721806526184082
88,10,0,0.0,0.0,0.3330513086563688,123,0.5487772226333618
88,23,0,0.0,0.0,0.3629306460521659,49,0.6120709180831909
88,8,0,0.0,0.3217132091522217,0.33358166312738774,93,0.5285553932189941
88,6,0,0.0,0.07460756599903107,0.3272104997187853,75,0.5486850738525391
88,5,0,0.0,0.5156805515289307,0.34280268562047983,86,0.5719727873802185
88,0,0,0.0,0.3217144012451172,0.3463856258357947,52,0.5626494288444519
88,12,0,0.0,0.0,0.18281329174836478,12,0.3353216350078583
88,40,0,0.0,0.0,0.2073526491294615,16,0.35363054275512695
88,26,0,0.0,0.5156781673431396,0.32784326936592134,57,0.5440101623535156
88,3,0,0.0,0.07761414349079132,0.22631928883492947,9,0.5522598028182983
88,25,0,0.0,0.3217391073703766,0.323382280960043,123,0.5466135144233704
88,39,0,0.0,0.0,0.11053223613028725,6,0.22259292006492615
88,16,0,0.0,0.0,0.22807019066942089,17,0.4104084074497223
88,36,0,0.0,0.0,0.08882521209307015,5,0.34607717394828796
88,37,0,0.0,0.0,0.07007024541962892,2,0.1382940411567688
88,43,0,0.0,0.0,0.18892700457945466,3,0.3321041762828827
88,2,0,0.0,0.0,0.3363345413020364,54,0.5214826464653015
88,4,0,0.0,0.0,0.23464425355196,5,0.332098126411438
88,28,0,0.0,0.0,0.3002731032096423,26,0.5201427936553955
88,17,0,0.0,0.0,0.16430597752332687,3,0.3250329792499542
88,11,0,0.0,0.0,0.18664873329301676,12,0.3665458858013153
88,14,1,0.0,0.5244344472885132,0.26407086104154587,4,0.5244344472885132
88,15,0,0.0,0.07490283995866776,0.18902366422116756,4,0.331576406955719
88,38,0,0.0,0.0,0.11052130162715912,1,0.11052130162715912
88,18,0,0.0,0.07401124387979507,0.16043263270209232,6,0.5106946229934692
88,35,0,0.0,0.0,0.15693993866443634,2,0.23703964054584503
88,30,0,0.0,0.0,0.2488671839237213,1,0.2488671839237213
88,32,0,0.0,0.0,0.05987196043133736,3,0.0881086140871048
88,29,0,0.0,0.0,0.014150664501357824,2,0.02649318426847458
88,31,0,0.0,0.0,0.04804918554145843,2,0.09425964951515198
88,47,0,0.0,0.0,0.06471777707338333,1,0.06471777707338333
88,41,0,0.0,0.0,0.04574463400058448,2,0.0847301185131073
88,42,0,0.0,0.0,0.08471418917179108,1,0.08471418917179108
89,22,0,2.087746663571796,1.0,1.0,156,1.0
89,48,0,0.0,0.0,0.5311201214790344,1,0.5311201214790344
89,49,0,0.0,0.0,0.5303062200546265,1,0.5303062200546265
89,1,0,0.0,0.0,0.5293113589286804,1,0.5293113589286804
89,27,0,0.0,0.0,0.3825093135237694,2,0.5289968848228455
89,21,0,0.962180224248508,0.5038747191429138,0.34670445873215794,125,0.5466527342796326
89,7,0,0.8910002089784977,0.5038052797317505,0.35655350372072236,106,0.7377253770828247
89,13,0,0.946800165046137,0.6748362183570862,0.3540839981339844,134,0.7096469402313232
89,19,0,0.90922942133026,0.3413783609867096,0.34669168367413167,131,0.5466375946998596
89,24,0,0.8833976575940202,0.34132644534111023,0.3374374033797772,109,0.5483644008636475
89,20,0,0.8375137857725486,0.5039118528366089,0.3639321638605533,117,0.5486897826194763
89,9,1,0.6642019854241287,0.3413609564304352,0.350343463547302,132,0.721806526184082
89,10,0,0.0,0.5038579106330872,0.3330513086563688,123,0.5487772226333618
89,23,0,0.0,0.0,0.3629306460521659,49,0.6120709180831909
89,8,0,0.0,0.0,0.33358166312738774,93,0.5285553932189941
89,6,0,0.0,0.34129515290260315,0.3272104997187853,75,0.5486850738525391
89,5,0,0.0,0.5037885904312134,0.34280268562047983,86,0.5719727873802185
89,0,0,0.0,0.34131765365600586,0.3463856258357947,52,0.5626494288444519
89,12,0,0.0,0.0,0.18281329174836478,12,0.3353216350078583
89,40,0,0.0,0.0,0.2073526491294615,16,0.35363054275512695
89,26,0,0.0,0.2297169417142868,0.32784326936592134,57,0.5440101623535156
89,3,0,0.0,0.0,0.22631928883492947,9,0.5522598028182983
89,25,0,0.0,0.3413408398628235,0.323382280960043,123,0.5466135144233704
89,39,0,0.0,0.0,0.11053223613028725,6,0.22259292006492615
89,16,0,0.0,0.0,0.22807019066942089,17,0.4104084074497223
89,36,0,0.0,0.0,0.08882521209307015,5,0.34607717394828796
89,37,0,0.0,0.0,0.07007024541962892,2,0.1382940411567688
89,43,0,0.0,0.0,0.18892700457945466,3,0.3321041762828827
89,2,0,0.0,0.0,0.3363345413020364,54,0.5214826464653015
89,4,0,0.0,0.0,0.23464425355196,5,0.332098126411438
89,28,0,0.0,0.0,0.3002731032096423,26,0.5201427936553955
89,17,0,0.0,0.0,0.16430597752332687,3,0.3250329792499542
89,11,0,0.0,0.0,0.18664873329301676,12,0.3665458858013153
89,14,1,0.0,0.0015180435730144382,0.26407086104154587,4,0.5244344472885132
89,15,0,0.0,0.0,0.18902366422116756,4,0.331576406955719
89,38,0,0.0,0.0,0.11052130162715912,1,0.11052130162715912
89,18,0,0.0,0.5106946229934692,0.16043263270209232,6,0.5106946229934692
89,35,0,0.0,0.0,0.15693993866443634,2,0.23703964054584503
89,30,0,0.0,0.0,0.2488671839237213,1,0.2488671839237213
89,32,0,0.0,0.0,0.05987196043133736,3,0.0881086140871048
89,29,0,0.0,0.0,0.014150664501357824,2,0.02649318426847458
89,31,0,0.0,0.0,0.04804918554145843,2,0.09425964951515198
89,47,0,0.0,0.0,0.06471777707338333,1,0.06471777707338333
89,41,0,0.0,0.0,0.04574463400058448,2,0.0847301185131073
89,42,0,0.0,0.0,0.08471418917179108,1,0.08471418917179108
90,22,0,2.087746663571796,1.0,1.0,156,1.0
90,48,0,0.0,0.0,0.5311201214790344,1,0.5311201214790344
90,49,0,0.0,0.0,0.5303062200546265,1,0.5303062200546265
90,1,0,0.0,0.0,0.5293113589286804,1,0.5293113589286804
90,27,0,0.0,0.0,0.3825093135237694,2,0.5289968848228455
90,21,0,0.962180224248508,0.07022620737552643,0.34670445873215794,125,0.5466527342796326
90,7,0,0.8910002089784977,0.0,0.35655350372072236,106,0.7377253770828247
90,13,0,0.946800165046137,0.06992296874523163,0.3540839981339844,134,0.7096469402313232
90,19,0,0.90922942133026,0.2997989356517792,0.34669168367413167,131,0.5466375946998596
90,24,0,0.8833976575940202,0.06984080374240875,0.3374374033797772,109,0.5483644008636475
90,20,0,0.8375137857725486,0.0698188915848732,0.3639321638605533,117,0.5486897826194763
90,9,0,0.6642019854241287,0.06989261507987976,0.350343463547302,132,0.721806526184082
90,10,0,0.0,0.06991031765937805,0.3330513086563688,123,0.5487772226333618
90,23,0,0.0,0.2998278737068176,0.3629306460521659,49,0.6120709180831909
90,8,1,0.0,0.0,0.33358166312738774,93,0.5285553932189941
90,6,0,0.0,0.0,0.3272104997187853,75,0.5486850738525391
90,5,0,0.0,0.0,0.34280268562047983,86,0.5719727873802185
90,0,0,0.0,0.06993801146745682,0.3463856258357947,52,0.5626494288444519
90,12,0,0.0,0.0,0.18281329174836478,12,0.3353216350078583
90,40,0,0.0,0.0,0.2073526491294615,16,0.35363054275512695
90,26,0,0.0,0.29993757605552673,0.32784326936592134,57,0.5440101623535156
90,3,0,0.0,0.0,0.22631928883492947,9,0.5522598028182983
90,25,0,0.0,0.06980593502521515,0.323382280960043,123,0.5466135144233704
90,39,0,0.0,0.0005841085803695023,0.11053223613028725,6,0.22259292006492615
90,16,0,0.0,0.0,0.22807019066942089,17,0.4104084074497223
90,36,0,0.0,4.531713420874439e-05,0.08882521209307015,5,0.34607717394828796
90,37,0,0.0,0.0,0.07007024541962892,2,0.1382940411567688
90,43,0,0.0,0.0,0.18892700457945466,3,0.3321041762828827
90,2,0,0.0,0.0,0.3363345413020364,54,0.5214826464653015
90,4,0,0.0,0.013246125541627407,0.23464425355196,5,0.332098126411438
90,28,0,0.0,0.05940445512533188,0.3002731032096423,26,0.5201427936553955
90,17,0,0.0,0.0,0.16430597752332687,3,0.3250329792499542
90,11,0,0.0,0.0,0.18664873329301676,12,0.3665458858013153
90,14,1,0.0,0.0,0.26407086104154587,4,0.5244344472885132
90,15,0,0.0,0.0,0.18902366422116756,4,0.331576406955719
90,38,0,0.0,0.0,0.11052130162715912,1,0.11052130162715912
90,18,0,0.0,0.0,0.16043263270209232,6,0.5106946229934692
90,35,0,0.0,0.0,0.15693993866443634,2,0.23703964054584503
90,30,0,0.0,0.0,0.2488671839237213,1,0.2488671839237213
90,32,0,0.0,9.876323929347564e-06,0.05987196043133736,3,0.0881086140871048
90,29,0,0.0,0.0,0.014150664501357824,2,0.02649318426847458
90,31,0,0.0,0.0,0.04804918554145843,2,0.09425964951515198
90,47,0,0.0,0.0,0.06471777707338333,1,0.06471777707338333
90,41,0,0.0,0.0,0.04574463400058448,2,0.0847301185131073
90,42,0,0.0,1.435865578969242e-05,0.08471418917179108,1,0.08471418917179108
91,22,0,2.087746663571796,1.0,1.0,156,1.0
91,48,0,0.0,0.0,0.5311201214790344,1,0.5311201214790344
91,49,0,0.0,0.0,0.5303062200546265,1,0.5303062200546265
91,1,0,0.0,0.0,0.5293113589286804,1,0.5293113589286804
91,27,0,0.0,0.0,0.3825093135237694,2,0.5289968848228455
91,21,0,0.962180224248508,0.00022949320555198938,0.34670445873215794,125,0.5466527342796326
91,7,0,0.8910002089784977,0.0,0.35655350372072236,106,0.7377253770828247
91,13,0,0.946800165046137,4.324435940361582e-05,0.3540839981339844,134,0.7096469402313232
91,19,0,0.90922942133026,5.2146409871056676e-05,0.34669168367413167,131,0.5466375946998596
91,24,0,0.8833976575940202,0.0,0.3374374033797772,109,0.5483644008636475
91,20,0,0.8375137857725486,0.0,0.3639321638605533,117,0.5486897826194763
91,9,0,0.6642019854241287,6.072178075555712e-05,0.350343463547302,132,0.721806526184082
91,10,0,0.0,0.00017297743761446327,0.3330513086563688,123,0.5487772226333618
91,23,0,0.0,0.08463341742753983,0.3629306460521659,49,0.6120709180831909
91,8,1,0.0,4.573530077323085e-06,0.33358166312738774,93,0.5285553932189941
91,6,0,0.0,0.0,0.3272104997187853,75,0.5486850738525391
91,5,0,0.0,3.756828391487943e-06,0.34280268562047983,86,0.5719727873802185
91,0,0,0.0,0.0,0.3463856258357947,52,0.5626494288444519
91,12,0,0.0,0.0,0.18281329174836478,12,0.3353216350078583
91,40,0,0.0,0.08625482022762299,0.2073526491294615,16,0.35363054275512695
91,26,0,0.0,0.3313710391521454,0.32784326936592134,57,0.5440101623535156
91,3,0,0.0,0.0,0.22631928883492947,9,0.5522598028182983
91,25,0,0.0,6.21918443357572e-05,0.323382280960043,123,0.5466135144233704
91,39,0,0.0,0.16747312247753143,0.11053223613028725,6,0.22259292006492615
91,16,0,0.0,0.08545608073472977,0.22807019066942089,17,0.4104084074497223
91,36,0,0.0,0.08474457263946533,0.08882521209307015,5,0.34607717394828796
91,37,0,0.0,0.0,0.07007024541962892,2,0.1382940411567688
91,43,0,0.0,0.0,0.18892700457945466,3,0.3321041762828827
91,2,0,0.0,0.0,0.3363345413020364,54,0.5214826464653015
91,4,0,0.0,0.268395334482193,0.23464425355196,5,0.332098126411438
91,28,0,0.0,0.0,0.3002731032096423,26,0.5201427936553955
91,17,0,0.0,0.08544546365737915,0.16430597752332687,3,0.3250329792499542
91,11,0,0.0,0.0,0.18664873329301676,12,0.3665458858013153
91,14,1,0.0,0.0,0.26407086104154587,4,0.5244344472885132
91,15,0,0.0,0.16832396388053894,0.18902366422116756,4,0.331576406955719
91,38,0,0.0,0.0,0.11052130162715912,1,0.11052130162715912
91,18,0,0.0,0.0,0.16043263270209232,6,0.5106946229934692
91,35,0,0.0,0.0,0.15693993866443634,2,0.23703964054584503
91,30,0,0.0,0.0,0.2488671839237213,1,0.2488671839237213
91,32,0,0.0,0.08473444730043411,0.05987196043133736,3,0.0881086140871048
91,29,0,0.0,0.0,0.014150664501357824,2,0.02649318426847458
91,31,0,0.0,0.0,0.04804918554145843,2,0.09425964951515198
91,47,0,0.0,0.0,0.06471777707338333,1,0.06471777707338333
91,41,0,0.0,0.0847301185131073,0.04574463400058448,2,0.0847301185131073
91,42,0,0.0,0.08471418917179108,0.08471418917179108,1,0.08471418917179108
92,22,0,2.087746663571796,1.0,1.0,156,1.0
92,48,0,0.0,0.0,0.5311201214790344,1,0.5311201214790344
92,49,0,0.0,0.0,0.5303062200546265,1,0.5303062200546265
92,1,0,0.0,0.0,0.5293113589286804,1,0.5293113589286804
92,27,0,0.0,0.0,0.3825093135237694,2,0.5289968848228455
92,21,0,0.962180224248508,0.08597581833600998,0.34670445873215794,125,0.5466527342796326
92,7,0,0.8910002089784977,0.08639208227396011,0.35655350372072236,106,0.7377253770828247
92,13,0,0.946800165046137,0.08644416183233261,0.3540839981339844,134,0.7096469402313232
92,19,0,0.90922942133026,0.08589699119329453,0.34669168367413167,131,0.5466375946998596
92,24,0,0.8833976575940202,0.08642252534627914,0.3374374033797772,109,0.5483644008636475
92,20,0,0.8375137857725486,0.0,0.3639321638605533,117,0.5486897826194763
92,9,0,0.6642019854241287,0.08648382127285004,0.350343463547302,132,0.721806526184082
92,10,0,0.0,0.08588705211877823,0.3330513086563688,123,0.5487772226333618
92,23,0,0.0,0.2271270900964737,0.3629306460521659,49,0.6120709180831909
92,8,1,0.0,0.08653958886861801,0.33358166312738774,93,0.5285553932189941
92,6,0,0.0,0.0,0.3272104997187853,75,0.5486850738525391
92,5,0,0.0,0.0,0.34280268562047983,86,0.5719727873802185
92,0,0,0.0,0.0,0.3463856258357947,52,0.5626494288444519
92,12,0,0.0,0.0,0.18281329174836478,12,0.3353216350078583
92,40,0,0.0,0.0,0.2073526491294615,16,0.35363054275512695
92,26,0,0.0,0.0,0.32784326936592134,57,0.5440101623535156
92,3,0,0.0,0.0,0.22631928883492947,9,0.5522598028182983
92,25,0,0.0,0.22723107039928436,0.323382280960043,123,0.5466135144233704
92,39,0,0.0,0.06450881063938141,0.11053223613028725,6,0.22259292006492615
92,16,0,0.0,0.06536394357681274,0.22807019066942089,17,0.4104084074497223
92,36,0,0.0,0.0,0.08882521209307015,5,0.34607717394828796
92,37,0,0.0,0.00014352174184750766,0.07007024541962892,2,0.1382940411567688
92,43,0,0.0,0.00015773555787745863,0.18892700457945466,3,0.3321041762828827
92,2,0,0.0,0.2271602898836136,0.3363345413020364,54,0.5214826464653015
92,4,0,0.0,0.0,0.23464425355196,5,0.332098126411438
92,28,0,0.0,0.0,0.3002731032096423,26,0.5201427936553955
92,17,0,0.0,0.0,0.16430597752332687,3,0.3250329792499542
92,11,0,0.0,0.11967495828866959,0.18664873329301676,12,0.3665458858013153
92,14,1,0.0,0.0,0.26407086104154587,4,0.5244344472885132
92,15,0,0.0,0.0,0.18902366422116756,4,0.331576406955719
92,38,0,0.0,0.0,0.11052130162715912,1,0.11052130162715912
92,18,0,0.0,0.0,0.16043263270209232,6,0.5106946229934692
92,35,0,0.0,0.0,0.15693993866443634,2,0.23703964054584503
92,30,0,0.0,0.0,0.2488671839237213,1,0.2488671839237213
92,32,0,0.0,2.3983184291864745e-05,0.05987196043133736,3,0.0881086140871048
92,29,0,0.0,0.0,0.014150664501357824,2,0.02649318426847458
92,31,0,0.0,0.0,0.04804918554145843,2,0.09425964951515198
92,47,0,0.0,0.0,0.06471777707338333,1,0.06471777707338333
92,41,0,0.0,0.0,0.04574463400058448,2,0.0847301185131073
92,42,0,0.0,0.0,0.08471418917179108,1,0.08471418917179108
93,22,0,2.087746663571796,1.0,1.0,156,1.0
93,48,0,0.0,0.0,0.5311201214790344,1,0.5311201214790344
93,49,0,0.0,0.0,0.5303062200546265,1,0.5303062200546265
93,1,0,0.0,0.0,0.5293113589286804,1,0.5293113589286804
93,27,0,0.0,0.0,0.3825093135237694,2,0.5289968848228455
93,21,0,0.962180224248508,0.23766587674617767,0.34670445873215794,125,0.5466527342796326
93,7,0,0.8910002089784977,0.3551570475101471,0.35655350372072236,106,0.7377253770828247
93,13,0,0.946800165046137,0.23770762979984283,0.3540839981339844,134,0.7096469402313232
93,19,0,0.90922942133026,0.23758582770824432,0.34669168367413167,131,0.5466375946998596
93,24,0,0.8833976575940202,0.2375982701778412,0.3374374033797772,109,0.5483644008636475
93,20,0,0.8375137857725486,0.2374977320432663,0.3639321638605533,117,0.5486897826194763
93,9,1,0.6642019854241287,0.3550211787223816,0.350343463547302,132,0.721806526184082
93,10,0,0.0,0.0,0.3330513086563688,123,0.5487772226333618
93,23,0,0.0,0.2375669777393341,0.3629306460521659,49,0.6120709180831909
93,8,0,0.0,0.35494479537010193,0.33358166312738774,93,0.5285553932189941
93,6,0,0.0,0.0,0.3272104997187853,75,0.5486850738525391
93,5,0,0.0,0.0,0.34280268562047983,86,0.5719727873802185
93,0,0,0.0,0.23755677044391632,0.3463856258357947,52,0.5626494288444519
93,12,0,0.0,0.0,0.18281329174836478,12,0.3353216350078583
93,40,0,0.0,0.03325946256518364,0.2073526491294615,16,0.35363054275512695
93,26,0,0.0,0.0,0.32784326936592134,57,0.5440101623535156
93,3,0,0.0,0.0,0.22631928883492947,9,0.5522598028182983
93,25,0,0.0,0.3549853563308716,0.323382280960043,123,0.5466135144233704
93,39,0,0.0,0.03316885605454445,0.11053223613028725,6,0.22259292006492615
93,16,0,0.0,0.033106572926044464,0.22807019066942089,17,0.4104084074497223
93,36,0,0.0,0.0,0.08882521209307015,5,0.34607717394828796
93,37,0,0.0,0.0,0.07007024541962892,2,0.1382940411567688
93,43,0,0.0,0.0,0.18892700457945466,3,0.3321041762828827
93,2,0,0.0,0.0,0.3363345413020364,54,0.5214826464653015
93,4,0,0.0,0.0,0.23464425355196,5,0.332098126411438
93,28,0,0.0,0.03301022946834564,0.3002731032096423,26,0.5201427936553955
93,17,0,0.0,0.0,0.16430597752332687,3,0.3250329792499542
93,11,0,0.0,0.11836114525794983,0.18664873329301676,12,0.3665458858013153
93,14,1,0.0,0.0,0.26407086104154587,4,0.5244344472885132
93,15,0,0.0,0.0005233807605691254,0.18902366422116756,4,0.331576406955719
93,38,0,0.0,0.0,0.11052130162715912,1,0.11052130162715912
93,18,0,0.0,0.0,0.16043263270209232,6,0.5106946229934692
93,35,0,0.0,0.0,0.15693993866443634,2,0.23703964054584503
93,30,0,0.0,0.0,0.2488671839237213,1,0.2488671839237213
93,32,0,0.0,0.0,0.05987196043133736,3,0.0881086140871048
93,29,0,0.0,0.0,0.014150664501357824,2,0.02649318426847458
93,31,0,0.0,0.0,0.04804918554145843,2,0.09425964951515198
93,47,0,0.0,0.0,0.06471777707338333,1,0.06471777707338333
93,41,0,0.0,0.0,0.04574463400058448,2,0.0847301185131073
93,42,0,0.0,0.0,0.08471418917179108,1,0.08471418917179108
94,22,0,2.087746663571796,1.0,1.0,156,1.0
94,48,0,0.0,0.0,0.5311201214790344,1,0.5311201214790344
94,49,0,0.0,0.0,0.5303062200546265,1,0.5303062200546265
94,1,0,0.0,0.0,0.5293113589286804,1,0.5293113589286804
94,27,0,0.0,0.0,0.3825093135237694,2,0.5289968848228455
94,21,0,0.962180224248508,0.2580001652240753,0.34670445873215794,125,0.5466527342796326
94,7,0,0.8910002089784977,0.0,0.35655350372072236,106,0.7377253770828247
94,13,0,0.946800165046137,0.2578921318054199,0.3540839981339844,134,0.7096469402313232
94,19,0,0.90922942133026,0.4256300926208496,0.34669168367413167,131,0.5466375946998596
94,24,0,0.8833976575940202,0.2578044533729553,0.3374374033797772,109,0.5483644008636475
94,20,0,0.8375137857725486,0.4256078600883484,0.3639321638605533,117,0.5486897826194763
94,9,0,0.6642019854241287,0.2578681409358978,0.350343463547302,132,0.721806526184082
94,10,0,0.0,0.2579233646392822,0.3330513086563688,123,0.5487772226333618
94,23,0,0.0,0.0,0.3629306460521659,49,0.6120709180831909
94,8,1,0.0,0.4256977140903473,0.33358166312738774,93,0.5285553932189941
94,6,0,0.0,0.0,0.3272104997187853,75,0.5486850738525391
94,5,0,0.0,0.4256516695022583,0.34280268562047983,86,0.5719727873802185
94,0,0,0.0,0.2577934265136719,0.3463856258357947,52,0.5626494288444519
94,12,0,0.0,0.0,0.18281329174836478,12,0.3353216350078583
94,40,0,0.0,0.0,0.2073526491294615,16,0.35363054275512695
94,26,0,0.0,0.0,0.32784326936592134,57,0.5440101623535156
94,3,0,0.0,0.028325295075774193,0.22631928883492947,9,0.5522598028182983
94,25,0,0.0,0.25798299908638,0.323382280960043,123,0.5466135144233704
94,39,0,0.0,0.0,0.11053223613028725,6,0.22259292006492615
94,16,0,0.0,0.0,0.22807019066942089,17,0.4104084074497223
94,36,0,0.0,3.9732822187943384e-05,0.08882521209307015,5,0.34607717394828796
94,37,0,0.0,0.0,0.07007024541962892,2,0.1382940411567688
94,43,0,0.0,0.0,0.18892700457945466,3,0.3321041762828827
94,2,0,0.0,0.0,0.3363345413020364,54,0.5214826464653015
94,4,0,0.0,0.0,0.23464425355196,5,0.332098126411438
94,28,0,0.0,0.00012186289677629247,0.3002731032096423,26,0.5201427936553955
94,17,0,0.0,0.0,0.16430597752332687,3,0.3250329792499542
94,11,0,0.0,0.0,0.18664873329301676,12,0.3665458858013153
94,14,1,0.0,0.004703150596469641,0.26407086104154587,4,0.5244344472885132
94,15,0,0.0,0.0,0.18902366422116756,4,0.331576406955719
94,38,0,0.0,1.59242918016389e-05,0.11052130162715912,1,0.11052130162715912
94,18,0,0.0,0.0,0.16043263270209232,6,0.5106946229934692
94,35,0,0.0,0.0,0.15693993866443634,2,0.23703964054584503
94,30,0,0.0,0.0,0.2488671839237213,1,0.2488671839237213
94,32,0,0.0,0.0,0.05987196043133736,3,0.0881086140871048
94,29,0,0.0,0.0,0.014150664501357824,2,0.02649318426847458
94,31,0,0.0,0.0,0.04804918554145843,2,0.09425964951515198
94,47,0,0.0,0.0,0.06471777707338333,1,0.06471777707338333
94,41,0,0.0,0.0,0.04574463400058448,2,0.0847301185131073
94,42,0,0.0,1.7575930542079732e-05,0.08471418917179108,1,0.08471418917179108
95,22,0,2.087746663571796,1.0,1.0,156,1.0
95,48,0,0.0,0.0,0.5311201214790344,1,0.5311201214790344
95,49,0,0.0,0.0,0.5303062200546265,1,0.5303062200546265
95,1,0,0.0,0.0,0.5293113589286804,1,0.5293113589286804
95,27,0,0.0,0.0,0.3825093135237694,2,0.5289968848228455
95,21,0,0.962180224248508,0.0031929598189890385,0.34670445873215794,125,0.5466527342796326
95,7,0,0.8910002089784977,0.0031719026155769825,0.35655350372072236,106,0.7377253770828247
95,13,0,0.946800165046137,0.0030751146841794252,0.3540839981339844,134,0.7096469402313232
95,19,0,0.90922942133026,0.22788836061954498,0.34669168367413167,131,0.5466375946998596
95,24,0,0.8833976575940202,0.0029543389100581408,0.3374374033797772,109,0.5483644008636475
95,20,0,0.8375137857725486,0.2278428077697754,0.3639321638605533,117,0.5486897826194763
95,9,1,0.6642019854241287,0.228552907705307,0.350343463547302,132,0.721806526184082
95,10,0,0.0,0.0,0.3330513086563688,123,0.5487772226333618
95,23,0,0.0,0.0,0.3629306460521659,49,0.6120709180831909
95,8,0,0.0,0.22794312238693237,0.33358166312738774,93,0.5285553932189941
95,6,0,0.0,0.0,0.3272104997187853,75,0.5486850738525391
95,5,0,0.0,0.22779852151870728,0.34280268562047983,86,0.5719727873802185
95,0,0,0.0,0.0,0.3463856258357947,52,0.5626494288444519
95,12,0,0.0,0.0,0.18281329174836478,12,0.3353216350078583
95,40,0,0.0,0.0,0.2073526491294615,16,0.35363054275512695
95,26,0,0.0,0.002918336307629943,0.32784326936592134,57,0.5440101623535156
95,3,0,0.0,0.012396534904837608,0.22631928883492947,9,0.5522598028182983
95,25,0,0.0,0.0031662092078477144,0.323382280960043,123,0.5466135144233704
95,39,0,0.0,0.0,0.11053223613028725,6,0.22259292006492615
95,16,0,0.0,0.0,0.22807019066942089,17,0.4104084074497223
95,36,0,0.0,9.5867080744938e-06,0.08882521209307015,5,0.34607717394828796
95,37,0,0.0,0.0,0.07007024541962892,2,0.1382940411567688
95,43,0,0.0,0.0,0.18892700457945466,3,0.3321041762828827
95,2,0,0.0,0.0,0.3363345413020364,54,0.5214826464653015
95,4,0,0.0,0.0,0.23464425355196,5,0.332098126411438
95,28,0,0.0,0.07427128404378891,0.3002731032096423,26,0.5201427936553955
95,17,0,0.0,0.0,0.16430597752332687,3,0.3250329792499542
95,11,0,0.0,0.0,0.18664873329301676,12,0.3665458858013153
95,14,1,0.0,0.0,0.26407086104154587,4,0.5244344472885132
95,15,0,0.0,0.0,0.18902366422116756,4,0.331576406955719
95,38,0,0.0,0.0,0.11052130162715912,1,0.11052130162715912
95,18,0,0.0,0.0,0.16043263270209232,6,0.5106946229934692
95,35,0,0.0,0.0,0.15693993866443634,2,0.23703964054584503
95,30,0,0.0,0.0,0.2488671839237213,1,0.2488671839237213
95,32,0,0.0,0.0,0.05987196043133736,3,0.0881086140871048
95,29,0,0.0,0.0,0.014150664501357824,2,0.02649318426847458
95,31,0,0.0,0.0,0.04804918554145843,2,0.09425964951515198
95,47,0,0.0,0.0,0.06471777707338333,1,0.06471777707338333
95,41,0,0.0,1.590807551110629e-05,0.04574463400058448,2,0.0847301185131073
95,42,0,0.0,8.875031198840588e-06,0.08471418917179108,1,0.08471418917179108
96,22,0,2.087746663571796,1.0,1.0,156,1.0
96,48,0,0.0,0.0,0.5311201214790344,1,0.5311201214790344
96,49,0,0.0,0.0,0.5303062200546265,1,0.5303062200546265
96,1,0,0.0,0.0,0.5293113589286804,1,0.5293113589286804
96,27,0,0.0,0.0,0.3825093135237694,2,0.5289968848228455
96,21,0,0.962180224248508,0.2915663719177246,0.34670445873215794,125,0.5466527342796326
96,7,0,0.8910002089784977,0.29143279790878296,0.35655350372072236,106,0.7377253770828247
96,13,0,0.946800165046137,0.0,0.3540839981339844,134,0.7096469402313232
96,19,0,0.90922942133026,0.29140186309814453,0.34669168367413167,131,0.5466375946998596
96,24,0,0.8833976575940202,0.2913965582847595,0.3374374033797772,109,0.5483644008636475
96,20,0,0.8375137857725486,0.2914210259914398,0.3639321638605533,117,0.5486897826194763
96,9,0,0.6642019854241287,0.46619749069213867,0.350343463547302,132,0.721806526184082
96,10,0,0.0,0.4666946530342102,0.3330513086563688,123,0.5487772226333618
96,23,0,0.0,0.0,0.3629306460521659,49,0.6120709180831909
96,8,0,0.0,0.2914302349090576,0.33358166312738774,93,0.5285553932189941
96,6,0,0.0,0.29140719771385193,0.3272104997187853,75,0.5486850738525391
96,5,0,0.0,0.0,0.34280268562047983,86,0.5719727873802185
96,0,0,0.0,0.0,0.3463856258357947,52,0.5626494288444519
96,12,0,0.0,0.0,0.18281329174836478,12,0.3353216350078583
96,40,0,0.0,0.0,0.2073526491294615,16,0.35363054275512695
96,26,0,0.0,0.0,0.32784326936592134,57,0.5440101623535156
96,3,0,0.0,0.03774423524737358,0.22631928883492947,9,0.5522598028182983
96,25,0,0.0,0.29140767455101013,0.323382280960043,123,0.5466135144233704
96,39,0,0.0,0.0,0.11053223613028725,6,0.22259292006492615
96,16,0,0.0,0.0,0.22807019066942089,17,0.4104084074497223
96,36,0,0.0,0.0,0.08882521209307015,5,0.34607717394828796
96,37,0,0.0,0.0,0.07007024541962892,2,0.1382940411567688
96,43,0,0.0,0.0,0.18892700457945466,3,0.3321041762828827
96,2,0,0.0,0.4663817584514618,0.3363345413020364,54,0.5214826464653015
96,4,1,0.0,0.0,0.23464425355196,5,0.332098126411438
96,28,0,0.0,0.46635034680366516,0.3002731032096423,26,0.5201427936553955
96,17,0,0.0,0.0,0.16430597752332687,3,0.3250329792499542
96,11,0,0.0,0.0,0.18664873329301676,12,0.3665458858013153
96,14,1,0.0,0.1821850836277008,0.26407086104154587,4,0.5244344472885132
96,15,0,0.0,0.0034946962259709835,0.18902366422116756,4,0.331576406955719
96,38,0,0.0,0.0,0.11052130162715912,1,0.11052130162715912
96,18,0,0.0,0.0,0.16043263270209232,6,0.5106946229934692
96,35,0,0.0,0.0,0.15693993866443634,2,0.23703964054584503
96,30,0,0.0,0.0,0.2488671839237213,1,0.2488671839237213
96,32,0,0.0,0.0,0.05987196043133736,3,0.0881086140871048
96,29,0,0.0,0.004937656689435244,0.014150664501357824,2,0.02649318426847458
96,31,0,0.0,0.0,0.04804918554145843,2,0.09425964951515198
96,47,0,0.0,0.0,0.06471777707338333,1,0.06471777707338333
96,41,0,0.0,0.0,0.04574463400058448,2,0.0847301185131073
96,42,0,0.0,0.0,0.08471418917179108,1,0.08471418917179108
97,22,0,2.087746663571796,1.0,1.0,156,1.0
97,48,0,0.0,0.0,0.5311201214790344,1,0.5311201214790344
97,49,0,0.0,0.0,0.5303062200546265,1,0.5303062200546265
97,1,0,0.0,0.0,0.5293113589286804,1,0.5293113589286804
97,27,0,0.0,0.0,0.3825093135237694,2,0.5289968848228455
97,21,0,0.962180224248508,0.25299420952796936,0.34670445873215794,125,0.5466527342796326
97,7,0,0.8910002089784977,0.0,0.35655350372072236,106,0.7377253770828247
97,13,0,0.946800165046137,0.25308722257614136,0.3540839981339844,134,0.7096469402313232
97,19,0,0.90922942133026,0.43760642409324646,0.34669168367413167,131,0.5466375946998596
97,24,0,0.8833976575940202,0.25334882736206055,0.3374374033797772,109,0.5483644008636475
97,20,0,0.8375137857725486,0.0,0.3639321638605533,117,0.5486897826194763
97,9,0,0.6642019854241287,0.2529866099357605,0.350343463547302,132,0.721806526184082
97,10,0,0.0,0.43773457407951355,0.3330513086563688,123,0.5487772226333618
97,23,0,0.0,0.0,0.3629306460521659,49,0.6120709180831909
97,8,0,0.0,0.0,0.33358166312738774,93,0.5285553932189941
97,6,0,0.0,0.2533293664455414,0.3272104997187853,75,0.5486850738525391
97,5,0,0.0,0.4376649558544159,0.34280268562047983,86,0.5719727873802185
97,0,0,0.0,0.0,0.3463856258357947,52,0.5626494288444519
97,12,0,0.0,0.0,0.18281329174836478,12,0.3353216350078583
97,40,0,0.0,0.0,0.2073526491294615,16,0.35363054275512695
97,26,0,0.0,0.43802499771118164,0.32784326936592134,57,0.5440101623535156
97,3,0,0.0,0.0,0.22631928883492947,9,0.5522598028182983
97,25,0,0.0,0.4375818371772766,0.323382280960043,123,0.5466135144233704
97,39,0,0.0,0.0,0.11053223613028725,6,0.22259292006492615
97,16,0,0.0,0.0,0.22807019066942089,17,0.4104084074497223
97,36,0,0.0,0.0,0.08882521209307015,5,0.34607717394828796
97,37,0,0.0,0.0,0.07007024541962892,2,0.1382940411567688
97,43,0,0.0,0.0,0.18892700457945466,3,0.3321041762828827
97,2,0,0.0,0.0,0.3363345413020364,54,0.5214826464653015
97,4,1,0.0,0.0,0.23464425355196,5,0.332098126411438
97,28,0,0.0,0.43762779235839844,0.3002731032096423,26,0.5201427936553955
97,17,0,0.0,0.0,0.16430597752332687,3,0.3250329792499542
97,11,0,0.0,0.0,0.18664873329301676,12,0.3665458858013153
97,14,1,0.0,0.0,0.26407086104154587,4,0.5244344472885132
97,15,0,0.0,0.0,0.18902366422116756,4,0.331576406955719
97,38,0,0.0,0.0,0.11052130162715912,1,0.11052130162715912
97,18,0,0.0,0.0,0.16043263270209232,6,0.5106946229934692
97,35,0,0.0,0.02451242320239544,0.15693993866443634,2,0.23703964054584503
97,30,0,0.0,0.0,0.2488671839237213,1,0.2488671839237213
97,32,0,0.0,0.001894335146062076,0.05987196043133736,3,0.0881086140871048
97,29,0,0.0,0.0,0.014150664501357824,2,0.02649318426847458
97,31,0,0.0,0.0,0.04804918554145843,2,0.09425964951515198
97,47,0,0.0,0.0,0.06471777707338333,1,0.06471777707338333
97,41,0,0.0,0.0,0.04574463400058448,2,0.0847301185131073
97,42,0,0.0,0.024524671956896782,0.08471418917179108,1,0.08471418917179108
98,22,0,2.087746663571796,1.0,1.0,156,1.0
98,48,0,0.0,0.0,0.5311201214790344,1,0.5311201214790344
98,49,0,0.0,0.0,0.5303062200546265,1,0.5303062200546265
98,1,0,0.0,0.0,0.5293113589286804,1,0.5293113589286804
98,27,0,0.0,0.0,0.3825093135237694,2,0.5289968848228455
98,21,0,0.962180224248508,0.3709316551685333,0.34670445873215794,125,0.5466527342796326
98,7,0,0.8910002089784977,0.0,0.35655350372072236,106,0.7377253770828247
98,13,0,0.946800165046137,0.37080734968185425,0.3540839981339844,134,0.7096469402313232
98,19,0,0.90922942133026,0.46763312816619873,0.34669168367413167,131,0.5466375946998596
98,24,0,0.8833976575940202,0.0,0.3374374033797772,109,0.5483644008636475
98,20,0,0.8375137857725486,0.3707995116710663,0.3639321638605533,117,0.5486897826194763
98,9,0,0.6642019854241287,0.3708128333091736,0.350343463547302,132,0.721806526184082
98,10,0,0.0,0.467824786901474,0.3330513086563688,123,0.5487772226333618
98,23,0,0.0,0.0,0.3629306460521659,49,0.6120709180831909
98,8,1,0.0,0.4681353271007538,0.33358166312738774,93,0.5285553932189941
98,6,0,0.0,0.3708191215991974,0.3272104997187853,75,0.5486850738525391
98,5,0,0.0,0.46769043803215027,0.34280268562047983,86,0.5719727873802185
98,0,0,0.0,0.0,0.3463856258357947,52,0.5626494288444519
98,12,0,0.0,0.0,0.18281329174836478,12,0.3353216350078583
98,40,0,0.0,0.0,0.2073526491294615,16,0.35363054275512695
98,26,0,0.0,0.4678296446800232,0.32784326936592134,57,0.5440101623535156
98,3,0,0.0,0.0,0.22631928883492947,9,0.5522598028182983
98,25,0,0.0,0.0,0.323382280960043,123,0.5466135144233704
98,39,0,0.0,0.0,0.11053223613028725,6,0.22259292006492615
98,16,0,0.0,3.5015709727304056e-05,0.22807019066942089,17,0.4104084074497223
98,36,0,0.0,0.0,0.08882521209307015,5,0.34607717394828796
98,37,0,0.0,0.0,0.07007024541962892,2,0.1382940411567688
98,43,0,0.0,0.0,0.18892700457945466,3,0.3321041762828827
98,2,0,0.0,0.3707875609397888,0.3363345413020364,54,0.5214826464653015
98,4,0,0.0,0.0,0.23464425355196,5,0.332098126411438
98,28,0,0.0,0.0008035795763134956,0.3002731032096423,26,0.5201427936553955
98,17,0,0.0,0.0,0.16430597752332687,3,0.3250329792499542
98,11,0,0.0,5.983834489597939e-05,0.18664873329301676,12,0.3665458858013153
98,14,1,0.0,0.0085262106731534,0.26407086104154587,4,0.5244344472885132
98,15,0,0.0,0.0,0.18902366422116756,4,0.331576406955719
98,38,0,0.0,0.0,0.11052130162715912,1,0.11052130162715912
98,18,0,0.0,0.0,0.16043263270209232,6,0.5106946229934692
98,35,0,0.0,0.0,0.15693993866443634,2,0.23703964054584503
98,30,0,0.0,0.0,0.2488671839237213,1,0.2488671839237213
98,32,0,0.0,0.007629933767020702,0.05987196043133736,3,0.0881086140871048
98,29,0,0.0,0.0,0.014150664501357824,2,0.02649318426847458
98,31,0,0.0,0.0,0.04804918554145843,2,0.09425964951515198
98,47,0,0.0,0.0,0.06471777707338333,1,0.06471777707338333
98,41,0,0.0,0.0,0.04574463400058448,2,0.0847301185131073
98,42,0,0.0,0.0,0.08471418917179108,1,0.08471418917179108
99,22,0,2.087746663571796,1.0,1.0,156,1.0
99,48,0,0.0,0.0,0.5311201214790344,1,0.5311201214790344
99,49,0,0.0,0.0,0.5303062200546265,1,0.5303062200546265
99,1,0,0.0,0.0,0.5293113589286804,1,0.5293113589286804
99,27,0,0.0,0.0,0.3825093135237694,2,0.5289968848228455
99,21,0,0.962180224248508,0.48738202452659607,0.34670445873215794,125,0.5466527342796326
99,7,0,0.8910002089784977,0.393990695476532,0.35655350372072236,106,0.7377253770828247
99,13,0,0.946800165046137,0.3941146731376648,0.3540839981339844,134,0.7096469402313232
99,19,0,0.90922942133026,0.39405858516693115,0.34669168367413167,131,0.5466375946998596
99,24,0,0.8833976575940202,0.39403343200683594,0.3374374033797772,109,0.5483644008636475
99,20,0,0.8375137857725486,0.3940202593803406,0.3639321638605533,117,0.5486897826194763
99,9,1,0.6642019854241287,0.48775047063827515,0.350343463547302,132,0.721806526184082
99,10,0,0.0,0.007511126808822155,0.3330513086563688,123,0.5487772226333618
99,23,0,0.0,0.48748207092285156,0.3629306460521659,49,0.6120709180831909
99,8,0,0.0,0.4873211085796356,0.33358166312738774,93,0.5285553932189941
99,6,0,0.0,0.39399102330207825,0.3272104997187853,75,0.5486850738525391
99,5,0,0.0,0.0,0.34280268562047983,86,0.5719727873802185
99,0,0,0.0,0.0,0.3463856258357947,52,0.5626494288444519
99,12,0,0.0,0.002213188447058201,0.18281329174836478,12,0.3353216350078583
99,40,0,0.0,0.0,0.2073526491294615,16,0.35363054275512695
99,26,0,0.0,0.0,0.32784326936592134,57,0.5440101623535156
99,3,0,0.0,0.0,0.22631928883492947,9,0.5522598028182983
99,25,0,0.0,0.39406055212020874,0.323382280960043,123,0.5466135144233704
99,39,0,0.0,0.0,0.11053223613028725,6,0.22259292006492615
99,16,0,0.0,0.0,0.22807019066942089,17,0.4104084074497223
99,36,0,0.0,0.0,0.08882521209307015,5,0.34607717394828796
99,37,0,0.0,0.0,0.07007024541962892,2,0.1382940411567688
99,43,0,0.0,0.0,0.18892700457945466,3,0.3321041762828827
99,2,0,0.0,0.0,0.3363345413020364,54,0.5214826464653015
99,4,0,0.0,0.0,0.23464425355196,5,0.332098126411438
99,28,0,0.0,0.0,0.3002731032096423,26,0.5201427936553955
99,17,0,0.0,0.0,0.16430597752332687,3,0.3250329792499542
99,11,0,0.0,0.0,0.18664873329301676,12,0.3665458858013153
99,14,1,0.0,0.01175351720303297,0.26407086104154587,4,0.5244344472885132
99,15,0,0.0,0.0,0.18902366422116756,4,0.331576406955719
99,38,0,0.0,0.0,0.11052130162715912,1,0.11052130162715912
99,18,0,0.0,0.0,0.16043263270209232,6,0.5106946229934692
99,35,0,0.0,0.0,0.15693993866443634,2,0.23703964054584503
99,30,0,0.0,0.0,0.2488671839237213,1,0.2488671839237213
99,32,0,0.0,0.017256975173950195,0.05987196043133736,3,0.0881086140871048
99,29,0,0.0,0.0,0.014150664501357824,2,0.02649318426847458
99,31,0,0.0,0.0,0.04804918554145843,2,0.09425964951515198
99,47,0,0.0,0.0,0.06471777707338333,1,0.06471777707338333
99,41,0,0.0,0.0,0.04574463400058448,2,0.0847301185131073
99,42,0,0.0,0.0,0.08471418917179108,1,0.08471418917179108
100,22,0,2.087746663571796,1.0,1.0,156,1.0
100,48,0,0.0,0.0,0.5311201214790344,1,0.5311201214790344
100,49,0,0.0,0.0,0.5303062200546265,1,0.5303062200546265
100,1,0,0.0,0.0,0.5293113589286804,1,0.5293113589286804
100,27,0,0.0,0.0,0.3825093135237694,2,0.5289968848228455
100,21,0,0.962180224248508,0.2936853766441345,0.34670445873215794,125,0.5466527342796326
100,7,0,0.8910002089784977,0.4028362035751343,0.35655350372072236,106,0.7377253770828247
100,13,0,0.946800165046137,0.29366886615753174,0.3540839981339844,134,0.7096469402313232
100,19,0,0.90922942133026,0.40237945318222046,0.34669168367413167,131,0.5466375946998596
100,24,0,0.8833976575940202,0.29356756806373596,0.3374374033797772,109,0.5483644008636475
100,20,0,0.8375137857725486,0.4027855396270752,0.3639321638605533,117,0.5486897826194763
100,9,1,0.6642019854241287,0.2941308617591858,0.350343463547302,132,0.721806526184082
100,10,0,0.0,0.0,0.3330513086563688,123,0.5487772226333618
100,23,0,0.0,0.4022882282733917,0.3629306460521659,49,0.6120709180831909
100,8,0,0.0,0.2935933768749237,0.33358166312738774,93,0.5285553932189941
100,6,0,0.0,0.0,0.3272104997187853,75,0.5486850738525391
100,5,0,0.0,0.0,0.34280268562047983,86,0.5719727873802185
100,0,0,0.0,0.2935616970062256,0.3463856258357947,52,0.5626494288444519
100,12,0,0.0,0.0,0.18281329174836478,12,0.3353216350078583
100,40,0,0.0,0.0,0.2073526491294615,16,0.35363054275512695
100,26,0,0.0,0.1641145646572113,0.32784326936592134,57,0.5440101623535156
100,3,0,0.0,0.0,0.22631928883492947,9,0.5522598028182983
100,25,0,0.0,0.29359880089759827,0.323382280960043,123,0.5466135144233704
100,39,0,0.0,0.0,0.11053223613028725,6,0.22259292006492615
100,16,0,0.0,0.0,0.22807019066942089,17,0.4104084074497223
100,36,0,0.0,0.0,0.08882521209307015,5,0.34607717394828796
100,37,0,0.0,0.0,0.07007024541962892,2,0.1382940411567688
100,43,0,0.0,0.0,0.18892700457945466,3,0.3321041762828827
100,2,0,0.0,0.0,0.3363345413020364,54,0.5214826464653015
100,4,0,0.0,0.0,0.23464425355196,5,0.332098126411438
100,28,0,0.0,0.12619872391223907,0.3002731032096423,26,0.5201427936553955
100,17,0,0.0,0.0,0.16430597752332687,3,0.3250329792499542
100,11,0,0.0,0.0,0.18664873329301676,12,0.3665458858013153
100,14,1,0.0,0.0,0.26407086104154587,4,0.5244344472885132
100,15,0,0.0,0.0,0.18902366422116756,4,0.331576406955719
100,38,0,0.0,0.0,0.11052130162715912,1,0.11052130162715912
100,18,0,0.0,0.12625886499881744,0.16043263270209232,6,0.5106946229934692
100,35,0,0.0,0.0,0.15693993866443634,2,0.23703964054584503
100,30,0,0.0,0.0,0.2488671839237213,1,0.2488671839237213
100,32,0,0.0,0.07842858135700226,0.05987196043133736,3,0.0881086140871048
100,29,0,0.0,0.0,0.014150664501357824,2,0.02649318426847458
100,31,0,0.0,0.0,0.04804918554145843,2,0.09425964951515198
100,47,0,0.0,0.0,0.06471777707338333,1,0.06471777707338333
100,41,0,0.0,0.0,0.04574463400058448,2,0.0847301185131073
100,42,0,0.0,0.0,0.08471418917179108,1,0.08471418917179108
101,22,0,2.087746663571796,1.0,1.0,156,1.0
101,48,0,0.0,0.0,0.5311201214790344,1,0.5311201214790344
101,49,0,0.0,0.0,0.5303062200546265,1,0.5303062200546265
101,1,0,0.0,0.0,0.5293113589286804,1,0.5293113589286804
101,27,0,0.0,0.0,0.3825093135237694,2,0.5289968848228455
101,21,0,0.962180224248508,0.0,0.34670445873215794,125,0.5466527342796326
101,7,0,0.8910002089784977,0.0,0.35655350372072236,106,0.7377253770828247
101,13,0,0.946800165046137,0.40889182686805725,0.3540839981339844,134,0.7096469402313232
101,19,0,0.90922942133026,0.0,0.34669168367413167,131,0.5466375946998596
101,24,0,0.8833976575940202,0.49988701939582825,0.3374374033797772,109,0.5483644008636475
101,20,0,0.8375137857725486,0.4999006390571594,0.3639321638605533,117,0.5486897826194763
101,9,0,0.6642019854241287,0.49992913007736206,0.350343463547302,132,0.721806526184082
101,10,0,0.0,0.4998478889465332,0.3330513086563688,123,0.5487772226333618
101,23,0,0.0,0.40888962149620056,0.3629306460521659,49,0.6120709180831909
101,8,1,0.0,0.40889039635658264,0.33358166312738774,93,0.5285553932189941
101,6,0,0.0,0.0,0.3272104997187853,75,0.5486850738525391
101,5,0,0.0,0.4089341461658478,0.34280268562047983,86,0.5719727873802185
101,0,0,0.0,0.0,0.3463856258357947,52,0.5626494288444519
101,12,0,0.0,0.00019567606796044856,0.18281329174836478,12,0.3353216350078583
101,40,0,0.0,0.0,0.2073526491294615,16,0.35363054275512695
101,26,0,0.0,0.0,0.32784326936592134,57,0.5440101623535156
101,3,0,0.0,0.0,0.22631928883492947,9,0.5522598028182983
101,25,0,0.0,0.40888890624046326,0.323382280960043,123,0.5466135144233704
101,39,0,0.0,0.0016366631025448442,0.11053223613028725,6,0.22259292006492615
101,16,0,0.0,0.0,0.22807019066942089,17,0.4104084074497223
101,36,0,0.0,0.00013049486733507365,0.08882521209307015,5,0.34607717394828796
101,37,0,0.0,6.960100290598348e-05,0.07007024541962892,2,0.1382940411567688
101,43,0,0.0,0.0,0.18892700457945466,3,0.3321041762828827
101,2,0,0.0,0.4089256227016449,0.3363345413020364,54,0.5214826464653015
101,4,0,0.0,0.0,0.23464425355196,5,0.332098126411438
101,28,0,0.0,0.4089244306087494,0.3002731032096423,26,0.5201427936553955
101,17,0,0.0,0.0,0.16430597752332687,3,0.3250329792499542
101,11,0,0.0,0.0,0.18664873329301676,12,0.3665458858013153
101,14,0,0.0,0.0008550932980142534,0.26407086104154587,4,0.5244344472885132
101,15,1,0.0,0.00010355220729252324,0.18902366422116756,4,0.331576406955719
101,38,0,0.0,0.0,0.11052130162715912,1,0.11052130162715912
101,18,0,0.0,0.0,0.16043263270209232,6,0.5106946229934692
101,35,0,0.0,0.0,0.15693993866443634,2,0.23703964054584503
101,30,0,0.0,0.0,0.2488671839237213,1,0.2488671839237213
101,32,0,0.0,0.0,0.05987196043133736,3,0.0881086140871048
101,29,0,0.0,0.0,0.014150664501357824,2,0.02649318426847458
101,31,0,0.0,0.0,0.04804918554145843,2,0.09425964951515198
101,47,0,0.0,0.0,0.06471777707338333,1,0.06471777707338333
101,41,0,0.0,0.0,0.04574463400058448,2,0.0847301185131073
101,42,0,0.0,0.0,0.08471418917179108,1,0.08471418917179108
102,22,0,2.087746663571796,1.0,1.0,156,1.0
102,48,0,0.0,0.0,0.5311201214790344,1,0.5311201214790344
102,49,0,0.0,0.0,0.5303062200546265,1,0.5303062200546265
102,1,0,0.0,0.0,0.5293113589286804,1,0.5293113589286804
102,27,0,0.0,0.0,0.3825093135237694,2,0.5289968848228455
102,21,0,0.962180224248508,0.4090649485588074,0.34670445873215794,125,0.5466527342796326
102,7,0,0.8910002089784977,0.0,0.35655350372072236,106,0.7377253770828247
102,13,0,0.946800165046137,0.4090558886528015,0.3540839981339844,134,0.7096469402313232
102,19,0,0.90922942133026,0.40894654393196106,0.34669168367413167,131,0.5466375946998596
102,24,0,0.8833976575940202,0.40899375081062317,0.3374374033797772,109,0.5483644008636475
102,20,0,0.8375137857725486,0.4999863803386688,0.3639321638605533,117,0.5486897826194763
102,9,1,0.6642019854241287,0.4999696910381317,0.350343463547302,132,0.721806526184082
102,10,0,0.0,0.4999867081642151,0.3330513086563688,123,0.5487772226333618
102,23,0,0.0,0.0,0.3629306460521659,49,0.6120709180831909
102,8,0,0.0,0.0,0.33358166312738774,93,0.5285553932189941
102,6,0,0.0,0.40894755721092224,0.3272104997187853,75,0.5486850738525391
102,5,0,0.0,0.5000250935554504,0.34280268562047983,86,0.5719727873802185
102,0,0,0.0,0.0,0.3463856258357947,52,0.5626494288444519
102,12,0,0.0,0.0,0.18281329174836478,12,0.3353216350078583
102,40,0,0.0,0.0,0.2073526491294615,16,0.35363054275512695
102,26,0,0.0,0.0,0.32784326936592134,57,0.5440101623535156
102,3,0,0.0,4.0658446778252255e-06,0.22631928883492947,9,0.5522598028182983
102,25,0,0.0,0.40900370478630066,0.323382280960043,123,0.5466135144233704
102,39,0,0.0,0.0016649592434987426,0.11053223613028725,6,0.22259292006492615
102,16,0,0.0,0.0,0.22807019066942089,17,0.4104084074497223
102,36,0,0.0,0.0,0.08882521209307015,5,0.34607717394828796
102,37,0,0.0,0.00028044384089298546,0.07007024541962892,2,0.1382940411567688
102,43,0,0.0,0.0,0.18892700457945466,3,0.3321041762828827
102,2,0,0.0,0.5000507235527039,0.3363345413020364,54,0.5214826464653015
102,4,0,0.0,0.0,0.23464425355196,5,0.332098126411438
102,28,0,0.0,0.0,0.3002731032096423,26,0.5201427936553955
102,17,0,0.0,0.0,0.16430597752332687,3,0.3250329792499542
102,11,0,0.0,0.0,0.18664873329301676,12,0.3665458858013153
102,14,0,0.0,0.0008838773937895894,0.26407086104154587,4,0.5244344472885132
102,15,1,0.0,0.0,0.18902366422116756,4,0.331576406955719
102,38,0,0.0,0.0,0.11052130162715912,1,0.11052130162715912
102,18,0,0.0,0.0,0.16043263270209232,6,0.5106946229934692
102,35,0,0.0,0.0,0.15693993866443634,2,0.23703964054584503
102,30,0,0.0,0.0,0.2488671839237213,1,0.2488671839237213
102,32,0,0.0,0.00014643468603026122,0.05987196043133736,3,0.0881086140871048
102,29,0,0.0,0.0,0.014150664501357824,2,0.02649318426847458
102,31,0,0.0,0.0,0.04804918554145843,2,0.09425964951515198
102,47,0,0.0,0.0,0.06471777707338333,1,0.06471777707338333
102,41,0,0.0,0.0,0.04574463400058448,2,0.0847301185131073
102,42,0,0.0,0.0,0.08471418917179108,1,0.08471418917179108
103,22,0,2.087746663571796,1.0,1.0,156,1.0
103,48,0,0.0,0.0,0.5311201214790344,1,0.5311201214790344
103,49,0,0.0,0.0,0.5303062200546265,1,0.5303062200546265
103,1,0,0.0,0.0,0.5293113589286804,1,0.5293113589286804
103,27,0,0.0,0.0,0.3825093135237694,2,0.5289968848228455
103,21,0,0.962180224248508,0.4495946764945984,0.34670445873215794,125,0.5466527342796326
103,7,0,0.8910002089784977,0.34933438897132874,0.35655350372072236,106,0.7377253770828247
103,13,0,0.946800165046137,0.3493066132068634,0.3540839981339844,134,0.7096469402313232
103,19,0,0.90922942133026,0.34939324855804443,0.34669168367413167,131,0.5466375946998596
103,24,0,0.8833976575940202,0.0,0.3374374033797772,109,0.5483644008636475
103,20,0,0.8375137857725486,0.45004087686538696,0.3639321638605533,117,0.5486897826194763
103,9,0,0.6642019854241287,0.34938105940818787,0.350343463547302,132,0.721806526184082
103,10,0,0.0,0.3493792414665222,0.3330513086563688,123,0.5487772226333618
103,23,0,0.0,0.0,0.3629306460521659,49,0.6120709180831909
103,8,1,0.0,0.4499351680278778,0.33358166312738774,93,0.5285553932189941
103,6,0,0.0,0.34929606318473816,0.3272104997187853,75,0.5486850738525391
103,5,0,0.0,0.4494357109069824,0.34280268562047983,86,0.5719727873802185
103,0,0,0.0,0.0,0.3463856258357947,52,0.5626494288444519
103,12,0,0.0,0.0,0.18281329174836478,12,0.3353216350078583
103,40,0,0.0,0.0001743466273183003,0.2073526491294615,16,0.35363054275512695
103,26,0,0.0,0.0,0.32784326936592134,57,0.5440101623535156
103,3,0,0.0,0.018998410552740097,0.22631928883492947,9,0.5522598028182983
103,25,0,0.0,0.4496159255504608,0.323382280960043,123,0.5466135144233704
103,39,0,0.0,0.0007414432475343347,0.11053223613028725,6,0.22259292006492615
103,16,0,0.0,0.0,0.22807019066942089,17,0.4104084074497223
103,36,0,0.0,0.0,0.08882521209307015,5,0.34607717394828796
103,37,0,0.0,0.0,0.07007024541962892,2,0.1382940411567688
103,43,0,0.0,0.0,0.18892700457945466,3,0.3321041762828827
103,2,0,0.0,0.0,0.3363345413020364,54,0.5214826464653015
103,4,0,0.0,0.0,0.23464425355196,5,0.332098126411438
103,28,0,0.0,0.0,0.3002731032096423,26,0.5201427936553955
103,17,0,0.0,0.0,0.16430597752332687,3,0.3250329792499542
103,11,0,0.0,0.0,0.18664873329301676,12,0.3665458858013153
103,14,0,0.0,0.0,0.26407086104154587,4,0.5244344472885132
103,15,1,0.0,0.10227712988853455,0.18902366422116756,4,0.331576406955719
103,38,0,0.0,0.0,0.11052130162715912,1,0.11052130162715912
103,18,0,0.0,0.0,0.16043263270209232,6,0.5106946229934692
103,35,0,0.0,0.0,0.15693993866443634,2,0.23703964054584503
103,30,0,0.0,0.0,0.2488671839237213,1,0.2488671839237213
103,32,0,0.0,5.503169813891873e-05,0.05987196043133736,3,0.0881086140871048
103,29,0,0.0,0.0,0.014150664501357824,2,0.02649318426847458
103,31,0,0.0,0.0,0.04804918554145843,2,0.09425964951515198
103,47,0,0.0,0.0,0.06471777707338333,1,0.06471777707338333
103,41,0,0.0,0.0,0.04574463400058448,2,0.0847301185131073
103,42,0,0.0,0.0,0.08471418917179108,1,0.08471418917179108
104,22,0,2.087746663571796,1.0,1.0,156,1.0
104,48,0,0.0,0.0,0.5311201214790344,1,0.5311201214790344
104,49,0,0.0,0.0,0.5303062200546265,1,0.5303062200546265
104,1,0,0.0,0.0,0.5293113589286804,1,0.5293113589286804
104,27,0,0.0,0.0,0.3825093135237694,2,0.5289968848228455
104,21,0,0.962180224248508,0.4803140163421631,0.34670445873215794,125,0.5466527342796326
104,7,0,0.8910002089784977,0.3856862485408783,0.35655350372072236,106,0.7377253770828247
104,13,0,0.946800165046137,0.4803423583507538,0.3540839981339844,134,0.7096469402313232
104,19,0,0.90922942133026,0.3857729434967041,0.34669168367413167,131,0.5466375946998596
104,24,0,0.8833976575940202,0.38570356369018555,0.3374374033797772,109,0.5483644008636475
104,20,0,0.8375137857725486,0.4802737236022949,0.3639321638605533,117,0.5486897826194763
104,9,1,0.6642019854241287,0.4806769788265228,0.350343463547302,132,0.721806526184082
104,10,0,0.0,0.38575810194015503,0.3330513086563688,123,0.5487772226333618
104,23,0,0.0,0.0,0.3629306460521659,49,0.6120709180831909
104,8,0,0.0,0.48024457693099976,0.33358166312738774,93,0.5285553932189941
104,6,0,0.0,0.0,0.3272104997187853,75,0.5486850738525391
104,5,0,0.0,0.0,0.34280268562047983,86,0.5719727873802185
104,0,0,0.0,0.48024919629096985,0.3463856258357947,52,0.5626494288444519
104,12,0,0.0,0.0,0.18281329174836478,12,0.3353216350078583
104,40,0,0.0,0.0,0.2073526491294615,16,0.35363054275512695
104,26,0,0.0,0.0,0.32784326936592134,57,0.5440101623535156
104,3,0,0.0,0.09496757388114929,0.22631928883492947,9,0.5522598028182983
104,25,0,0.0,0.4806930422782898,0.323382280960043,123,0.5466135144233704
104,39,0,0.0,0.0,0.11053223613028725,6,0.22259292006492615
104,16,0,0.0,0.0,0.22807019066942089,17,0.4104084074497223
104,36,0,0.0,0.0,0.08882521209307015,5,0.34607717394828796
104,37,0,0.0,0.0,0.07007024541962892,2,0.1382940411567688
104,43,0,0.0,0.0,0.18892700457945466,3,0.3321041762828827
104,2,0,0.0,0.0,0.3363345413020364,54,0.5214826464653015
104,4,0,0.0,0.0,0.23464425355196,5,0.332098126411438
104,28,0,0.0,0.0,0.3002731032096423,26,0.5201427936553955
104,17,0,0.0,0.0,0.16430597752332687,3,0.3250329792499542
104,11,0,0.0,0.010517308488488197,0.18664873329301676,12,0.3665458858013153
104,14,0,0.0,0.05762331560254097,0.26407086104154587,4,0.5244344472885132
104,15,1,0.0,0.0,0.18902366422116756,4,0.331576406955719
104,38,0,0.0,0.0,0.11052130162715912,1,0.11052130162715912
104,18,0,0.0,0.0,0.16043263270209232,6,0.5106946229934692
104,35,0,0.0,0.0,0.15693993866443634,2,0.23703964054584503
104,30,0,0.0,0.0,0.2488671839237213,1,0.2488671839237213
104,32,0,0.0,0.0,0.05987196043133736,3,0.0881086140871048
104,29,0,0.0,0.0,0.014150664501357824,2,0.02649318426847458
104,31,0,0.0,0.0,0.04804918554145843,2,0.09425964951515198
104,47,0,0.0,0.0,0.06471777707338333,1,0.06471777707338333
104,41,0,0.0,0.0,0.04574463400058448,2,0.0847301185131073
104,42,0,0.0,0.0,0.08471418917179108,1,0.08471418917179108
105,22,0,2.087746663571796,1.0,1.0,156,1.0
105,48,0,0.0,0.0,0.5311201214790344,1,0.5311201214790344
105,49,0,0.0,0.0,0.5303062200546265,1,0.5303062200546265
105,1,0,0.0,0.0,0.5293113589286804,1,0.5293113589286804
105,27,0,0.0,0.0,0.3825093135237694,2,0.5289968848228455
105,21,0,0.962180224248508,0.32796913385391235,0.34670445873215794,125,0.5466527342796326
105,7,0,0.8910002089784977,0.3280677795410156,0.35655350372072236,106,0.7377253770828247
105,13,0,0.946800165046137,0.20564378798007965,0.3540839981339844,134,0.7096469402313232
105,19,0,0.90922942133026,0.32797902822494507,0.34669168367413167,131,0.5466375946998596
105,24,0,0.8833976575940202,0.20501868426799774,0.3374374033797772,109,0.5483644008636475
105,20,0,0.8375137857725486,0.0,0.3639321638605533,117,0.5486897826194763
105,9,0,0.6642019854241287,0.3283224105834961,0.350343463547302,132,0.721806526184082
105,10,0,0.0,0.3280493915081024,0.3330513086563688,123,0.5487772226333618
105,23,0,0.0,0.0,0.3629306460521659,49,0.6120709180831909
105,8,1,0.0,0.20504628121852875,0.33358166312738774,93,0.5285553932189941
105,6,0,0.0,0.2050548940896988,0.3272104997187853,75,0.5486850738525391
105,5,0,0.0,0.0,0.34280268562047983,86,0.5719727873802185
105,0,0,0.0,0.2050073742866516,0.3463856258357947,52,0.5626494288444519
105,12,0,0.0,0.0,0.18281329174836478,12,0.3353216350078583
105,40,0,0.0,0.04057089611887932,0.2073526491294615,16,0.35363054275512695
105,26,0,0.0,0.0,0.32784326936592134,57,0.5440101623535156
105,3,0,0.0,0.0,0.22631928883492947,9,0.5522598028182983
105,25,0,0.0,0.32847094535827637,0.323382280960043,123,0.5466135144233704
105,39,0,0.0,0.04097101092338562,0.11053223613028725,6,0.22259292006492615
105,16,0,0.0,0.0,0.22807019066942089,17,0.4104084074497223
105,36,0,0.0,0.0,0.08882521209307015,5,0.34607717394828796
105,37,0,0.0,0.0,0.07007024541962892,2,0.1382940411567688
105,43,0,0.0,1.5386187442345545e-05,0.18892700457945466,3,0.3321041762828827
105,2,0,0.0,0.0,0.3363345413020364,54,0.5214826464653015
105,4,0,0.0,0.0,0.23464425355196,5,0.332098126411438
105,28,0,0.0,0.04065139964222908,0.3002731032096423,26,0.5201427936553955
105,17,0,0.0,0.0,0.16430597752332687,3,0.3250329792499542
105,11,0,0.0,0.0,0.18664873329301676,12,0.3665458858013153
105,14,0,0.0,0.0,0.26407086104154587,4,0.5244344472885132
105,15,1,0.0,0.0,0.18902366422116756,4,0.331576406955719
105,38,0,0.0,0.0,0.11052130162715912,1,0.11052130162715912
105,18,0,0.0,0.0,0.16043263270209232,6,0.5106946229934692
105,35,0,0.0,0.0,0.15693993866443634,2,0.23703964054584503
105,30,0,0.0,0.0,0.2488671839237213,1,0.2488671839237213
105,32,0,0.0,0.0,0.05987196043133736,3,0.0881086140871048
105,29,0,0.0,0.0,0.014150664501357824,2,0.02649318426847458
105,31,0,0.0,0.0,0.04804918554145843,2,0.09425964951515198
105,47,0,0.0,0.0,0.06471777707338333,1,0.06471777707338333
105,41,0,0.0,0.0,0.04574463400058448,2,0.0847301185131073
105,42,0,0.0,0.0,0.08471418917179108,1,0.08471418917179108
106,22,0,2.087746663571796,1.0,1.0,156,1.0
106,48,0,0.0,0.0,0.5311201214790344,1,0.5311201214790344
106,49,0,0.0,0.0,0.5303062200546265,1,0.5303062200546265
106,1,0,0.0,0.0,0.5293113589286804,1,0.5293113589286804
106,27,0,0.0,0.018004421144723892,0.3825093135237694,2,0.5289968848228455
106,21,0,0.962180224248508,0.1578991562128067,0.34670445873215794,125,0.5466527342796326
106,7,0,0.8910002089784977,0.36574164032936096,0.35655350372072236,106,0.7377253770828247
106,13,0,0.946800165046137,0.36530226469039917,0.3540839981339844,134,0.7096469402313232
106,19,0,0.90922942133026,0.1573997586965561,0.34669168367413167,131,0.5466375946998596
106,24,0,0.8833976575940202,0.1570640653371811,0.3374374033797772,109,0.5483644008636475
106,20,0,0.8375137857725486,0.36568209528923035,0.3639321638605533,117,0.5486897826194763
106,9,0,0.6642019854241287,0.3791915476322174,0.350343463547302,132,0.721806526184082
106,10,0,0.0,0.15793894231319427,0.3330513086563688,123,0.5487772226333618
106,23,0,0.0,0.15728473663330078,0.3629306460521659,49,0.6120709180831909
106,8,0,0.0,0.1577969789505005,0.33358166312738774,93,0.5285553932189941
106,6,0,0.0,0.15732859075069427,0.3272104997187853,75,0.5486850738525391
106,5,0,0.0,0.0,0.34280268562047983,86,0.5719727873802185
106,0,0,0.0,0.0,0.3463856258357947,52,0.5626494288444519
106,12,0,0.0,0.15545226633548737,0.18281329174836478,12,0.3353216350078583
106,40,0,0.0,0.22447478771209717,0.2073526491294615,16,0.35363054275512695
106,26,0,0.0,0.0,0.32784326936592134,57,0.5440101623535156
106,3,0,0.0,0.0,0.22631928883492947,9,0.5522598028182983
106,25,0,0.0,0.15789726376533508,0.323382280960043,123,0.5466135144233704
106,39,0,0.0,0.0,0.11053223613028725,6,0.22259292006492615
106,16,1,0.0,0.35393425822257996,0.22807019066942089,17,0.4104084074497223
106,36,0,0.0,0.0,0.08882521209307015,5,0.34607717394828796
106,37,0,0.0,0.0,0.07007024541962892,2,0.1382940411567688
106,43,0,0.0,0.0,0.18892700457945466,3,0.3321041762828827
106,2,0,0.0,0.0,0.3363345413020364,54,0.5214826464653015
106,4,0,0.0,0.0,0.23464425355196,5,0.332098126411438
106,28,0,0.0,0.15751998126506805,0.3002731032096423,26,0.5201427936553955
106,17,0,0.0,0.0,0.16430597752332687,3,0.3250329792499542
106,11,0,0.0,0.0,0.18664873329301676,12,0.3665458858013153
106,14,0,0.0,0.0,0.26407086104154587,4,0.5244344472885132
106,15,0,0.0,0.0,0.18902366422116756,4,0.331576406955719
106,38,0,0.0,0.0,0.11052130162715912,1,0.11052130162715912
106,18,0,0.0,0.0,0.16043263270209232,6,0.5106946229934692
106,35,0,0.0,0.0,0.15693993866443634,2,0.23703964054584503
106,30,0,0.0,0.0,0.2488671839237213,1,0.2488671839237213
106,32,0,0.0,0.0,0.05987196043133736,3,0.0881086140871048
106,29,0,0.0,0.0,0.014150664501357824,2,0.02649318426847458
106,31,0,0.0,0.0,0.04804918554145843,2,0.09425964951515198
106,47,0,0.0,0.0,0.06471777707338333,1,0.06471777707338333
106,41,0,0.0,0.0,0.04574463400058448,2,0.0847301185131073
106,42,0,0.0,0.0,0.08471418917179108,1,0.08471418917179108
107,22,0,2.087746663571796,1.0,1.0,156,1.0
107,48,1,0.0,0.0,0.5311201214790344,1,0.5311201214790344
107,49,0,0.0,0.0,0.5303062200546265,1,0.5303062200546265
107,1,0,0.0,0.16873686015605927,0.5293113589286804,1,0.5293113589286804
107,27,0,0.0,0.0,0.3825093135237694,2,0.5289968848228455
107,21,0,0.962180224248508,0.24725012481212616,0.34670445873215794,125,0.5466527342796326
107,7,0,0.8910002089784977,0.4330635070800781,0.35655350372072236,106,0.7377253770828247
107,13,0,0.946800165046137,0.43323609232902527,0.3540839981339844,134,0.7096469402313232
107,19,0,0.90922942133026,0.2467213124036789,0.34669168367413167,131,0.5466375946998596
107,24,0,0.8833976575940202,0.43295249342918396,0.3374374033797772,109,0.5483644008636475
107,20,0,0.8375137857725486,0.24726304411888123,0.3639321638605533,117,0.5486897826194763
107,9,0,0.6642019854241287,0.4330084025859833,0.350343463547302,132,0.721806526184082
107,10,0,0.0,0.24766670167446136,0.3330513086563688,123,0.5487772226333618
107,23,0,0.0,0.24724893271923065,0.3629306460521659,49,0.6120709180831909
107,8,0,0.0,0.24722503125667572,0.33358166312738774,93,0.5285553932189941
107,6,0,0.0,0.0,0.3272104997187853,75,0.5486850738525391
107,5,0,0.0,0.2472410500049591,0.34280268562047983,86,0.5719727873802185
107,0,0,0.0,0.2465641349554062,0.3463856258357947,52,0.5626494288444519
107,12,0,0.0,0.0,0.18281329174836478,12,0.3353216350078583
107,40,0,0.0,0.033934611827135086,0.2073526491294615,16,0.35363054275512695
107,26,0,0.0,0.0,0.32784326936592134,57,0.5440101623535156
107,3,0,0.0,0.0503239668905735,0.22631928883492947,9,0.5522598028182983
107,25,0,0.0,0.0,0.323382280960043,123,0.5466135144233704
107,39,0,0.0,0.0,0.11053223613028725,6,0.22259292006492615
107,16,0,0.0,0.0,0.22807019066942089,17,0.4104084074497223
107,36,0,0.0,0.0,0.08882521209307015,5,0.34607717394828796
107,37,0,0.0,0.0,0.07007024541962892,2,0.1382940411567688
107,43,0,0.0,0.0,0.18892700457945466,3,0.3321041762828827
107,2,0,0.0,0.2473064512014389,0.3363345413020364,54,0.5214826464653015
107,4,0,0.0,0.0,0.23464425355196,5,0.332098126411438
107,28,0,0.0,0.0,0.3002731032096423,26,0.5201427936553955
107,17,1,0.0,0.0,0.16430597752332687,3,0.3250329792499542
107,11,0,0.0,0.0,0.18664873329301676,12,0.3665458858013153
107,14,0,0.0,0.0,0.26407086104154587,4,0.5244344472885132
107,15,0,0.0,0.0,0.18902366422116756,4,0.331576406955719
107,38,0,0.0,0.0,0.11052130162715912,1,0.11052130162715912
107,18,0,0.0,0.02615289017558098,0.16043263270209232,6,0.5106946229934692
107,35,0,0.0,0.0,0.15693993866443634,2,0.23703964054584503
107,30,0,0.0,0.0,0.2488671839237213,1,0.2488671839237213
107,32,0,0.0,0.0,0.05987196043133736,3,0.0881086140871048
107,29,0,0.0,0.0,0.014150664501357824,2,0.02649318426847458
107,31,0,0.0,0.0,0.04804918554145843,2,0.09425964951515198
107,47,0,0.0,0.0,0.06471777707338333,1,0.06471777707338333
107,41,0,0.0,0.0,0.04574463400058448,2,0.0847301185131073
107,42,0,0.0,0.0,0.08471418917179108,1,0.08471418917179108
108,22,0,2.087746663571796,1.0,1.0,156,1.0
108,48,1,0.0,0.0,0.5311201214790344,1,0.5311201214790344
108,49,0,0.0,0.0,0.5303062200546265,1,0.5303062200546265
108,1,0,0.0,0.0,0.5293113589286804,1,0.5293113589286804
108,27,0,0.0,0.0,0.3825093135237694,2,0.5289968848228455
108,21,0,0.962180224248508,0.1733536422252655,0.34670445873215794,125,0.5466527342796326
108,7,0,0.8910002089784977,0.0,0.35655350372072236,106,0.7377253770828247
108,13,0,0.946800165046137,0.17336249351501465,0.3540839981339844,134,0.7096469402313232
108,19,0,0.90922942133026,0.3772135376930237,0.34669168367413167,131,0.5466375946998596
108,24,0,0.8833976575940202,0.3771253526210785,0.3374374033797772,109,0.5483644008636475
108,20,0,0.8375137857725486,0.5471048355102539,0.3639321638605533,117,0.5486897826194763
108,9,0,0.6642019854241287,0.1733846366405487,0.350343463547302,132,0.721806526184082
108,10,0,0.0,0.0,0.3330513086563688,123,0.5487772226333618
108,23,0,0.0,0.17321991920471191,0.3629306460521659,49,0.6120709180831909
108,8,0,0.0,0.17329701781272888,0.33358166312738774,93,0.5285553932189941
108,6,0,0.0,0.0,0.3272104997187853,75,0.5486850738525391
108,5,0,0.0,0.17330941557884216,0.34280268562047983,86,0.5719727873802185
108,0,0,0.0,0.1731596142053604,0.3463856258357947,52,0.5626494288444519
108,12,0,0.0,0.3353216350078583,0.18281329174836478,12,0.3353216350078583
108,40,0,0.0,0.027744485065340996,0.2073526491294615,16,0.35363054275512695
108,26,0,0.0,0.17333577573299408,0.32784326936592134,57,0.5440101623535156
108,3,0,0.0,0.3401561677455902,0.22631928883492947,9,0.5522598028182983
108,25,0,0.0,0.17326059937477112,0.323382280960043,123,0.5466135144233704
108,39,0,0.0,0.0,0.11053223613028725,6,0.22259292006492615
108,16,0,0.0,0.10817708820104599,0.22807019066942089,17,0.4104084074497223
108,36,0,0.0,0.0,0.08882521209307015,5,0.34607717394828796
108,37,0,0.0,0.0,0.07007024541962892,2,0.1382940411567688
108,43,0,0.0,0.0,0.18892700457945466,3,0.3321041762828827
108,2,0,0.0,0.0,0.3363345413020364,54,0.5214826464653015
108,4,0,0.0,0.0,0.23464425355196,5,0.332098126411438
108,28,0,0.0,0.0,0.3002731032096423,26,0.5201427936553955
108,17,1,0.0,0.0,0.16430597752332687,3,0.3250329792499542
108,11,0,0.0,0.1450420767068863,0.18664873329301676,12,0.3665458858013153
108,14,0,0.0,0.0,0.26407086104154587,4,0.5244344472885132
108,15,0,0.0,0.0,0.18902366422116756,4,0.331576406955719
108,38,0,0.0,0.0,0.11052130162715912,1,0.11052130162715912
108,18,0,0.0,0.1468125432729721,0.16043263270209232,6,0.5106946229934692
108,35,0,0.0,0.0,0.15693993866443634,2,0.23703964054584503
108,30,0,0.0,0.0,0.2488671839237213,1,0.2488671839237213
108,32,0,0.0,0.0,0.05987196043133736,3,0.0881086140871048
108,29,0,0.0,0.0,0.014150664501357824,2,0.02649318426847458
108,31,0,0.0,0.0,0.04804918554145843,2,0.09425964951515198
108,47,0,0.0,0.0,0.06471777707338333,1,0.06471777707338333
108,41,0,0.0,0.0,0.04574463400058448,2,0.0847301185131073
108,42,0,0.0,0.0,0.08471418917179108,1,0.08471418917179108
109,22,0,2.087746663571796,1.0,1.0,156,1.0
109,48,1,0.0,0.0,0.5311201214790344,1,0.5311201214790344
109,49,0,0.0,0.0,0.5303062200546265,1,0.5303062200546265
109,1,0,0.0,0.0,0.5293113589286804,1,0.5293113589286804
109,27,0,0.0,0.0,0.3825093135237694,2,0.5289968848228455
109,21,0,0.962180224248508,0.14064988493919373,0.34670445873215794,125,0.5466527342796326
109,7,0,0.8910002089784977,0.14072029292583466,0.35655350372072236,106,0.7377253770828247
109,13,0,0.946800165046137,0.1404847651720047,0.3540839981339844,134,0.7096469402313232
109,19,0,0.90922942133026,0.14056040346622467,0.34669168367413167,131,0.5466375946998596
109,24,0,0.8833976575940202,0.3525511622428894,0.3374374033797772,109,0.5483644008636475
109,20,0,0.8375137857725486,0.5278951525688171,0.3639321638605533,117,0.5486897826194763
109,9,0,0.6642019854241287,0.14049497246742249,0.350343463547302,132,0.721806526184082
109,10,0,0.0,0.1405881643295288,0.3330513086563688,123,0.5487772226333618
109,23,0,0.0,0.0,0.3629306460521659,49,0.6120709180831909
109,8,0,0.0,0.35241860151290894,0.33358166312738774,93,0.5285553932189941
109,6,0,0.0,0.0,0.3272104997187853,75,0.5486850738525391
109,5,0,0.0,0.0,0.34280268562047983,86,0.5719727873802185
109,0,0,0.0,0.14030005037784576,0.3463856258357947,52,0.5626494288444519
109,12,0,0.0,0.22450025379657745,0.18281329174836478,12,0.3353216350078583
109,40,0,0.0,0.15376035869121552,0.2073526491294615,16,0.35363054275512695
109,26,0,0.0,0.0,0.32784326936592134,57,0.5440101623535156
109,3,0,0.0,0.317295640707016,0.22631928883492947,9,0.5522598028182983
109,25,0,0.0,0.1406717151403427,0.323382280960043,123,0.5466135144233704
109,39,0,0.0,0.0,0.11053223613028725,6,0.22259292006492615
109,16,0,0.0,0.015699196606874466,0.22807019066942089,17,0.4104084074497223
109,36,0,0.0,0.0,0.08882521209307015,5,0.34607717394828796
109,37,0,0.0,0.0,0.07007024541962892,2,0.1382940411567688
109,43,0,0.0,0.0,0.18892700457945466,3,0.3321041762828827
109,2,0,0.0,0.1404418647289276,0.3363345413020364,54,0.5214826464653015
109,4,0,0.0,0.0,0.23464425355196,5,0.332098126411438
109,28,0,0.0,0.0,0.3002731032096423,26,0.5201427936553955
109,17,1,0.0,0.0,0.16430597752332687,3,0.3250329792499542
109,11,0,0.0,0.0,0.18664873329301676,12,0.3665458858013153
109,14,0,0.0,0.06120983511209488,0.26407086104154587,4,0.5244344472885132
109,15,0,0.0,0.0,0.18902366422116756,4,0.331576406955719
109,38,0,0.0,0.0,0.11052130162715912,1,0.11052130162715912
109,18,0,0.0,0.0551670640707016,0.16043263270209232,6,0.5106946229934692
109,35,0,0.0,0.0,0.15693993866443634,2,0.23703964054584503
109,30,0,0.0,0.0,0.2488671839237213,1,0.2488671839237213
109,32,0,0.0,0.0,0.05987196043133736,3,0.0881086140871048
109,29,0,0.0,0.0,0.014150664501357824,2,0.02649318426847458
109,31,0,0.0,0.0,0.04804918554145843,2,0.09425964951515198
109,47,0,0.0,0.0,0.06471777707338333,1,0.06471777707338333
109,41,0,0.0,0.0,0.04574463400058448,2,0.0847301185131073
109,42,0,0.0,0.0,0.08471418917179108,1,0.08471418917179108
110,22,0,2.087746663571796,1.0,1.0,156,1.0
110,48,1,0.0,0.0,0.5311201214790344,1,0.5311201214790344
110,49,0,0.0,0.0,0.5303062200546265,1,0.5303062200546265
110,1,0,0.0,0.0,0.5293113589286804,1,0.5293113589286804
110,27,0,0.0,0.0,0.3825093135237694,2,0.5289968848228455
110,21,0,0.962180224248508,0.4076964855194092,0.34670445873215794,125,0.5466527342796326
110,7,0,0.8910002089784977,0.40757572650909424,0.35655350372072236,106,0.7377253770828247
110,13,0,0.946800165046137,0.4075678288936615,0.3540839981339844,134,0.7096469402313232
110,19,1,0.90922942133026,0.40761998295783997,0.34669168367413167,131,0.5466375946998596
110,24,0,0.8833976575940202,0.4075775742530823,0.3374374033797772,109,0.5483644008636475
110,20,0,0.8375137857725486,0.40778520703315735,0.3639321638605533,117,0.5486897826194763
110,9,0,0.6642019854241287,0.40766000747680664,0.350343463547302,132,0.721806526184082
110,10,0,0.0,0.4076935350894928,0.3330513086563688,123,0.5487772226333618
110,23,0,0.0,0.4075521230697632,0.3629306460521659,49,0.6120709180831909
110,8,0,0.0,0.4075903296470642,0.33358166312738774,93,0.5285553932189941
110,6,0,0.0,0.0,0.3272104997187853,75,0.5486850738525391
110,5,0,0.0,0.40756791830062866,0.34280268562047983,86,0.5719727873802185
110,0,0,0.0,0.0,0.3463856258357947,52,0.5626494288444519
110,12,0,0.0,0.00031087506795302033,0.18281329174836478,12,0.3353216350078583
110,40,0,0.0,0.00011519022518768907,0.2073526491294615,16,0.35363054275512695
110,26,0,0.0,0.0,0.32784326936592134,57,0.5440101623535156
110,3,0,0.0,0.0,0.22631928883492947,9,0.5522598028182983
110,25,0,0.0,0.0001602328266017139,0.323382280960043,123,0.5466135144233704
110,39,0,0.0,0.0,0.11053223613028725,6,0.22259292006492615
110,16,0,0.0,0.0,0.22807019066942089,17,0.4104084074497223
110,36,0,0.0,0.0,0.08882521209307015,5,0.34607717394828796
110,37,0,0.0,0.0,0.07007024541962892,2,0.1382940411567688
110,43,0,0.0,0.0,0.18892700457945466,3,0.3321041762828827
110,2,0,0.0,0.0,0.3363345413020364,54,0.5214826464653015
110,4,0,0.0,0.0,0.23464425355196,5,0.332098126411438
110,28,0,0.0,0.00010198172822128981,0.3002731032096423,26,0.5201427936553955
110,17,0,0.0,0.0,0.16430597752332687,3,0.3250329792499542
110,11,0,0.0,0.0,0.18664873329301676,12,0.3665458858013153
110,14,0,0.0,0.0,0.26407086104154587,4,0.5244344472885132
110,15,0,0.0,0.0,0.18902366422116756,4,0.331576406955719
110,38,0,0.0,0.0,0.11052130162715912,1,0.11052130162715912
110,18,0,0.0,0.0,0.16043263270209232,6,0.5106946229934692
110,35,0,0.0,9.113775377045386e-06,0.15693993866443634,2,0.23703964054584503
110,30,0,0.0,4.136546067456948e-06,0.2488671839237213,1,0.2488671839237213
110,32,0,0.0,0.00010624310380080715,0.05987196043133736,3,0.0881086140871048
110,29,0,0.0,0.0,0.014150664501357824,2,0.02649318426847458
110,31,0,0.0,1.7140393538284115e-05,0.04804918554145843,2,0.09425964951515198
110,47,0,0.0,0.0,0.06471777707338333,1,0.06471777707338333
110,41,0,0.0,1.412560959579423e-05,0.04574463400058448,2,0.0847301185131073
110,42,0,0.0,0.0,0.08471418917179108,1,0.08471418917179108
111,22,0,2.087746663571796,1.0,1.0,156,1.0
111,48,0,0.0,0.5311201214790344,0.5311201214790344,1,0.5311201214790344
111,49,0,0.0,0.5303062200546265,0.5303062200546265,1,0.5303062200546265
111,1,0,0.0,0.5293113589286804,0.5293113589286804,1,0.5293113589286804
111,27,0,0.0,0.5289968848228455,0.3825093135237694,2,0.5289968848228455
111,21,0,0.962180224248508,0.283021479845047,0.34670445873215794,125,0.5466527342796326
111,7,0,0.8910002089784977,7.096993795130402e-05,0.35655350372072236,106,0.7377253770828247
111,13,0,0.946800165046137,0.4741724729537964,0.3540839981339844,134,0.7096469402313232
111,19,0,0.90922942133026,0.2829562723636627,0.34669168367413167,131,0.5466375946998596
111,24,0,0.8833976575940202,0.283064067363739,0.3374374033797772,109,0.5483644008636475
111,20,1,0.8375137857725486,0.5308727025985718,0.3639321638605533,117,0.5486897826194763
111,9,0,0.6642019854241287,0.721806526184082,0.350343463547302,132,0.721806526184082
111,10,0,0.0,0.0,0.3330513086563688,123,0.5487772226333618
111,23,0,0.0,0.28310665488243103,0.3629306460521659,49,0.6120709180831909
111,8,0,0.0,0.28303688764572144,0.33358166312738774,93,0.5285553932189941
111,6,0,0.0,0.0,0.3272104997187853,75,0.5486850738525391
111,5,0,0.0,0.28305262327194214,0.34280268562047983,86,0.5719727873802185
111,0,0,0.0,0.474318265914917,0.3463856258357947,52,0.5626494288444519
111,12,0,0.0,0.0,0.18281329174836478,12,0.3353216350078583
111,40,0,0.0,0.0,0.2073526491294615,16,0.35363054275512695
111,26,0,0.0,0.2830711901187897,0.32784326936592134,57,0.5440101623535156
111,3,0,0.0,0.0,0.22631928883492947,9,0.5522598028182983
111,25,0,0.0,0.0,0.323382280960043,123,0.5466135144233704
111,39,0,0.0,0.0,0.11053223613028725,6,0.22259292006492615
111,16,0,0.0,0.0,0.22807019066942089,17,0.4104084074497223
111,36,0,0.0,0.0,0.08882521209307015,5,0.34607717394828796
111,37,0,0.0,0.0,0.07007024541962892,2,0.1382940411567688
111,43,0,0.0,0.0,0.18892700457945466,3,0.3321041762828827
111,2,0,0.0,0.0,0.3363345413020364,54,0.5214826464653015
111,4,0,0.0,0.0,0.23464425355196,5,0.332098126411438
111,28,0,0.0,0.0,0.3002731032096423,26,0.5201427936553955
111,17,0,0.0,0.0,0.16430597752332687,3,0.3250329792499542
111,11,0,0.0,0.0,0.18664873329301676,12,0.3665458858013153
111,14,0,0.0,0.0,0.26407086104154587,4,0.5244344472885132
111,15,0,0.0,0.0,0.18902366422116756,4,0.331576406955719
111,38,0,0.0,0.0,0.11052130162715912,1,0.11052130162715912
111,18,0,0.0,3.831120557151735e-05,0.16043263270209232,6,0.5106946229934692
111,35,0,0.0,0.0,0.15693993866443634,2,0.23703964054584503
111,30,0,0.0,0.0,0.2488671839237213,1,0.2488671839237213
111,32,0,0.0,0.0,0.05987196043133736,3,0.0881086140871048
111,29,0,0.0,0.0,0.014150664501357824,2,0.02649318426847458
111,31,0,0.0,0.2829066514968872,0.04804918554145843,2,0.09425964951515198
111,47,0,0.0,0.0,0.06471777707338333,1,0.06471777707338333
111,41,0,0.0,0.0,0.04574463400058448,2,0.0847301185131073
111,42,0,0.0,0.0,0.08471418917179108,1,0.08471418917179108
112,22,0,2.087746663571796,1.0,1.0,156,1.0
112,48,0,0.0,0.05410731956362724,0.5311201214790344,1,0.5311201214790344
112,49,0,0.0,0.0,0.5303062200546265,1,0.5303062200546265
112,1,0,0.0,0.0,0.5293113589286804,1,0.5293113589286804
112,27,0,0.0,0.0,0.3825093135237694,2,0.5289968848228455
112,21,0,0.962180224248508,0.3620295226573944,0.34670445873215794,125,0.5466527342796326
112,7,0,0.8910002089784977,0.0,0.35655350372072236,106,0.7377253770828247
112,13,0,0.946800165046137,0.3620035648345947,0.3540839981339844,134,0.7096469402313232
112,19,1,0.90922942133026,0.15291453897953033,0.34669168367413167,131,0.5466375946998596
112,24,0,0.8833976575940202,0.15297086536884308,0.3374374033797772,109,0.5483644008636475
112,20,1,0.8375137857725486,0.0,0.3639321638605533,117,0.5486897826194763
112,9,0,0.6642019854241287,0.3619806170463562,0.350343463547302,132,0.721806526184082
112,10,0,0.0,0.36249595880508423,0.3330513086563688,123,0.5487772226333618
112,23,0,0.0,0.15291844308376312,0.3629306460521659,49,0.6120709180831909
112,8,0,0.0,0.15296383202075958,0.33358166312738774,93,0.5285553932189941
112,6,0,0.0,0.0,0.3272104997187853,75,0.5486850738525391
112,5,0,0.0,0.0,0.34280268562047983,86,0.5719727873802185
112,0,0,0.0,0.0,0.3463856258357947,52,0.5626494288444519
112,12,0,0.0,0.0,0.18281329174836478,12,0.3353216350078583
112,40,0,0.0,0.0,0.2073526491294615,16,0.35363054275512695
112,26,0,0.0,0.1530488282442093,0.32784326936592134,57,0.5440101623535156
112,3,0,0.0,0.0,0.22631928883492947,9,0.5522598028182983
112,25,0,0.0,0.15300215780735016,0.323382280960043,123,0.5466135144233704
112,39,0,0.0,0.0,0.11053223613028725,6,0.22259292006492615
112,16,0,0.0,0.0,0.22807019066942089,17,0.4104084074497223
112,36,0,0.0,0.0,0.08882521209307015,5,0.34607717394828796
112,37,0,0.0,0.0,0.07007024541962892,2,0.1382940411567688
112,43,0,0.0,0.0,0.18892700457945466,3,0.3321041762828827
112,2,0,0.0,0.3618454039096832,0.3363345413020364,54,0.5214826464653015
112,4,0,0.0,0.0,0.23464425355196,5,0.332098126411438
112,28,0,0.0,0.0,0.3002731032096423,26,0.5201427936553955
112,17,0,0.0,0.0009453222155570984,0.16430597752332687,3,0.3250329792499542
112,11,0,0.0,0.0,0.18664873329301676,12,0.3665458858013153
112,14,0,0.0,0.0,0.26407086104154587,4,0.5244344472885132
112,15,0,0.0,0.1673903912305832,0.18902366422116756,4,0.331576406955719
112,38,0,0.0,0.0,0.11052130162715912,1,0.11052130162715912
112,18,0,0.0,0.00021682876104023308,0.16043263270209232,6,0.5106946229934692
112,35,0,0.0,0.0,0.15693993866443634,2,0.23703964054584503
112,30,0,0.0,0.0,0.2488671839237213,1,0.2488671839237213
112,32,0,0.0,0.0,0.05987196043133736,3,0.0881086140871048
112,29,0,0.0,0.0,0.014150664501357824,2,0.02649318426847458
112,31,0,0.0,0.0,0.04804918554145843,2,0.09425964951515198
112,47,0,0.0,0.0,0.06471777707338333,1,0.06471777707338333
112,41,0,0.0,0.0,0.04574463400058448,2,0.0847301185131073
112,42,0,0.0,0.0,0.08471418917179108,1,0.08471418917179108
113,22,0,2.087746663571796,1.0,1.0,156,1.0
113,48,0,0.0,0.0,0.5311201214790344,1,0.5311201214790344
113,49,0,0.0,0.0,0.5303062200546265,1,0.5303062200546265
113,1,0,0.0,0.0,0.5293113589286804,1,0.5293113589286804
113,27,0,0.0,0.0,0.3825093135237694,2,0.5289968848228455
113,21,0,0.962180224248508,0.0,0.34670445873215794,125,0.5466527342796326
113,7,0,0.8910002089784977,0.23837700486183167,0.35655350372072236,106,0.7377253770828247
113,13,0,0.946800165046137,0.3559264540672302,0.3540839981339844,134,0.7096469402313232
113,19,0,0.90922942133026,0.0,0.34669168367413167,131,0.5466375946998596
113,24,0,0.8833976575940202,0.35608136653900146,0.3374374033797772,109,0.5483644008636475
113,20,1,0.8375137857725486,0.3558957576751709,0.3639321638605533,117,0.5486897826194763
113,9,0,0.6642019854241287,0.0,0.350343463547302,132,0.721806526184082
113,10,0,0.0,0.3557513952255249,0.3330513086563688,123,0.5487772226333618
113,23,0,0.0,0.0,0.3629306460521659,49,0.6120709180831909
113,8,0,0.0,0.0,0.33358166312738774,93,0.5285553932189941
113,6,0,0.0,0.3561461269855499,0.3272104997187853,75,0.5486850738525391
113,5,0,0.0,0.2384025603532791,0.34280268562047983,86,0.5719727873802185
113,0,0,0.0,0.0,0.3463856258357947,52,0.5626494288444519
113,12,1,0.0,0.0,0.18281329174836478,12,0.3353216350078583
113,40,0,0.0,0.0,0.2073526491294615,16,0.35363054275512695
113,26,0,0.0,0.3561231791973114,0.32784326936592134,57,0.5440101623535156
113,3,0,0.0,0.0,0.22631928883492947,9,0.5522598028182983
113,25,0,0.0,0.2383863478899002,0.323382280960043,123,0.5466135144233704
113,39,0,0.0,0.03253966569900513,0.11053223613028725,6,0.22259292006492615
113,16,0,0.0,0.0,0.22807019066942089,17,0.4104084074497223
113,36,0,0.0,0.0,0.08882521209307015,5,0.34607717394828796
113,37,0,0.0,0.0,0.07007024541962892,2,0.1382940411567688
113,43,0,0.0,0.0,0.18892700457945466,3,0.3321041762828827
113,2,0,0.0,0.2384316474199295,0.3363345413020364,54,0.5214826464653015
113,4,0,0.0,0.04955443739891052,0.23464425355196,5,0.332098126411438
113,28,0,0.0,0.35566338896751404,0.3002731032096423,26,0.5201427936553955
113,17,0,0.0,0.0,0.16430597752332687,3,0.3250329792499542
113,11,0,0.0,0.0,0.18664873329301676,12,0.3665458858013153
113,14,0,0.0,0.0,0.26407086104154587,4,0.5244344472885132
113,15,0,0.0,0.0,0.18902366422116756,4,0.331576406955719
113,38,0,0.0,0.0,0.11052130162715912,1,0.11052130162715912
113,18,0,0.0,0.003915048204362392,0.16043263270209232,6,0.5106946229934692
113,35,0,0.0,0.0,0.15693993866443634,2,0.23703964054584503
113,30,0,0.0,0.0,0.2488671839237213,1,0.2488671839237213
113,32,0,0.0,0.0,0.05987196043133736,3,0.0881086140871048
113,29,0,0.0,0.0,0.014150664501357824,2,0.02649318426847458
113,31,0,0.0,0.0,0.04804918554145843,2,0.09425964951515198
113,47,0,0.0,0.0,0.06471777707338333,1,0.06471777707338333
113,41,0,0.0,0.0,0.04574463400058448,2,0.0847301185131073
113,42,0,0.0,0.0,0.08471418917179108,1,0.08471418917179108
114,22,0,2.087746663571796,1.0,1.0,156,1.0
114,48,0,0.0,0.0,0.5311201214790344,1,0.5311201214790344
114,49,0,0.0,0.0,0.5303062200546265,1,0.5303062200546265
114,1,0,0.0,0.0,0.5293113589286804,1,0.5293113589286804
114,27,0,0.0,0.0,0.3825093135237694,2,0.5289968848228455
114,21,0,0.962180224248508,0.25374263525009155,0.34670445873215794,125,0.5466527342796326
114,7,0,0.8910002089784977,0.25366151332855225,0.35655350372072236,106,0.7377253770828247
114,13,0,0.946800165046137,0.36860358715057373,0.3540839981339844,134,0.7096469402313232
114,19,0,0.90922942133026,0.0,0.34669168367413167,131,0.5466375946998596
114,24,0,0.8833976575940202,0.368533194065094,0.3374374033797772,109,0.5483644008636475
114,20,1,0.8375137857725486,0.2542571723461151,0.3639321638605533,117,0.5486897826194763
114,9,0,0.6642019854241287,0.2536964416503906,0.350343463547302,132,0.721806526184082
114,10,0,0.0,0.36867979168891907,0.3330513086563688,123,0.5487772226333618
114,23,0,0.0,0.0,0.3629306460521659,49,0.6120709180831909
114,8,0,0.0,0.0,0.33358166312738774,93,0.5285553932189941
114,6,0,0.0,0.3685280680656433,0.3272104997187853,75,0.5486850738525391
114,5,0,0.0,0.0,0.34280268562047983,86,0.5719727873802185
114,0,0,0.0,0.0,0.3463856258357947,52,0.5626494288444519
114,12,1,0.0,0.008767777122557163,0.18281329174836478,12,0.3353216350078583
114,40,0,0.0,0.0,0.2073526491294615,16,0.35363054275512695
114,26,0,0.0,0.3686439096927643,0.32784326936592134,57,0.5440101623535156
114,3,0,0.0,0.0,0.22631928883492947,9,0.5522598028182983
114,25,0,0.0,0.2536419928073883,0.323382280960043,123,0.5466135144233704
114,39,0,0.0,0.0,0.11053223613028725,6,0.22259292006492615
114,16,0,0.0,0.0,0.22807019066942089,17,0.4104084074497223
114,36,0,0.0,0.0,0.08882521209307015,5,0.34607717394828796
114,37,0,0.0,0.0,0.07007024541962892,2,0.1382940411567688
114,43,0,0.0,0.0,0.18892700457945466,3,0.3321041762828827
114,2,0,0.0,0.3686825931072235,0.3363345413020364,54,0.5214826464653015
114,4,0,0.0,0.10854268074035645,0.23464425355196,5,0.332098126411438
114,28,0,0.0,0.0,0.3002731032096423,26,0.5201427936553955
114,17,0,0.0,0.0,0.16430597752332687,3,0.3250329792499542
114,11,0,0.0,0.0,0.18664873329301676,12,0.3665458858013153
114,14,0,0.0,0.0,0.26407086104154587,4,0.5244344472885132
114,15,0,0.0,0.0037869783118367195,0.18902366422116756,4,0.331576406955719
114,38,0,0.0,0.0,0.11052130162715912,1,0.11052130162715912
114,18,0,0.0,0.004299033898860216,0.16043263270209232,6,0.5106946229934692
114,35,0,0.0,0.0,0.15693993866443634,2,0.23703964054584503
114,30,0,0.0,0.0,0.2488671839237213,1,0.2488671839237213
114,32,0,0.0,0.0,0.05987196043133736,3,0.0881086140871048
114,29,0,0.0,0.0,0.014150664501357824,2,0.02649318426847458
114,31,0,0.0,0.0,0.04804918554145843,2,0.09425964951515198
114,47,0,0.0,0.0,0.06471777707338333,1,0.06471777707338333
114,41,0,0.0,0.0,0.04574463400058448,2,0.0847301185131073
114,42,0,0.0,0.0,0.08471418917179108,1,0.08471418917179108
115,22,0,2.087746663571796,1.0,1.0,156,1.0
115,48,0,0.0,0.0,0.5311201214790344,1,0.5311201214790344
115,49,0,0.0,0.0,0.5303062200546265,1,0.5303062200546265
115,1,0,0.0,0.0,0.5293113589286804,1,0.5293113589286804
115,27,0,0.0,0.0,0.3825093135237694,2,0.5289968848228455
115,21,0,0.962180224248508,0.04936998710036278,0.34670445873215794,125,0.5466527342796326
115,7,0,0.8910002089784977,0.0,0.35655350372072236,106,0.7377253770828247
115,13,0,0.946800165046137,0.049190703779459,0.3540839981339844,134,0.7096469402313232
115,19,1,0.90922942133026,0.2990972697734833,0.34669168367413167,131,0.5466375946998596
115,24,0,0.8833976575940202,0.2844291031360626,0.3374374033797772,109,0.5483644008636475
115,20,1,0.8375137857725486,0.3168872594833374,0.3639321638605533,117,0.5486897826194763
115,9,0,0.6642019854241287,0.28428640961647034,0.350343463547302,132,0.721806526184082
115,10,0,0.0,0.04933096095919609,0.3330513086563688,123,0.5487772226333618
115,23,0,0.0,0.0,0.3629306460521659,49,0.6120709180831909
115,8,0,0.0,0.0,0.33358166312738774,93,0.5285553932189941
115,6,0,0.0,0.049364008009433746,0.3272104997187853,75,0.5486850738525391
115,5,0,0.0,0.0,0.34280268562047983,86,0.5719727873802185
115,0,0,0.0,0.0,0.3463856258357947,52,0.5626494288444519
115,12,0,0.0,0.10801617056131363,0.18281329174836478,12,0.3353216350078583
115,40,0,0.0,0.0,0.2073526491294615,16,0.35363054275512695
115,26,0,0.0,0.04947355017066002,0.32784326936592134,57,0.5440101623535156
115,3,0,0.0,0.0,0.22631928883492947,9,0.5522598028182983
115,25,0,0.0,0.049184683710336685,0.323382280960043,123,0.5466135144233704
115,39,0,0.0,0.22259292006492615,0.11053223613028725,6,0.22259292006492615
115,16,0,0.0,0.0,0.22807019066942089,17,0.4104084074497223
115,36,0,0.0,0.0,0.08882521209307015,5,0.34607717394828796
115,37,0,0.0,0.004904656205326319,0.07007024541962892,2,0.1382940411567688
115,43,0,0.0,0.0,0.18892700457945466,3,0.3321041762828827
115,2,0,0.0,0.049306418746709824,0.3363345413020364,54,0.5214826464653015
115,4,0,0.0,0.04094496741890907,0.23464425355196,5,0.332098126411438
115,28,0,0.0,0.0,0.3002731032096423,26,0.5201427936553955
115,17,0,0.0,0.0,0.16430597752332687,3,0.3250329792499542
115,11,0,0.0,0.0,0.18664873329301676,12,0.3665458858013153
115,14,0,0.0,0.0,0.26407086104154587,4,0.5244344472885132
115,15,0,0.0,0.0,0.18902366422116756,4,0.331576406955719
115,38,0,0.0,0.0,0.11052130162715912,1,0.11052130162715912
115,18,0,0.0,0.0,0.16043263270209232,6,0.5106946229934692
115,35,0,0.0,0.0,0.15693993866443634,2,0.23703964054584503
115,30,0,0.0,0.0,0.2488671839237213,1,0.2488671839237213
115,32,0,0.0,0.0,0.05987196043133736,3,0.0881086140871048
115,29,0,0.0,8.919533138396218e-05,0.014150664501357824,2,0.02649318426847458
115,31,0,0.0,0.0,0.04804918554145843,2,0.09425964951515198
115,47,0,0.0,0.0,0.06471777707338333,1,0.06471777707338333
115,41,0,0.0,0.0,0.04574463400058448,2,0.0847301185131073
115,42,0,0.0,0.0,0.08471418917179108,1,0.08471418917179108
116,22,0,2.087746663571796,1.0,1.0,156,1.0
116,48,0,0.0,0.0,0.5311201214790344,1,0.5311201214790344
116,49,0,0.0,0.0,0.5303062200546265,1,0.5303062200546265
116,1,0,0.0,0.0,0.5293113589286804,1,0.5293113589286804
116,27,0,0.0,0.0,0.3825093135237694,2,0.5289968848228455
116,21,0,0.962180224248508,0.32522693276405334,0.34670445873215794,125,0.5466527342796326
116,7,0,0.8910002089784977,0.0,0.35655350372072236,106,0.7377253770828247
116,13,0,0.946800165046137,0.32511284947395325,0.3540839981339844,134,0.7096469402313232
116,19,0,0.90922942133026,0.202286496758461,0.34669168367413167,131,0.5466375946998596
116,24,0,0.8833976575940202,0.32509666681289673,0.3374374033797772,109,0.5483644008636475
116,20,1,0.8375137857725486,0.32526320219039917,0.3639321638605533,117,0.5486897826194763
116,9,0,0.6642019854241287,0.20236748456954956,0.350343463547302,132,0.721806526184082
116,10,0,0.0,0.20184320211410522,0.3330513086563688,123,0.5487772226333618
116,23,0,0.0,0.20226116478443146,0.3629306460521659,49,0.6120709180831909
116,8,0,0.0,0.32554155588150024,0.33358166312738774,93,0.5285553932189941
116,6,0,0.0,0.20229488611221313,0.3272104997187853,75,0.5486850738525391
116,5,0,0.0,0.0,0.34280268562047983,86,0.5719727873802185
116,0,0,0.0,0.0,0.3463856258357947,52,0.5626494288444519
116,12,0,0.0,0.06424639374017715,0.18281329174836478,12,0.3353216350078583
116,40,0,0.0,0.0,0.2073526491294615,16,0.35363054275512695
116,26,0,0.0,0.0,0.32784326936592134,57,0.5440101623535156
116,3,0,0.0,0.0,0.22631928883492947,9,0.5522598028182983
116,25,0,0.0,0.32528266310691833,0.323382280960043,123,0.5466135144233704
116,39,0,0.0,0.09974467754364014,0.11053223613028725,6,0.22259292006492615
116,16,0,0.0,0.0,0.22807019066942089,17,0.4104084074497223
116,36,0,0.0,0.0,0.08882521209307015,5,0.34607717394828796
116,37,0,0.0,0.0,0.07007024541962892,2,0.1382940411567688
116,43,0,0.0,0.0,0.18892700457945466,3,0.3321041762828827
116,2,0,0.0,0.0,0.3363345413020364,54,0.5214826464653015
116,4,0,0.0,0.0,0.23464425355196,5,0.332098126411438
116,28,0,0.0,0.0,0.3002731032096423,26,0.5201427936553955
116,17,0,0.0,0.016460172832012177,0.16430597752332687,3,0.3250329792499542
116,11,0,0.0,0.011857780627906322,0.18664873329301676,12,0.3665458858013153
116,14,1,0.0,0.0,0.26407086104154587,4,0.5244344472885132
116,15,0,0.0,0.0,0.18902366422116756,4,0.331576406955719
116,38,0,0.0,0.0,0.11052130162715912,1,0.11052130162715912
116,18,0,0.0,0.0,0.16043263270209232,6,0.5106946229934692
116,35,0,0.0,0.0,0.15693993866443634,2,0.23703964054584503
116,30,0,0.0,0.0,0.2488671839237213,1,0.2488671839237213
116,32,0,0.0,0.0,0.05987196043133736,3,0.0881086140871048
116,29,0,0.0,0.0,0.014150664501357824,2,0.02649318426847458
116,31,0,0.0,0.0,0.04804918554145843,2,0.09425964951515198
116,47,0,0.0,0.0,0.06471777707338333,1,0.06471777707338333
116,41,0,0.0,0.0,0.04574463400058448,2,0.0847301185131073
116,42,0,0.0,0.0,0.08471418917179108,1,0.08471418917179108
117,22,0,2.087746663571796,1.0,1.0,156,1.0
117,48,0,0.0,0.0,0.5311201214790344,1,0.5311201214790344
117,49,0,0.0,0.0,0.5303062200546265,1,0.5303062200546265
117,1,0,0.0,0.0,0.5293113589286804,1,0.5293113589286804
117,27,0,0.0,0.0,0.3825093135237694,2,0.5289968848228455
117,21,0,0.962180224248508,0.2000717669725418,0.34670445873215794,125,0.5466527342796326
117,7,0,0.8910002089784977,0.0,0.35655350372072236,106,0.7377253770828247
117,13,0,0.946800165046137,0.20012980699539185,0.3540839981339844,134,0.7096469402313232
117,19,0,0.90922942133026,0.20014391839504242,0.34669168367413167,131,0.5466375946998596
117,24,0,0.8833976575940202,0.32278087735176086,0.3374374033797772,109,0.5483644008636475
117,20,1,0.8375137857725486,0.20026895403862,0.3639321638605533,117,0.5486897826194763
117,9,0,0.6642019854241287,0.32283636927604675,0.350343463547302,132,0.721806526184082
117,10,0,0.0,0.19962315261363983,0.3330513086563688,123,0.5487772226333618
117,23,0,0.0,0.19953474402427673,0.3629306460521659,49,0.6120709180831909
117,8,0,0.0,0.3234907388687134,0.33358166312738774,93,0.5285553932189941
117,6,0,0.0,0.19955402612686157,0.3272104997187853,75,0.5486850738525391
117,5,0,0.0,0.0,0.34280268562047983,86,0.5719727873802185
117,0,0,0.0,0.0,0.3463856258357947,52,0.5626494288444519
117,12,1,0.0,0.0,0.18281329174836478,12,0.3353216350078583
117,40,0,0.0,0.041915640234947205,0.2073526491294615,16,0.35363054275512695
117,26,0,0.0,0.199678435921669,0.32784326936592134,57,0.5440101623535156
117,3,0,0.0,0.0,0.22631928883492947,9,0.5522598028182983
117,25,0,0.0,0.20018477737903595,0.323382280960043,123,0.5466135144233704
117,39,0,0.0,0.0,0.11053223613028725,6,0.22259292006492615
117,16,0,0.0,0.0,0.22807019066942089,17,0.4104084074497223
117,36,0,0.0,0.0,0.08882521209307015,5,0.34607717394828796
117,37,0,0.0,0.0,0.07007024541962892,2,0.1382940411567688
117,43,0,0.0,0.0,0.18892700457945466,3,0.3321041762828827
117,2,0,0.0,0.0,0.3363345413020364,54,0.5214826464653015
117,4,0,0.0,0.0,0.23464425355196,5,0.332098126411438
117,28,0,0.0,0.32302919030189514,0.3002731032096423,26,0.5201427936553955
117,17,0,0.0,0.0,0.16430597752332687,3,0.3250329792499542
117,11,0,0.0,0.0,0.18664873329301676,12,0.3665458858013153
117,14,0,0.0,0.0,0.26407086104154587,4,0.5244344472885132
117,15,0,0.0,0.0,0.18902366422116756,4,0.331576406955719
117,38,0,0.0,0.0,0.11052130162715912,1,0.11052130162715912
117,18,0,0.0,0.0,0.16043263270209232,6,0.5106946229934692
117,35,0,0.0,1.1270625691395253e-05,0.15693993866443634,2,0.23703964054584503
117,30,0,0.0,6.901881533849519e-06,0.2488671839237213,1,0.2488671839237213
117,32,0,0.0,0.0,0.05987196043133736,3,0.0881086140871048
117,29,0,0.0,0.0,0.014150664501357824,2,0.02649318426847458
117,31,0,0.0,0.0,0.04804918554145843,2,0.09425964951515198
117,47,0,0.0,0.0,0.06471777707338333,1,0.06471777707338333
117,41,0,0.0,0.0,0.04574463400058448,2,0.0847301185131073
117,42,0,0.0,0.0,0.08471418917179108,1,0.08471418917179108
118,22,0,2.087746663571796,1.0,1.0,156,1.0
118,48,0,0.0,0.0,0.5311201214790344,1,0.5311201214790344
118,49,0,0.0,0.0,0.5303062200546265,1,0.5303062200546265
118,1,0,0.0,0.0,0.5293113589286804,1,0.5293113589286804
118,27,0,0.0,0.0,0.3825093135237694,2,0.5289968848228455
118,21,0,0.962180224248508,0.3021683692932129,0.34670445873215794,125,0.5466527342796326
118,7,0,0.8910002089784977,0.0,0.35655350372072236,106,0.7377253770828247
118,13,0,0.946800165046137,0.17513103783130646,0.3540839981339844,134,0.7096469402313232
118,19,0,0.90922942133026,0.3021700978279114,0.34669168367413167,131,0.5466375946998596
118,24,0,0.8833976575940202,0.0,0.3374374033797772,109,0.5483644008636475
118,20,1,0.8375137857725486,0.17509491741657257,0.3639321638605533,117,0.5486897826194763
118,9,0,0.6642019854241287,0.17515870928764343,0.350343463547302,132,0.721806526184082
118,10,0,0.0,0.17516359686851501,0.3330513086563688,123,0.5487772226333618
118,23,0,0.0,0.0,0.3629306460521659,49,0.6120709180831909
118,8,0,0.0,0.3021952509880066,0.33358166312738774,93,0.5285553932189941
118,6,0,0.0,0.17513440549373627,0.3272104997187853,75,0.5486850738525391
118,5,0,0.0,0.17513297498226166,0.34280268562047983,86,0.5719727873802185
118,0,0,0.0,0.0,0.3463856258357947,52,0.5626494288444519
118,12,0,0.0,0.0,0.18281329174836478,12,0.3353216350078583
118,40,0,0.0,0.0,0.2073526491294615,16,0.35363054275512695
118,26,0,0.0,0.17525696754455566,0.32784326936592134,57,0.5440101623535156
118,3,0,0.0,4.073723539477214e-05,0.22631928883492947,9,0.5522598028182983
118,25,0,0.0,0.30224937200546265,0.323382280960043,123,0.5466135144233704
118,39,0,0.0,0.0,0.11053223613028725,6,0.22259292006492615
118,16,0,0.0,0.0,0.22807019066942089,17,0.4104084074497223
118,36,0,0.0,0.0,0.08882521209307015,5,0.34607717394828796
118,37,0,0.0,0.0,0.07007024541962892,2,0.1382940411567688
118,43,0,0.0,0.0,0.18892700457945466,3,0.3321041762828827
118,2,0,0.0,0.17514103651046753,0.3363345413020364,54,0.5214826464653015
118,4,0,0.0,0.0,0.23464425355196,5,0.332098126411438
118,28,0,0.0,0.30241134762763977,0.3002731032096423,26,0.5201427936553955
118,17,0,0.0,4.16458715335466e-05,0.16430597752332687,3,0.3250329792499542
118,11,0,0.0,3.0174327548593283e-05,0.18664873329301676,12,0.3665458858013153
118,14,0,0.0,0.0,0.26407086104154587,4,0.5244344472885132
118,15,0,0.0,0.0,0.18902366422116756,4,0.331576406955719
118,38,0,0.0,0.0,0.11052130162715912,1,0.11052130162715912
118,18,0,0.0,0.0,0.16043263270209232,6,0.5106946229934692
118,35,0,0.0,0.0,0.15693993866443634,2,0.23703964054584503
118,30,0,0.0,0.0,0.2488671839237213,1,0.2488671839237213
118,32,0,0.0,0.0,0.05987196043133736,3,0.0881086140871048
118,29,0,0.0,0.0,0.014150664501357824,2,0.02649318426847458
118,31,0,0.0,0.0,0.04804918554145843,2,0.09425964951515198
118,47,0,0.0,0.0,0.06471777707338333,1,0.06471777707338333
118,41,0,0.0,0.0,0.04574463400058448,2,0.0847301185131073
118,42,0,0.0,0.0,0.08471418917179108,1,0.08471418917179108
119,22,0,2.087746663571796,1.0,1.0,156,1.0
119,48,1,0.0,0.0,0.5311201214790344,1,0.5311201214790344
119,49,0,0.0,0.0,0.5303062200546265,1,0.5303062200546265
119,1,0,0.0,0.07544064521789551,0.5293113589286804,1,0.5293113589286804
119,27,0,0.0,0.0,0.3825093135237694,2,0.5289968848228455
119,21,1,0.962180224248508,0.14271923899650574,0.34670445873215794,125,0.5466527342796326
119,7,0,0.8910002089784977,0.14332175254821777,0.35655350372072236,106,0.7377253770828247
119,13,0,0.946800165046137,0.14271947741508484,0.3540839981339844,134,0.7096469402313232
119,19,0,0.90922942133026,0.5073834657669067,0.34669168367413167,131,0.5466375946998596
119,24,0,0.8833976575940202,0.1459762305021286,0.3374374033797772,109,0.5483644008636475
119,20,0,0.8375137857725486,0.1431027501821518,0.3639321638605533,117,0.5486897826194763
119,9,0,0.6642019854241287,0.38006749749183655,0.350343463547302,132,0.721806526184082
119,10,0,0.0,0.1431555449962616,0.3330513086563688,123,0.5487772226333618
119,23,0,0.0,0.14256508648395538,0.3629306460521659,49,0.6120709180831909
119,8,0,0.0,0.1426118165254593,0.33358166312738774,93,0.5285553932189941
119,6,0,0.0,0.1432347446680069,0.3272104997187853,75,0.5486850738525391
119,5,0,0.0,0.14324472844600677,0.34280268562047983,86,0.5719727873802185
119,0,0,0.0,0.0,0.3463856258357947,52,0.5626494288444519
119,12,0,0.0,0.0,0.18281329174836478,12,0.3353216350078583
119,40,0,0.0,0.2741355001926422,0.2073526491294615,16,0.35363054275512695
119,26,0,0.0,0.14323310554027557,0.32784326936592134,57,0.5440101623535156
119,3,0,0.0,0.0,0.22631928883492947,9,0.5522598028182983
119,25,0,0.0,0.1428535133600235,0.323382280960043,123,0.5466135144233704
119,39,0,0.0,0.0,0.11053223613028725,6,0.22259292006492615
119,16,0,0.0,0.2905727028846741,0.22807019066942089,17,0.4104084074497223
119,36,0,0.0,0.0,0.08882521209307015,5,0.34607717394828796
119,37,0,0.0,0.0,0.07007024541962892,2,0.1382940411567688
119,43,0,0.0,0.0,0.18892700457945466,3,0.3321041762828827
119,2,0,0.0,0.0,0.3363345413020364,54,0.5214826464653015
119,4,0,0.0,0.0,0.23464425355196,5,0.332098126411438
119,28,0,0.0,0.0,0.3002731032096423,26,0.5201427936553955
119,17,0,0.0,0.0,0.16430597752332687,3,0.3250329792499542
119,11,0,0.0,0.09039559960365295,0.18664873329301676,12,0.3665458858013153
119,14,0,0.0,0.0,0.26407086104154587,4,0.5244344472885132
119,15,0,0.0,0.0,0.18902366422116756,4,0.331576406955719
119,38,0,0.0,0.0,0.11052130162715912,1,0.11052130162715912
119,18,0,0.0,0.0877692699432373,0.16043263270209232,6,0.5106946229934692
119,35,0,0.0,0.0,0.15693993866443634,2,0.23703964054584503
119,30,0,0.0,0.0,0.2488671839237213,1,0.2488671839237213
119,32,0,0.0,0.0,0.05987196043133736,3,0.0881086140871048
119,29,0,0.0,0.0,0.014150664501357824,2,0.02649318426847458
119,31,0,0.0,0.0,0.04804918554145843,2,0.09425964951515198
119,47,0,0.0,0.0,0.06471777707338333,1,0.06471777707338333
119,41,0,0.0,0.0,0.04574463400058448,2,0.0847301185131073
119,42,0,0.0,0.0,0.08471418917179108,1,0.08471418917179108
120,22,0,2.087746663571796,1.0,1.0,156,1.0
120,48,0,0.0,0.0,0.5311201214790344,1,0.5311201214790344
120,49,0,0.0,0.0,0.5303062200546265,1,0.5303062200546265
120,1,0,0.0,0.0,0.5293113589286804,1,0.5293113589286804
120,27,0,0.0,0.0,0.3825093135237694,2,0.5289968848228455
120,21,1,0.962180224248508,0.0,0.34670445873215794,125,0.5466527342796326
120,7,0,0.8910002089784977,0.46390262246131897,0.35655350372072236,106,0.7377253770828247
120,13,0,0.946800165046137,0.24919968843460083,0.3540839981339844,134,0.7096469402313232
120,19,0,0.90922942133026,0.4638012945652008,0.34669168367413167,131,0.5466375946998596
120,24,0,0.8833976575940202,0.24911510944366455,0.3374374033797772,109,0.5483644008636475
120,20,0,0.8375137857725486,0.4637860059738159,0.3639321638605533,117,0.5486897826194763
120,9,0,0.6642019854241287,0.2491922527551651,0.350343463547302,132,0.721806526184082
120,10,0,0.0,0.18440650403499603,0.3330513086563688,123,0.5487772226333618
120,23,0,0.0,0.0,0.3629306460521659,49,0.6120709180831909
120,8,0,0.0,0.2490900456905365,0.33358166312738774,93,0.5285553932189941
120,6,0,0.0,0.46369078755378723,0.3272104997187853,75,0.5486850738525391
120,5,0,0.0,0.4637835621833801,0.34280268562047983,86,0.5719727873802185
120,0,0,0.0,0.0,0.3463856258357947,52,0.5626494288444519
120,12,0,0.0,0.0,0.18281329174836478,12,0.3353216350078583
120,40,0,0.0,0.0,0.2073526491294615,16,0.35363054275512695
120,26,0,0.0,0.4637797176837921,0.32784326936592134,57,0.5440101623535156
120,3,0,0.0,0.20102696120738983,0.22631928883492947,9,0.5522598028182983
120,25,0,0.0,0.24937960505485535,0.323382280960043,123,0.5466135144233704
120,39,0,0.0,0.0,0.11053223613028725,6,0.22259292006492615
120,16,0,0.0,0.2724631130695343,0.22807019066942089,17,0.4104084074497223
120,36,0,0.0,0.0,0.08882521209307015,5,0.34607717394828796
120,37,0,0.0,0.0,0.07007024541962892,2,0.1382940411567688
120,43,0,0.0,0.13687501847743988,0.18892700457945466,3,0.3321041762828827
120,2,0,0.0,0.0,0.3363345413020364,54,0.5214826464653015
120,4,0,0.0,0.0,0.23464425355196,5,0.332098126411438
120,28,0,0.0,0.0,0.3002731032096423,26,0.5201427936553955
120,17,0,0.0,0.0,0.16430597752332687,3,0.3250329792499542
120,11,0,0.0,0.0,0.18664873329301676,12,0.3665458858013153
120,14,0,0.0,0.0,0.26407086104154587,4,0.5244344472885132
120,15,0,0.0,0.0,0.18902366422116756,4,0.331576406955719
120,38,0,0.0,0.0,0.11052130162715912,1,0.11052130162715912
120,18,0,0.0,0.0,0.16043263270209232,6,0.5106946229934692
120,35,0,0.0,0.0,0.15693993866443634,2,0.23703964054584503
120,30,0,0.0,0.0,0.2488671839237213,1,0.2488671839237213
120,32,0,0.0,0.0,0.05987196043133736,3,0.0881086140871048
120,29,0,0.0,0.0,0.014150664501357824,2,0.02649318426847458
120,31,0,0.0,0.0,0.04804918554145843,2,0.09425964951515198
120,47,0,0.0,0.0,0.06471777707338333,1,0.06471777707338333
120,41,0,0.0,0.0,0.04574463400058448,2,0.0847301185131073
120,42,0,0.0,0.0,0.08471418917179108,1,0.08471418917179108
121,22,0,2.087746663571796,1.0,1.0,156,1.0
121,48,0,0.0,0.0,0.5311201214790344,1,0.5311201214790344
121,49,0,0.0,0.0,0.5303062200546265,1,0.5303062200546265
121,1,0,0.0,0.0,0.5293113589286804,1,0.5293113589286804
121,27,0,0.0,0.0,0.3825093135237694,2,0.5289968848228455
121,21,1,0.962180224248508,0.5112501382827759,0.34670445873215794,125,0.5466527342796326
121,7,0,0.8910002089784977,0.5114237666130066,0.35655350372072236,106,0.7377253770828247
121,13,1,0.946800165046137,0.36852550506591797,0.3540839981339844,134,0.7096469402313232
121,19,0,0.90922942133026,0.3685053288936615,0.34669168367413167,131,0.5466375946998596
121,24,0,0.8833976575940202,0.36846593022346497,0.3374374033797772,109,0.5483644008636475
121,20,0,0.8375137857725486,0.36848127841949463,0.3639321638605533,117,0.5486897826194763
121,9,0,0.6642019854241287,0.36849769949913025,0.350343463547302,132,0.721806526184082
121,10,0,0.0,0.0,0.3330513086563688,123,0.5487772226333618
121,23,0,0.0,0.0,0.3629306460521659,49,0.6120709180831909
121,8,0,0.0,0.36843499541282654,0.33358166312738774,93,0.5285553932189941
121,6,0,0.0,0.36843281984329224,0.3272104997187853,75,0.5486850738525391
121,5,0,0.0,0.0,0.34280268562047983,86,0.5719727873802185
121,0,0,0.0,0.36845576763153076,0.3463856258357947,52,0.5626494288444519
121,12,0,0.0,0.0,0.18281329174836478,12,0.3353216350078583
121,40,0,0.0,0.0,0.2073526491294615,16,0.35363054275512695
121,26,0,0.0,0.0,0.32784326936592134,57,0.5440101623535156
121,3,0,0.0,0.01527034305036068,0.22631928883492947,9,0.5522598028182983
121,25,0,0.0,0.5108362436294556,0.323382280960043,123,0.5466135144233704
121,39,0,0.0,0.004405440762639046,0.11053223613028725,6,0.22259292006492615
121,16,0,0.0,0.0,0.22807019066942089,17,0.4104084074497223
121,36,0,0.0,0.0,0.08882521209307015,5,0.34607717394828796
121,37,0,0.0,0.0,0.07007024541962892,2,0.1382940411567688
121,43,0,0.0,0.0,0.18892700457945466,3,0.3321041762828827
121,2,0,0.0,0.0,0.3363345413020364,54,0.5214826464653015
121,4,0,0.0,0.0,0.23464425355196,5,0.332098126411438
121,28,0,0.0,0.0,0.3002731032096423,26,0.5201427936553955
121,17,0,0.0,0.0005324416561052203,0.16430597752332687,3,0.3250329792499542
121,11,0,0.0,0.0,0.18664873329301676,12,0.3665458858013153
121,14,0,0.0,0.013786233961582184,0.26407086104154587,4,0.5244344472885132
121,15,0,0.0,0.0,0.18902366422116756,4,0.331576406955719
121,38,0,0.0,2.276380473631434e-05,0.11052130162715912,1,0.11052130162715912
121,18,0,0.0,0.0,0.16043263270209232,6,0.5106946229934692
121,35,0,0.0,0.0,0.15693993866443634,2,0.23703964054584503
121,30,0,0.0,0.0,0.2488671839237213,1,0.2488671839237213
121,32,0,0.0,0.0,0.05987196043133736,3,0.0881086140871048
121,29,0,0.0,0.0,0.014150664501357824,2,0.02649318426847458
121,31,0,0.0,0.0,0.04804918554145843,2,0.09425964951515198
121,47,0,0.0,0.0,0.06471777707338333,1,0.06471777707338333
121,41,0,0.0,0.00014202597958501428,0.04574463400058448,2,0.0847301185131073
121,42,0,0.0,3.680927329696715e-05,0.08471418917179108,1,0.08471418917179108
122,22,0,2.087746663571796,1.0,1.0,156,1.0
122,48,0,0.0,0.0,0.5311201214790344,1,0.5311201214790344
122,49,0,0.0,0.0,0.5303062200546265,1,0.5303062200546265
122,1,0,0.0,0.0,0.5293113589286804,1,0.5293113589286804
122,27,0,0.0,0.0,0.3825093135237694,2,0.5289968848228455
122,21,1,0.962180224248508,0.49418604373931885,0.34670445873215794,125,0.5466527342796326
122,7,0,0.8910002089784977,0.4938949644565582,0.35655350372072236,106,0.7377253770828247
122,13,0,0.946800165046137,0.34646809101104736,0.3540839981339844,134,0.7096469402313232
122,19,0,0.90922942133026,0.3464255630970001,0.34669168367413167,131,0.5466375946998596
122,24,0,0.8833976575940202,0.3463972806930542,0.3374374033797772,109,0.5483644008636475
122,20,0,0.8375137857725486,0.49391883611679077,0.3639321638605533,117,0.5486897826194763
122,9,0,0.6642019854241287,0.4937838912010193,0.350343463547302,132,0.721806526184082
122,10,0,0.0,0.4941945970058441,0.3330513086563688,123,0.5487772226333618
122,23,0,0.0,0.0,0.3629306460521659,49,0.6120709180831909
122,8,0,0.0,0.0,0.33358166312738774,93,0.5285553932189941
122,6,0,0.0,0.4942273199558258,0.3272104997187853,75,0.5486850738525391
122,5,0,0.0,0.4938321113586426,0.34280268562047983,86,0.5719727873802185
122,0,0,0.0,0.34626632928848267,0.3463856258357947,52,0.5626494288444519
122,12,0,0.0,0.0,0.18281329174836478,12,0.3353216350078583
122,40,0,0.0,0.0,0.2073526491294615,16,0.35363054275512695
122,26,0,0.0,0.346363365650177,0.32784326936592134,57,0.5440101623535156
122,3,1,0.0,0.0,0.22631928883492947,9,0.5522598028182983
122,25,0,0.0,0.3463960289955139,0.323382280960043,123,0.5466135144233704
122,39,0,0.0,0.0,0.11053223613028725,6,0.22259292006492615
122,16,0,0.0,0.0,0.22807019066942089,17,0.4104084074497223
122,36,0,0.0,0.0,0.08882521209307015,5,0.34607717394828796
122,37,0,0.0,0.0,0.07007024541962892,2,0.1382940411567688
122,43,0,0.0,0.0,0.18892700457945466,3,0.3321041762828827
122,2,0,0.0,0.0,0.3363345413020364,54,0.5214826464653015
122,4,0,0.0,0.0,0.23464425355196,5,0.332098126411438
122,28,0,0.0,0.0,0.3002731032096423,26,0.5201427936553955
122,17,0,0.0,0.0,0.16430597752332687,3,0.3250329792499542
122,11,0,0.0,0.0,0.18664873329301676,12,0.3665458858013153
122,14,0,0.0,0.0,0.26407086104154587,4,0.5244344472885132
122,15,0,0.0,0.0685432031750679,0.18902366422116756,4,0.331576406955719
122,38,0,0.0,0.0,0.11052130162715912,1,0.11052130162715912
122,18,0,0.0,0.0,0.16043263270209232,6,0.5106946229934692
122,35,0,0.0,0.0,0.15693993866443634,2,0.23703964054584503
122,30,0,0.0,0.0,0.2488671839237213,1,0.2488671839237213
122,32,0,0.0,0.0,0.05987196043133736,3,0.0881086140871048
122,29,0,0.0,0.0,0.014150664501357824,2,0.02649318426847458
122,31,0,0.0,0.0,0.04804918554145843,2,0.09425964951515198
122,47,0,0.0,0.0,0.06471777707338333,1,0.06471777707338333
122,41,0,0.0,0.0,0.04574463400058448,2,0.0847301185131073
122,42,0,0.0,0.0,0.08471418917179108,1,0.08471418917179108
123,22,0,2.087746663571796,1.0,1.0,156,1.0
123,48,0,0.0,0.0,0.5311201214790344,1,0.5311201214790344
123,49,0,0.0,0.0,0.5303062200546265,1,0.5303062200546265
123,1,0,0.0,0.0,0.5293113589286804,1,0.5293113589286804
123,27,0,0.0,0.0,0.3825093135237694,2,0.5289968848228455
123,21,1,0.962180224248508,0.3785645663738251,0.34670445873215794,125,0.5466527342796326
123,7,0,0.8910002089784977,0.518301248550415,0.35655350372072236,106,0.7377253770828247
123,13,0,0.946800165046137,0.37820348143577576,0.3540839981339844,134,0.7096469402313232
123,19,0,0.90922942133026,0.3781568109989166,0.34669168367413167,131,0.5466375946998596
123,24,0,0.8833976575940202,0.37814149260520935,0.3374374033797772,109,0.5483644008636475
123,20,0,0.8375137857725486,0.5183041095733643,0.3639321638605533,117,0.5486897826194763
123,9,0,0.6642019854241287,0.37817180156707764,0.350343463547302,132,0.721806526184082
123,10,0,0.0,0.5184302926063538,0.3330513086563688,123,0.5487772226333618
123,23,0,0.0,0.0,0.3629306460521659,49,0.6120709180831909
123,8,0,0.0,0.0,0.33358166312738774,93,0.5285553932189941
123,6,0,0.0,0.5183128118515015,0.3272104997187853,75,0.5486850738525391
123,5,0,0.0,0.518301784992218,0.34280268562047983,86,0.5719727873802185
123,0,0,0.0,0.37800243496894836,0.3463856258357947,52,0.5626494288444519
123,12,0,0.0,0.26133090257644653,0.18281329174836478,12,0.3353216350078583
123,40,0,0.0,0.0,0.2073526491294615,16,0.35363054275512695
123,26,0,0.0,0.0,0.32784326936592134,57,0.5440101623535156
123,3,1,0.0,0.0,0.22631928883492947,9,0.5522598028182983
123,25,0,0.0,0.3781445622444153,0.323382280960043,123,0.5466135144233704
123,39,0,0.0,0.12244710326194763,0.11053223613028725,6,0.22259292006492615
123,16,0,0.0,0.0,0.22807019066942089,17,0.4104084074497223
123,36,0,0.0,0.0,0.08882521209307015,5,0.34607717394828796
123,37,0,0.0,0.0,0.07007024541962892,2,0.1382940411567688
123,43,0,0.0,0.0,0.18892700457945466,3,0.3321041762828827
123,2,0,0.0,0.0,0.3363345413020364,54,0.5214826464653015
123,4,0,0.0,0.0,0.23464425355196,5,0.332098126411438
123,28,0,0.0,0.0,0.3002731032096423,26,0.5201427936553955
123,17,0,0.0,0.0,0.16430597752332687,3,0.3250329792499542
123,11,0,0.0,0.0,0.18664873329301676,12,0.3665458858013153
123,14,0,0.0,0.0,0.26407086104154587,4,0.5244344472885132
123,15,0,0.0,0.2609865665435791,0.18902366422116756,4,0.331576406955719
123,38,0,0.0,0.0,0.11052130162715912,1,0.11052130162715912
123,18,0,0.0,0.0,0.16043263270209232,6,0.5106946229934692
123,35,0,0.0,0.0,0.15693993866443634,2,0.23703964054584503
123,30,0,0.0,0.0,0.2488671839237213,1,0.2488671839237213
123,32,0,0.0,0.12263339012861252,0.05987196043133736,3,0.0881086140871048
123,29,0,0.0,0.0,0.014150664501357824,2,0.02649318426847458
123,31,0,0.0,0.0,0.04804918554145843,2,0.09425964951515198
123,47,0,0.0,0.0,0.06471777707338333,1,0.06471777707338333
123,41,0,0.0,0.0,0.04574463400058448,2,0.0847301185131073
123,42,0,0.0,0.0,0.08471418917179108,1,0.08471418917179108
124,22,0,2.087746663571796,1.0,1.0,156,1.0
124,48,0,0.0,0.0,0.5311201214790344,1,0.5311201214790344
124,49,0,0.0,0.0,0.5303062200546265,1,0.5303062200546265
124,1,0,0.0,0.0,0.5293113589286804,1,0.5293113589286804
124,27,0,0.0,0.0,0.3825093135237694,2,0.5289968848228455
124,21,1,0.962180224248508,0.42775672674179077,0.34670445873215794,125,0.5466527342796326
124,7,0,0.8910002089784977,0.24020598828792572,0.35655350372072236,106,0.7377253770828247
124,13,0,0.946800165046137,0.24028871953487396,0.3540839981339844,134,0.7096469402313232
124,19,0,0.90922942133026,0.24008579552173615,0.34669168367413167,131,0.5466375946998596
124,24,0,0.8833976575940202,0.24004687368869781,0.3374374033797772,109,0.5483644008636475
124,20,0,0.8375137857725486,0.2400539219379425,0.3639321638605533,117,0.5486897826194763
124,9,0,0.6642019854241287,0.42794740200042725,0.350343463547302,132,0.721806526184082
124,10,0,0.0,0.24017445743083954,0.3330513086563688,123,0.5487772226333618
124,23,0,0.0,0.0,0.3629306460521659,49,0.6120709180831909
124,8,0,0.0,0.0,0.33358166312738774,93,0.5285553932189941
124,6,0,0.0,0.42799752950668335,0.3272104997187853,75,0.5486850738525391
124,5,0,0.0,0.42803484201431274,0.34280268562047983,86,0.5719727873802185
124,0,0,0.0,0.0,0.3463856258357947,52,0.5626494288444519
124,12,0,0.0,0.09449165314435959,0.18281329174836478,12,0.3353216350078583
124,40,0,0.0,0.0,0.2073526491294615,16,0.35363054275512695
124,26,0,0.0,0.0,0.32784326936592134,57,0.5440101623535156
124,3,0,0.0,0.0,0.22631928883492947,9,0.5522598028182983
124,25,0,0.0,0.24014000594615936,0.323382280960043,123,0.5466135144233704
124,39,0,0.0,0.0,0.11053223613028725,6,0.22259292006492615
124,16,0,0.0,0.0,0.22807019066942089,17,0.4104084074497223
124,36,0,0.0,0.0,0.08882521209307015,5,0.34607717394828796
124,37,0,0.0,0.0,0.07007024541962892,2,0.1382940411567688
124,43,0,0.0,0.0,0.18892700457945466,3,0.3321041762828827
124,2,0,0.0,0.0,0.3363345413020364,54,0.5214826464653015
124,4,0,0.0,0.0,0.23464425355196,5,0.332098126411438
124,28,0,0.0,0.027002539485692978,0.3002731032096423,26,0.5201427936553955
124,17,0,0.0,6.231525912880898e-05,0.16430597752332687,3,0.3250329792499542
124,11,0,0.0,0.0,0.18664873329301676,12,0.3665458858013153
124,14,1,0.0,0.0,0.26407086104154587,4,0.5244344472885132
124,15,0,0.0,0.0,0.18902366422116756,4,0.331576406955719
124,38,0,0.0,3.401271169423126e-05,0.11052130162715912,1,0.11052130162715912
124,18,0,0.0,0.0,0.16043263270209232,6,0.5106946229934692
124,35,0,0.0,0.0,0.15693993866443634,2,0.23703964054584503
124,30,0,0.0,0.0,0.2488671839237213,1,0.2488671839237213
124,32,0,0.0,0.0269323717802763,0.05987196043133736,3,0.0881086140871048
124,29,0,0.0,6.946847861399874e-05,0.014150664501357824,2,0.02649318426847458
124,31,0,0.0,0.0,0.04804918554145843,2,0.09425964951515198
124,47,0,0.0,0.0,0.06471777707338333,1,0.06471777707338333
124,41,0,0.0,0.0,0.04574463400058448,2,0.0847301185131073
124,42,0,0.0,0.0,0.08471418917179108,1,0.08471418917179108
125,22,0,2.087746663571796,1.0,1.0,156,1.0
125,48,0,0.0,0.0,0.5311201214790344,1,0.5311201214790344
125,49,0,0.0,0.0,0.5303062200546265,1,0.5303062200546265
125,1,0,0.0,0.0,0.5293113589286804,1,0.5293113589286804
125,27,0,0.0,0.0,0.3825093135237694,2,0.5289968848228455
125,21,1,0.962180224248508,0.47985801100730896,0.34670445873215794,125,0.5466527342796326
125,7,0,0.8910002089784977,0.0,0.35655350372072236,106,0.7377253770828247
125,13,1,0.946800165046137,0.3848157823085785,0.3540839981339844,134,0.7096469402313232
125,19,0,0.90922942133026,0.4797770082950592,0.34669168367413167,131,0.5466375946998596
125,24,0,0.8833976575940202,0.3846566677093506,0.3374374033797772,109,0.5483644008636475
125,20,0,0.8375137857725486,0.38464632630348206,0.3639321638605533,117,0.5486897826194763
125,9,0,0.6642019854241287,0.4794309139251709,0.350343463547302,132,0.721806526184082
125,10,0,0.0,0.0,0.3330513086563688,123,0.5487772226333618
125,23,0,0.0,0.0,0.3629306460521659,49,0.6120709180831909
125,8,0,0.0,0.3846226930618286,0.33358166312738774,93,0.5285553932189941
125,6,0,0.0,0.3846922814846039,0.3272104997187853,75,0.5486850738525391
125,5,0,0.0,0.47939661145210266,0.34280268562047983,86,0.5719727873802185
125,0,0,0.0,0.38463616371154785,0.3463856258357947,52,0.5626494288444519
125,12,0,0.0,2.7267224140814506e-05,0.18281329174836478,12,0.3353216350078583
125,40,0,0.0,0.005321582313627005,0.2073526491294615,16,0.35363054275512695
125,26,0,0.0,0.0,0.32784326936592134,57,0.5440101623535156
125,3,0,0.0,0.0,0.22631928883492947,9,0.5522598028182983
125,25,0,0.0,0.38469812273979187,0.323382280960043,123,0.5466135144233704
125,39,0,0.0,0.0,0.11053223613028725,6,0.22259292006492615
125,16,0,0.0,0.0,0.22807019066942089,17,0.4104084074497223
125,36,0,0.0,0.0,0.08882521209307015,5,0.34607717394828796
125,37,0,0.0,0.0,0.07007024541962892,2,0.1382940411567688
125,43,0,0.0,0.0,0.18892700457945466,3,0.3321041762828827
125,2,0,0.0,0.0,0.3363345413020364,54,0.5214826464653015
125,4,0,0.0,0.0,0.23464425355196,5,0.332098126411438
125,28,0,0.0,0.00015963797341100872,0.3002731032096423,26,0.5201427936553955
125,17,0,0.0,5.941707786405459e-05,0.16430597752332687,3,0.3250329792499542
125,11,0,0.0,0.0,0.18664873329301676,12,0.3665458858013153
125,14,0,0.0,0.0,0.26407086104154587,4,0.5244344472885132
125,15,0,0.0,0.0,0.18902366422116756,4,0.331576406955719
125,38,0,0.0,0.0,0.11052130162715912,1,0.11052130162715912
125,18,0,0.0,0.0,0.16043263270209232,6,0.5106946229934692
125,35,0,0.0,0.00039710872806608677,0.15693993866443634,2,0.23703964054584503
125,30,0,0.0,0.0,0.2488671839237213,1,0.2488671839237213
125,32,0,0.0,0.0,0.05987196043133736,3,0.0881086140871048
125,29,0,0.0,0.0,0.014150664501357824,2,0.02649318426847458
125,31,0,0.0,0.00046966373338364065,0.04804918554145843,2,0.09425964951515198
125,47,0,0.0,0.0,0.06471777707338333,1,0.06471777707338333
125,41,0,0.0,0.0,0.04574463400058448,2,0.0847301185131073
125,42,0,0.0,0.0,0.08471418917179108,1,0.08471418917179108
126,22,0,2.087746663571796,1.0,1.0,156,1.0
126,48,0,0.0,0.0,0.5311201214790344,1,0.5311201214790344
126,49,0,0.0,0.0,0.5303062200546265,1,0.5303062200546265
126,1,0,0.0,0.0,0.5293113589286804,1,0.5293113589286804
126,27,0,0.0,0.0,0.3825093135237694,2,0.5289968848228455
126,21,0,0.962180224248508,0.4763588011264801,0.34670445873215794,125,0.5466527342796326
126,7,0,0.8910002089784977,0.3239997923374176,0.35655350372072236,106,0.7377253770828247
126,13,0,0.946800165046137,0.4763917028903961,0.3540839981339844,134,0.7096469402313232
126,19,0,0.90922942133026,0.4763750433921814,0.34669168367413167,131,0.5466375946998596
126,24,0,0.8833976575940202,0.32387933135032654,0.3374374033797772,109,0.5483644008636475
126,20,0,0.8375137857725486,0.3238600790500641,0.3639321638605533,117,0.5486897826194763
126,9,0,0.6642019854241287,0.3238981366157532,0.350343463547302,132,0.721806526184082
126,10,0,0.0,0.47638869285583496,0.3330513086563688,123,0.5487772226333618
126,23,0,0.0,0.0,0.3629306460521659,49,0.6120709180831909
126,8,0,0.0,0.32383283972740173,0.33358166312738774,93,0.5285553932189941
126,6,0,0.0,0.0,0.3272104997187853,75,0.5486850738525391
126,5,0,0.0,0.0,0.34280268562047983,86,0.5719727873802185
126,0,0,0.0,0.3238905966281891,0.3463856258357947,52,0.5626494288444519
126,12,0,0.0,0.0,0.18281329174836478,12,0.3353216350078583
126,40,0,0.0,0.004896803293377161,0.2073526491294615,16,0.35363054275512695
126,26,0,0.0,0.0,0.32784326936592134,57,0.5440101623535156
126,3,1,0.0,0.0,0.22631928883492947,9,0.5522598028182983
126,25,1,0.0,0.47681671380996704,0.323382280960043,123,0.5466135144233704
126,39,0,0.0,0.0,0.11053223613028725,6,0.22259292006492615
126,16,0,0.0,0.0,0.22807019066942089,17,0.4104084074497223
126,36,0,0.0,0.0,0.08882521209307015,5,0.34607717394828796
126,37,0,0.0,0.0,0.07007024541962892,2,0.1382940411567688
126,43,0,0.0,0.0,0.18892700457945466,3,0.3321041762828827
126,2,0,0.0,0.0,0.3363345413020364,54,0.5214826464653015
126,4,0,0.0,0.0,0.23464425355196,5,0.332098126411438
126,28,0,0.0,0.0,0.3002731032096423,26,0.5201427936553955
126,17,0,0.0,0.0,0.16430597752332687,3,0.3250329792499542
126,11,0,0.0,0.0,0.18664873329301676,12,0.3665458858013153
126,14,0,0.0,0.0,0.26407086104154587,4,0.5244344472885132
126,15,0,0.0,0.0,0.18902366422116756,4,0.331576406955719
126,38,0,0.0,0.0,0.11052130162715912,1,0.11052130162715912
126,18,0,0.0,0.0,0.16043263270209232,6,0.5106946229934692
126,35,0,0.0,0.004722906276583672,0.15693993866443634,2,0.23703964054584503
126,30,0,0.0,0.0,0.2488671839237213,1,0.2488671839237213
126,32,0,0.0,0.004718754440546036,0.05987196043133736,3,0.0881086140871048
126,29,0,0.0,0.0,0.014150664501357824,2,0.02649318426847458
126,31,0,0.0,0.004678800702095032,0.04804918554145843,2,0.09425964951515198
126,47,0,0.0,0.0,0.06471777707338333,1,0.06471777707338333
126,41,0,0.0,0.0,0.04574463400058448,2,0.0847301185131073
126,42,0,0.0,0.0,0.08471418917179108,1,0.08471418917179108
127,22,0,2.087746663571796,1.0,1.0,156,1.0
127,48,0,0.0,0.0,0.5311201214790344,1,0.5311201214790344
127,49,0,0.0,0.0,0.5303062200546265,1,0.5303062200546265
127,1,0,0.0,0.0,0.5293113589286804,1,0.5293113589286804
127,27,0,0.0,0.0,0.3825093135237694,2,0.5289968848228455
127,21,0,0.962180224248508,0.4128322899341583,0.34670445873215794,125,0.5466527342796326
127,7,0,0.8910002089784977,0.41286006569862366,0.35655350372072236,106,0.7377253770828247
127,13,0,0.946800165046137,0.41276705265045166,0.3540839981339844,134,0.7096469402313232
127,19,0,0.90922942133026,0.4128240942955017,0.34669168367413167,131,0.5466375946998596
127,24,0,0.8833976575940202,0.0,0.3374374033797772,109,0.5483644008636475
127,20,0,0.8375137857725486,0.22037552297115326,0.3639321638605533,117,0.5486897826194763
127,9,0,0.6642019854241287,0.21996735036373138,0.350343463547302,132,0.721806526184082
127,10,0,0.0,0.41285842657089233,0.3330513086563688,123,0.5487772226333618
127,23,0,0.0,0.22012536227703094,0.3629306460521659,49,0.6120709180831909
127,8,0,0.0,0.21990716457366943,0.33358166312738774,93,0.5285553932189941
127,6,0,0.0,0.0,0.3272104997187853,75,0.5486850738525391
127,5,0,0.0,0.0,0.34280268562047983,86,0.5719727873802185
127,0,0,0.0,0.0,0.3463856258357947,52,0.5626494288444519
127,12,0,0.0,0.0,0.18281329174836478,12,0.3353216350078583
127,40,0,0.0,0.0,0.2073526491294615,16,0.35363054275512695
127,26,0,0.0,0.4128115177154541,0.32784326936592134,57,0.5440101623535156
127,3,0,0.0,0.025130683556199074,0.22631928883492947,9,0.5522598028182983
127,25,1,0.0,0.219802126288414,0.323382280960043,123,0.5466135144233704
127,39,0,0.0,0.0,0.11053223613028725,6,0.22259292006492615
127,16,0,0.0,0.0,0.22807019066942089,17,0.4104084074497223
127,36,0,0.0,0.0,0.08882521209307015,5,0.34607717394828796
127,37,0,0.0,0.0,0.07007024541962892,2,0.1382940411567688
127,43,0,0.0,0.0,0.18892700457945466,3,0.3321041762828827
127,2,0,0.0,0.41284236311912537,0.3363345413020364,54,0.5214826464653015
127,4,0,0.0,0.0,0.23464425355196,5,0.332098126411438
127,28,0,0.0,0.0,0.3002731032096423,26,0.5201427936553955
127,17,0,0.0,0.0,0.16430597752332687,3,0.3250329792499542
127,11,0,0.0,0.0,0.18664873329301676,12,0.3665458858013153
127,14,1,0.0,0.0,0.26407086104154587,4,0.5244344472885132
127,15,0,0.0,0.10825079679489136,0.18902366422116756,4,0.331576406955719
127,38,0,0.0,0.0,0.11052130162715912,1,0.11052130162715912
127,18,0,0.0,0.0,0.16043263270209232,6,0.5106946229934692
127,35,0,0.0,0.0,0.15693993866443634,2,0.23703964054584503
127,30,0,0.0,0.0,0.2488671839237213,1,0.2488671839237213
127,32,0,0.0,0.0,0.05987196043133736,3,0.0881086140871048
127,29,0,0.0,0.0,0.014150664501357824,2,0.02649318426847458
127,31,0,0.0,0.0,0.04804918554145843,2,0.09425964951515198
127,47,0,0.0,0.0,0.06471777707338333,1,0.06471777707338333
127,41,0,0.0,0.0,0.04574463400058448,2,0.0847301185131073
127,42,0,0.0,0.0,0.08471418917179108,1,0.08471418917179108
128,22,0,2.087746663571796,1.0,1.0,156,1.0
128,48,0,0.0,0.0,0.5311201214790344,1,0.5311201214790344
128,49,0,0.0,0.0,0.5303062200546265,1,0.5303062200546265
128,1,0,0.0,0.0,0.5293113589286804,1,0.5293113589286804
128,27,0,0.0,0.0,0.3825093135237694,2,0.5289968848228455
128,21,0,0.962180224248508,0.3814632296562195,0.34670445873215794,125,0.5466527342796326
128,7,0,0.8910002089784977,0.3809640407562256,0.35655350372072236,106,0.7377253770828247
128,13,0,0.946800165046137,0.38146087527275085,0.3540839981339844,134,0.7096469402313232
128,19,0,0.90922942133026,0.26844552159309387,0.34669168367413167,131,0.5466375946998596
128,24,0,0.8833976575940202,0.38135603070259094,0.3374374033797772,109,0.5483644008636475
128,20,0,0.8375137857725486,0.26839205622673035,0.3639321638605533,117,0.5486897826194763
128,9,0,0.6642019854241287,0.0,0.350343463547302,132,0.721806526184082
128,10,0,0.0,0.3810730576515198,0.3330513086563688,123,0.5487772226333618
128,23,0,0.0,0.0,0.3629306460521659,49,0.6120709180831909
128,8,0,0.0,0.2683267295360565,0.33358166312738774,93,0.5285553932189941
128,6,0,0.0,0.0,0.3272104997187853,75,0.5486850738525391
128,5,0,0.0,0.3814859092235565,0.34280268562047983,86,0.5719727873802185
128,0,0,0.0,0.0,0.3463856258357947,52,0.5626494288444519
128,12,0,0.0,0.09892890602350235,0.18281329174836478,12,0.3353216350078583
128,40,0,0.0,0.0,0.2073526491294615,16,0.35363054275512695
128,26,0,0.0,0.26829805970191956,0.32784326936592134,57,0.5440101623535156
128,3,1,0.0,0.0712018683552742,0.22631928883492947,9,0.5522598028182983
128,25,1,0.0,0.3818654716014862,0.323382280960043,123,0.5466135144233704
128,39,0,0.0,0.0,0.11053223613028725,6,0.22259292006492615
128,16,0,0.0,0.0,0.22807019066942089,17,0.4104084074497223
128,36,0,0.0,0.0,0.08882521209307015,5,0.34607717394828796
128,37,0,0.0,0.0,0.07007024541962892,2,0.1382940411567688
128,43,0,0.0,0.0,0.18892700457945466,3,0.3321041762828827
128,2,0,0.0,0.0,0.3363345413020364,54,0.5214826464653015
128,4,0,0.0,0.0,0.23464425355196,5,0.332098126411438
128,28,0,0.0,0.0,0.3002731032096423,26,0.5201427936553955
128,17,0,0.0,0.0,0.16430597752332687,3,0.3250329792499542
128,11,0,0.0,0.0,0.18664873329301676,12,0.3665458858013153
128,14,0,0.0,0.0,0.26407086104154587,4,0.5244344472885132
128,15,0,0.0,0.09807899594306946,0.18902366422116756,4,0.331576406955719
128,38,0,0.0,0.0,0.11052130162715912,1,0.11052130162715912
128,18,0,0.0,0.0,0.16043263270209232,6,0.5106946229934692
128,35,0,0.0,0.0,0.15693993866443634,2,0.23703964054584503
128,30,0,0.0,0.0,0.2488671839237213,1,0.2488671839237213
128,32,0,0.0,0.0,0.05987196043133736,3,0.0881086140871048
128,29,0,0.0,0.0,0.014150664501357824,2,0.02649318426847458
128,31,0,0.0,0.0,0.04804918554145843,2,0.09425964951515198
128,47,0,0.0,0.0,0.06471777707338333,1,0.06471777707338333
128,41,0,0.0,0.0,0.04574463400058448,2,0.0847301185131073
128,42,0,0.0,0.0,0.08471418917179108,1,0.08471418917179108
129,22,0,2.087746663571796,1.0,1.0,156,1.0
129,48,0,0.0,0.0,0.5311201214790344,1,0.5311201214790344
129,49,0,0.0,0.0,0.5303062200546265,1,0.5303062200546265
129,1,0,0.0,0.0,0.5293113589286804,1,0.5293113589286804
129,27,0,0.0,0.0,0.3825093135237694,2,0.5289968848228455
129,21,0,0.962180224248508,0.29708367586135864,0.34670445873215794,125,0.5466527342796326
129,7,0,0.8910002089784977,0.08697686344385147,0.35655350372072236,106,0.7377253770828247
129,13,0,0.946800165046137,0.08780111372470856,0.3540839981339844,134,0.7096469402313232
129,19,0,0.90922942133026,0.08716028928756714,0.34669168367413167,131,0.5466375946998596
129,24,0,0.8833976575940202,0.08765604346990585,0.3374374033797772,109,0.5483644008636475
129,20,0,0.8375137857725486,0.22813521325588226,0.3639321638605533,117,0.5486897826194763
129,9,0,0.6642019854241287,0.22791306674480438,0.350343463547302,132,0.721806526184082
129,10,0,0.0,0.08715308457612991,0.3330513086563688,123,0.5487772226333618
129,23,0,0.0,0.0,0.3629306460521659,49,0.6120709180831909
129,8,0,0.0,0.08702735602855682,0.33358166312738774,93,0.5285553932189941
129,6,0,0.0,0.0,0.3272104997187853,75,0.5486850738525391
129,5,0,0.0,0.22755953669548035,0.34280268562047983,86,0.5719727873802185
129,0,0,0.0,0.0,0.3463856258357947,52,0.5626494288444519
129,12,0,0.0,0.0,0.18281329174836478,12,0.3353216350078583
129,40,0,0.0,0.0009397644898854196,0.2073526491294615,16,0.35363054275512695
129,26,0,0.0,0.0,0.32784326936592134,57,0.5440101623535156
129,3,1,0.0,0.0,0.22631928883492947,9,0.5522598028182983
129,25,1,0.0,0.22842377424240112,0.323382280960043,123,0.5466135144233704
129,39,0,0.0,0.0,0.11053223613028725,6,0.22259292006492615
129,16,0,0.0,0.0,0.22807019066942089,17,0.4104084074497223
129,36,0,0.0,0.0,0.08882521209307015,5,0.34607717394828796
129,37,0,0.0,0.0,0.07007024541962892,2,0.1382940411567688
129,43,0,0.0,0.0,0.18892700457945466,3,0.3321041762828827
129,2,0,0.0,0.0,0.3363345413020364,54,0.5214826464653015
129,4,0,0.0,0.0,0.23464425355196,5,0.332098126411438
129,28,0,0.0,0.0,0.3002731032096423,26,0.5201427936553955
129,17,0,0.0,0.0,0.16430597752332687,3,0.3250329792499542
129,11,0,0.0,0.0,0.18664873329301676,12,0.3665458858013153
129,14,0,0.0,0.0,0.26407086104154587,4,0.5244344472885132
129,15,0,0.0,0.0012629837729036808,0.18902366422116756,4,0.331576406955719
129,38,0,0.0,0.0,0.11052130162715912,1,0.11052130162715912
129,18,0,0.0,0.0,0.16043263270209232,6,0.5106946229934692
129,35,0,0.0,0.0,0.15693993866443634,2,0.23703964054584503
129,30,0,0.0,0.0,0.2488671839237213,1,0.2488671839237213
129,32,0,0.0,0.0013243620051071048,0.05987196043133736,3,0.0881086140871048
129,29,0,0.0,0.0,0.014150664501357824,2,0.02649318426847458
129,31,0,0.0,0.0,0.04804918554145843,2,0.09425964951515198
129,47,0,0.0,0.0,0.06471777707338333,1,0.06471777707338333
129,41,0,0.0,0.0,0.04574463400058448,2,0.0847301185131073
129,42,0,0.0,0.0,0.08471418917179108,1,0.08471418917179108
130,22,0,2.087746663571796,1.0,1.0,156,1.0
130,48,0,0.0,0.0,0.5311201214790344,1,0.5311201214790344
130,49,0,0.0,0.0,0.5303062200546265,1,0.5303062200546265
130,1,0,0.0,0.0,0.5293113589286804,1,0.5293113589286804
130,27,0,0.0,0.0,0.3825093135237694,2,0.5289968848228455
130,21,0,0.962180224248508,0.21751350164413452,0.34670445873215794,125,0.5466527342796326
130,7,0,0.8910002089784977,0.0,0.35655350372072236,106,0.7377253770828247
130,13,1,0.946800165046137,0.3942953646183014,0.3540839981339844,134,0.7096469402313232
130,19,0,0.90922942133026,0.21750742197036743,0.34669168367413167,131,0.5466375946998596
130,24,0,0.8833976575940202,0.0,0.3374374033797772,109,0.5483644008636475
130,20,0,0.8375137857725486,0.0,0.3639321638605533,117,0.5486897826194763
130,9,0,0.6642019854241287,0.21751464903354645,0.350343463547302,132,0.721806526184082
130,10,0,0.0,0.3940185010433197,0.3330513086563688,123,0.5487772226333618
130,23,0,0.0,0.0,0.3629306460521659,49,0.6120709180831909
130,8,0,0.0,0.21749864518642426,0.33358166312738774,93,0.5285553932189941
130,6,0,0.0,0.21750597655773163,0.3272104997187853,75,0.5486850738525391
130,5,0,0.0,0.2174951285123825,0.34280268562047983,86,0.5719727873802185
130,0,0,0.0,0.0,0.3463856258357947,52,0.5626494288444519
130,12,0,0.0,0.0,0.18281329174836478,12,0.3353216350078583
130,40,0,0.0,0.0,0.2073526491294615,16,0.35363054275512695
130,26,0,0.0,0.3940962255001068,0.32784326936592134,57,0.5440101623535156
130,3,0,0.0,0.05900890752673149,0.22631928883492947,9,0.5522598028182983
130,25,1,0.0,0.21793736517429352,0.323382280960043,123,0.5466135144233704
130,39,0,0.0,0.03281865641474724,0.11053223613028725,6,0.22259292006492615
130,16,0,0.0,0.0,0.22807019066942089,17,0.4104084074497223
130,36,0,0.0,0.0,0.08882521209307015,5,0.34607717394828796
130,37,0,0.0,0.03288628160953522,0.07007024541962892,2,0.1382940411567688
130,43,0,0.0,1.0355698577768635e-05,0.18892700457945466,3,0.3321041762828827
130,2,0,0.0,0.39411601424217224,0.3363345413020364,54,0.5214826464653015
130,4,0,0.0,0.111336350440979,0.23464425355196,5,0.332098126411438
130,28,0,0.0,0.03276227414608002,0.3002731032096423,26,0.5201427936553955
130,17,0,0.0,0.0,0.16430597752332687,3,0.3250329792499542
130,11,0,0.0,0.0,0.18664873329301676,12,0.3665458858013153
130,14,0,0.0,0.0,0.26407086104154587,4,0.5244344472885132
130,15,0,0.0,0.0,0.18902366422116756,4,0.331576406955719
130,38,0,0.0,0.0,0.11052130162715912,1,0.11052130162715912
130,18,0,0.0,0.0,0.16043263270209232,6,0.5106946229934692
130,35,0,0.0,0.0,0.15693993866443634,2,0.23703964054584503
130,30,0,0.0,0.0,0.2488671839237213,1,0.2488671839237213
130,32,0,0.0,0.0,0.05987196043133736,3,0.0881086140871048
130,29,0,0.0,0.0,0.014150664501357824,2,0.02649318426847458
130,31,0,0.0,0.0,0.04804918554145843,2,0.09425964951515198
130,47,0,0.0,0.0,0.06471777707338333,1,0.06471777707338333
130,41,0,0.0,0.0,0.04574463400058448,2,0.0847301185131073
130,42,0,0.0,0.0,0.08471418917179108,1,0.08471418917179108
131,22,0,2.087746663571796,1.0,1.0,156,1.0
131,48,0,0.0,0.0,0.5311201214790344,1,0.5311201214790344
131,49,0,0.0,0.0,0.5303062200546265,1,0.5303062200546265
131,1,0,0.0,0.0,0.5293113589286804,1,0.5293113589286804
131,27,0,0.0,0.0,0.3825093135237694,2,0.5289968848228455
131,21,0,0.962180224248508,0.31414663791656494,0.34670445873215794,125,0.5466527342796326
131,7,0,0.8910002089784977,0.18908220529556274,0.35655350372072236,106,0.7377253770828247
131,13,1,0.946800165046137,0.3144647181034088,0.3540839981339844,134,0.7096469402313232
131,19,0,0.90922942133026,0.18914338946342468,0.34669168367413167,131,0.5466375946998596
131,24,0,0.8833976575940202,0.18906866014003754,0.3374374033797772,109,0.5483644008636475
131,20,0,0.8375137857725486,0.314157634973526,0.3639321638605533,117,0.5486897826194763
131,9,0,0.6642019854241287,0.18905898928642273,0.350343463547302,132,0.721806526184082
131,10,0,0.0,0.31405097246170044,0.3330513086563688,123,0.5487772226333618
131,23,0,0.0,0.0,0.3629306460521659,49,0.6120709180831909
131,8,0,0.0,0.1890537142753601,0.33358166312738774,93,0.5285553932189941
131,6,0,0.0,0.0,0.3272104997187853,75,0.5486850738525391
131,5,0,0.0,0.0,0.34280268562047983,86,0.5719727873802185
131,0,0,0.0,0.0,0.3463856258357947,52,0.5626494288444519
131,12,0,0.0,0.12722153961658478,0.18281329174836478,12,0.3353216350078583
131,40,0,0.0,0.0,0.2073526491294615,16,0.35363054275512695
131,26,0,0.0,0.3138958513736725,0.32784326936592134,57,0.5440101623535156
131,3,0,0.0,0.0,0.22631928883492947,9,0.5522598028182983
131,25,1,0.0,0.3146648108959198,0.323382280960043,123,0.5466135144233704
131,39,0,0.0,0.000510037993080914,0.11053223613028725,6,0.22259292006492615
131,16,0,0.0,0.0,0.22807019066942089,17,0.4104084074497223
131,36,0,0.0,0.0,0.08882521209307015,5,0.34607717394828796
131,37,0,0.0,0.0,0.07007024541962892,2,0.1382940411567688
131,43,0,0.0,0.0,0.18892700457945466,3,0.3321041762828827
131,2,0,0.0,0.1890207976102829,0.3363345413020364,54,0.5214826464653015
131,4,0,0.0,0.09853366762399673,0.23464425355196,5,0.332098126411438
131,28,0,0.0,0.0,0.3002731032096423,26,0.5201427936553955
131,17,0,0.0,0.0,0.16430597752332687,3,0.3250329792499542
131,11,0,0.0,0.0,0.18664873329301676,12,0.3665458858013153
131,14,0,0.0,0.0,0.26407086104154587,4,0.5244344472885132
131,15,0,0.0,0.0,0.18902366422116756,4,0.331576406955719
131,38,0,0.0,0.0,0.11052130162715912,1,0.11052130162715912
131,18,0,0.0,0.0,0.16043263270209232,6,0.5106946229934692
131,35,0,0.0,0.0,0.15693993866443634,2,0.23703964054584503
131,30,0,0.0,0.0,0.2488671839237213,1,0.2488671839237213
131,32,0,0.0,0.0,0.05987196043133736,3,0.0881086140871048
131,29,0,0.0,0.0,0.014150664501357824,2,0.02649318426847458
131,31,0,0.0,0.0,0.04804918554145843,2,0.09425964951515198
131,47,0,0.0,0.0,0.06471777707338333,1,0.06471777707338333
131,41,0,0.0,0.0,0.04574463400058448,2,0.0847301185131073
131,42,0,0.0,0.0,0.08471418917179108,1,0.08471418917179108
132,22,0,2.087746663571796,1.0,1.0,156,1.0
132,48,0,0.0,0.0,0.5311201214790344,1,0.5311201214790344
132,49,0,0.0,0.0,0.5303062200546265,1,0.5303062200546265
132,1,0,0.0,0.0,0.5293113589286804,1,0.5293113589286804
132,27,0,0.0,0.0,0.3825093135237694,2,0.5289968848228455
132,21,0,0.962180224248508,0.4238852262496948,0.34670445873215794,125,0.5466527342796326
132,7,0,0.8910002089784977,0.3189855217933655,0.35655350372072236,106,0.7377253770828247
132,13,0,0.946800165046137,0.42389678955078125,0.3540839981339844,134,0.7096469402313232
132,19,0,0.90922942133026,0.4242666959762573,0.34669168367413167,131,0.5466375946998596
132,24,0,0.8833976575940202,0.3189959228038788,0.3374374033797772,109,0.5483644008636475
132,20,0,0.8375137857725486,0.42379820346832275,0.3639321638605533,117,0.5486897826194763
132,9,0,0.6642019854241287,0.31903964281082153,0.350343463547302,132,0.721806526184082
132,10,0,0.0,0.4238857924938202,0.3330513086563688,123,0.5487772226333618
132,23,0,0.0,0.0,0.3629306460521659,49,0.6120709180831909
132,8,0,0.0,0.0,0.33358166312738774,93,0.5285553932189941
132,6,0,0.0,0.0,0.3272104997187853,75,0.5486850738525391
132,5,0,0.0,0.0,0.34280268562047983,86,0.5719727873802185
132,0,0,0.0,0.42380526661872864,0.3463856258357947,52,0.5626494288444519
132,12,0,0.0,0.00017297301383223385,0.18281329174836478,12,0.3353216350078583
132,40,0,0.0,0.0,0.2073526491294615,16,0.35363054275512695
132,26,0,0.0,0.3189699053764343,0.32784326936592134,57,0.5440101623535156
132,3,1,0.0,0.18902818858623505,0.22631928883492947,9,0.5522598028182983
132,25,1,0.0,0.31958872079849243,0.323382280960043,123,0.5466135144233704
132,39,0,0.0,0.0,0.11053223613028725,6,0.22259292006492615
132,16,0,0.0,0.0,0.22807019066942089,17,0.4104084074497223
132,36,0,0.0,0.0,0.08882521209307015,5,0.34607717394828796
132,37,0,0.0,0.0,0.07007024541962892,2,0.1382940411567688
132,43,0,0.0,0.0,0.18892700457945466,3,0.3321041762828827
132,2,0,0.0,0.0,0.3363345413020364,54,0.5214826464653015
132,4,0,0.0,0.0,0.23464425355196,5,0.332098126411438
132,28,0,0.0,0.0,0.3002731032096423,26,0.5201427936553955
132,17,0,0.0,0.15286391973495483,0.16430597752332687,3,0.3250329792499542
132,11,0,0.0,0.15296609699726105,0.18664873329301676,12,0.3665458858013153
132,14,0,0.0,0.0,0.26407086104154587,4,0.5244344472885132
132,15,0,0.0,0.0,0.18902366422116756,4,0.331576406955719
132,38,0,0.0,0.0,0.11052130162715912,1,0.11052130162715912
132,18,0,0.0,0.0,0.16043263270209232,6,0.5106946229934692
132,35,0,0.0,0.0,0.15693993866443634,2,0.23703964054584503
132,30,0,0.0,0.0,0.2488671839237213,1,0.2488671839237213
132,32,0,0.0,0.0,0.05987196043133736,3,0.0881086140871048
132,29,0,0.0,0.0,0.014150664501357824,2,0.02649318426847458
132,31,0,0.0,0.0,0.04804918554145843,2,0.09425964951515198
132,47,0,0.0,0.0,0.06471777707338333,1,0.06471777707338333
132,41,0,0.0,0.0,0.04574463400058448,2,0.0847301185131073
132,42,0,0.0,0.0,0.08471418917179108,1,0.08471418917179108
133,22,1,2.087746663571796,1.0,1.0,156,1.0
133,48,0,0.0,0.0,0.5311201214790344,1,0.5311201214790344
133,49,0,0.0,0.0,0.5303062200546265,1,0.5303062200546265
133,1,0,0.0,0.0,0.5293113589286804,1,0.5293113589286804
133,27,0,0.0,0.0,0.3825093135237694,2,0.5289968848228455
133,21,0,0.962180224248508,0.3686746060848236,0.34670445873215794,125,0.5466527342796326
133,7,0,0.8910002089784977,0.0,0.35655350372072236,106,0.7377253770828247
133,13,1,0.946800165046137,0.5246753692626953,0.3540839981339844,134,0.7096469402313232
133,19,0,0.90922942133026,0.36863231658935547,0.34669168367413167,131,0.5466375946998596
133,24,0,0.8833976575940202,0.5246631503105164,0.3374374033797772,109,0.5483644008636475
133,20,0,0.8375137857725486,0.5247127413749695,0.3639321638605533,117,0.5486897826194763
133,9,0,0.6642019854241287,0.36878517270088196,0.350343463547302,132,0.721806526184082
133,10,0,0.0,0.368588387966156,0.3330513086563688,123,0.5487772226333618
133,23,0,0.0,0.0,0.3629306460521659,49,0.6120709180831909
133,8,0,0.0,0.36855918169021606,0.33358166312738774,93,0.5285553932189941
133,6,0,0.0,0.5247169733047485,0.3272104997187853,75,0.5486850738525391
133,5,0,0.0,0.3684929609298706,0.34280268562047983,86,0.5719727873802185
133,0,0,0.0,0.0,0.3463856258357947,52,0.5626494288444519
133,12,0,0.0,0.0,0.18281329174836478,12,0.3353216350078583
133,40,0,0.0,9.03830659808591e-05,0.2073526491294615,16,0.35363054275512695
133,26,0,0.0,0.3686600625514984,0.32784326936592134,57,0.5440101623535156
133,3,0,0.0,0.0017852650489658117,0.22631928883492947,9,0.5522598028182983
133,25,0,0.0,0.3684864640235901,0.323382280960043,123,0.5466135144233704
133,39,0,0.0,0.0,0.11053223613028725,6,0.22259292006492615
133,16,0,0.0,0.0,0.22807019066942089,17,0.4104084074497223
133,36,0,0.0,0.0,0.08882521209307015,5,0.34607717394828796
133,37,0,0.0,0.00018278400239069015,0.07007024541962892,2,0.1382940411567688
133,43,0,0.0,0.0,0.18892700457945466,3,0.3321041762828827
133,2,0,0.0,0.0,0.3363345413020364,54,0.5214826464653015
133,4,0,0.0,0.0,0.23464425355196,5,0.332098126411438
133,28,0,0.0,0.0,0.3002731032096423,26,0.5201427936553955
133,17,0,0.0,0.0020198444835841656,0.16430597752332687,3,0.3250329792499542
133,11,0,0.0,0.0,0.18664873329301676,12,0.3665458858013153
133,14,0,0.0,0.0,0.26407086104154587,4,0.5244344472885132
133,15,0,0.0,9.723766561364755e-05,0.18902366422116756,4,0.331576406955719
133,38,0,0.0,0.0,0.11052130162715912,1,0.11052130162715912
133,18,0,0.0,0.0,0.16043263270209232,6,0.5106946229934692
133,35,0,0.0,0.0,0.15693993866443634,2,0.23703964054584503
133,30,0,0.0,0.0,0.2488671839237213,1,0.2488671839237213
133,32,0,0.0,0.0,0.05987196043133736,3,0.0881086140871048
133,29,0,0.0,0.0,0.014150664501357824,2,0.02649318426847458
133,31,0,0.0,0.0,0.04804918554145843,2,0.09425964951515198
133,47,0,0.0,0.0,0.06471777707338333,1,0.06471777707338333
133,41,0,0.0,0.0,0.04574463400058448,2,0.0847301185131073
133,42,0,0.0,0.0,0.08471418917179108,1,0.08471418917179108
134,22,1,2.087746663571796,1.0,1.0,156,1.0
134,48,0,0.0,0.0,0.5311201214790344,1,0.5311201214790344
134,49,0,0.0,0.0,0.5303062200546265,1,0.5303062200546265
134,1,0,0.0,0.0,0.5293113589286804,1,0.5293113589286804
134,27,0,0.0,0.0,0.3825093135237694,2,0.5289968848228455
134,21,0,0.962180224248508,0.5248064398765564,0.34670445873215794,125,0.5466527342796326
134,7,0,0.8910002089784977,0.36909019947052,0.35655350372072236,106,0.7377253770828247
134,13,0,0.946800165046137,0.5247870087623596,0.3540839981339844,134,0.7096469402313232
134,19,0,0.90922942133026,0.3691352307796478,0.34669168367413167,131,0.5466375946998596
134,24,0,0.8833976575940202,0.5247207880020142,0.3374374033797772,109,0.5483644008636475
134,20,0,0.8375137857725486,0.5247615575790405,0.3639321638605533,117,0.5486897826194763
134,9,0,0.6642019854241287,0.5247849822044373,0.350343463547302,132,0.721806526184082
134,10,0,0.0,0.5251510739326477,0.3330513086563688,123,0.5487772226333618
134,23,1,0.0,0.0,0.3629306460521659,49,0.6120709180831909
134,8,0,0.0,0.3690943419933319,0.33358166312738774,93,0.5285553932189941
134,6,0,0.0,0.36908861994743347,0.3272104997187853,75,0.5486850738525391
134,5,0,0.0,0.3691445291042328,0.34280268562047983,86,0.5719727873802185
134,0,0,0.0,0.0,0.3463856258357947,52,0.5626494288444519
134,12,0,0.0,0.0,0.18281329174836478,12,0.3353216350078583
134,40,0,0.0,9.865493484539911e-05,0.2073526491294615,16,0.35363054275512695
134,26,0,0.0,0.0,0.32784326936592134,57,0.5440101623535156
134,3,0,0.0,0.0,0.22631928883492947,9,0.5522598028182983
134,25,0,0.0,0.3691152334213257,0.323382280960043,123,0.5466135144233704
134,39,0,0.0,0.0,0.11053223613028725,6,0.22259292006492615
134,16,0,0.0,0.0,0.22807019066942089,17,0.4104084074497223
134,36,0,0.0,0.0003543267957866192,0.08882521209307015,5,0.34607717394828796
134,37,0,0.0,0.002584458328783512,0.07007024541962892,2,0.1382940411567688
134,43,0,0.0,0.0,0.18892700457945466,3,0.3321041762828827
134,2,0,0.0,0.0,0.3363345413020364,54,0.5214826464653015
134,4,0,0.0,0.0,0.23464425355196,5,0.332098126411438
134,28,0,0.0,0.0,0.3002731032096423,26,0.5201427936553955
134,17,0,0.0,0.0,0.16430597752332687,3,0.3250329792499542
134,11,0,0.0,0.0,0.18664873329301676,12,0.3665458858013153
134,14,0,0.0,0.0,0.26407086104154587,4,0.5244344472885132
134,15,0,0.0,0.0,0.18902366422116756,4,0.331576406955719
134,38,0,0.0,0.0,0.11052130162715912,1,0.11052130162715912
134,18,0,0.0,0.0,0.16043263270209232,6,0.5106946229934692
134,35,0,0.0,0.0,0.15693993866443634,2,0.23703964054584503
134,30,0,0.0,0.0,0.2488671839237213,1,0.2488671839237213
134,32,0,0.0,0.0,0.05987196043133736,3,0.0881086140871048
134,29,0,0.0,0.0,0.014150664501357824,2,0.02649318426847458
134,31,0,0.0,0.0,0.04804918554145843,2,0.09425964951515198
134,47,0,0.0,0.0,0.06471777707338333,1,0.06471777707338333
134,41,0,0.0,0.0,0.04574463400058448,2,0.0847301185131073
134,42,0,0.0,0.0,0.08471418917179108,1,0.08471418917179108
135,22,1,2.087746663571796,1.0,1.0,156,1.0
135,48,0,0.0,0.0,0.5311201214790344,1,0.5311201214790344
135,49,0,0.0,0.0,0.5303062200546265,1,0.5303062200546265
135,1,0,0.0,0.0,0.5293113589286804,1,0.5293113589286804
135,27,0,0.0,0.0,0.3825093135237694,2,0.5289968848228455
135,21,0,0.962180224248508,0.0,0.34670445873215794,125,0.5466527342796326
135,7,0,0.8910002089784977,0.5000842809677124,0.35655350372072236,106,0.7377253770828247
135,13,0,0.946800165046137,0.408735990524292,0.3540839981339844,134,0.7096469402313232
135,19,0,0.90922942133026,0.0,0.34669168367413167,131,0.5466375946998596
135,24,1,0.8833976575940202,0.5001997947692871,0.3374374033797772,109,0.5483644008636475
135,20,0,0.8375137857725486,0.4086114168167114,0.3639321638605533,117,0.5486897826194763
135,9,0,0.6642019854241287,0.0,0.350343463547302,132,0.721806526184082
135,10,0,0.0,0.004945206455886364,0.3330513086563688,123,0.5487772226333618
135,23,0,0.0,0.500116229057312,0.3629306460521659,49,0.6120709180831909
135,8,0,0.0,0.0,0.33358166312738774,93,0.5285553932189941
135,6,0,0.0,0.40860915184020996,0.3272104997187853,75,0.5486850738525391
135,5,0,0.0,0.0,0.34280268562047983,86,0.5719727873802185
135,0,0,0.0,0.0,0.3463856258357947,52,0.5626494288444519
135,12,0,0.0,0.0,0.18281329174836478,12,0.3353216350078583
135,40,0,0.0,0.0,0.2073526491294615,16,0.35363054275512695
135,26,0,0.0,0.0,0.32784326936592134,57,0.5440101623535156
135,3,0,0.0,0.0,0.22631928883492947,9,0.5522598028182983
135,25,0,0.0,0.004481530748307705,0.323382280960043,123,0.5466135144233704
135,39,0,0.0,0.007207395043224096,0.11053223613028725,6,0.22259292006492615
135,16,0,0.0,0.00015929412620607764,0.22807019066942089,17,0.4104084074497223
135,36,0,0.0,0.0062891170382499695,0.08882521209307015,5,0.34607717394828796
135,37,0,0.0,0.0,0.07007024541962892,2,0.1382940411567688
135,43,0,0.0,0.0,0.18892700457945466,3,0.3321041762828827
135,2,0,0.0,0.0,0.3363345413020364,54,0.5214826464653015
135,4,0,0.0,0.0,0.23464425355196,5,0.332098126411438
135,28,0,0.0,0.09819140285253525,0.3002731032096423,26,0.5201427936553955
135,17,0,0.0,0.0,0.16430597752332687,3,0.3250329792499542
135,11,0,0.0,0.0,0.18664873329301676,12,0.3665458858013153
135,14,0,0.0,0.0,0.26407086104154587,4,0.5244344472885132
135,15,0,0.0,0.0,0.18902366422116756,4,0.331576406955719
135,38,0,0.0,0.006138759199529886,0.11052130162715912,1,0.11052130162715912
135,18,0,0.0,0.0,0.16043263270209232,6,0.5106946229934692
135,35,0,0.0,0.0,0.15693993866443634,2,0.23703964054584503
135,30,0,0.0,0.0,0.2488671839237213,1,0.2488671839237213
135,32,0,0.0,0.00677281990647316,0.05987196043133736,3,0.0881086140871048
135,29,0,0.0,0.0,0.014150664501357824,2,0.02649318426847458
135,31,0,0.0,0.006193769164383411,0.04804918554145843,2,0.09425964951515198
135,47,0,0.0,0.0,0.06471777707338333,1,0.06471777707338333
135,41,0,0.0,0.0067591494880616665,0.04574463400058448,2,0.0847301185131073
135,42,0,0.0,0.0,0.08471418917179108,1,0.08471418917179108
136,22,1,2.087746663571796,1.0,1.0,156,1.0
136,48,0,0.0,0.0,0.5311201214790344,1,0.5311201214790344
136,49,0,0.0,0.0,0.5303062200546265,1,0.5303062200546265
136,1,0,0.0,0.0,0.5293113589286804,1,0.5293113589286804
136,27,0,0.0,0.0,0.3825093135237694,2,0.5289968848228455
136,21,0,0.962180224248508,0.41045841574668884,0.34670445873215794,125,0.5466527342796326
136,7,0,0.8910002089784977,0.41054776310920715,0.35655350372072236,106,0.7377253770828247
136,13,0,0.946800165046137,0.4101589322090149,0.3540839981339844,134,0.7096469402313232
136,19,0,0.90922942133026,0.30277273058891296,0.34669168367413167,131,0.5466375946998596
136,24,0,0.8833976575940202,0.3029156029224396,0.3374374033797772,109,0.5483644008636475
136,20,1,0.8375137857725486,0.41025927662849426,0.3639321638605533,117,0.5486897826194763
136,9,0,0.6642019854241287,0.0,0.350343463547302,132,0.721806526184082
136,10,0,0.0,0.4102104604244232,0.3330513086563688,123,0.5487772226333618
136,23,0,0.0,0.41036707162857056,0.3629306460521659,49,0.6120709180831909
136,8,0,0.0,0.41021934151649475,0.33358166312738774,93,0.5285553932189941
136,6,0,0.0,0.30285224318504333,0.3272104997187853,75,0.5486850738525391
136,5,0,0.0,0.30282655358314514,0.34280268562047983,86,0.5719727873802185
136,0,0,0.0,0.0,0.3463856258357947,52,0.5626494288444519
136,12,0,0.0,0.029358383268117905,0.18281329174836478,12,0.3353216350078583
136,40,0,0.0,0.0,0.2073526491294615,16,0.35363054275512695
136,26,0,0.0,0.0,0.32784326936592134,57,0.5440101623535156
136,3,0,0.0,0.0,0.22631928883492947,9,0.5522598028182983
136,25,0,0.0,0.0,0.323382280960043,123,0.5466135144233704
136,39,0,0.0,0.0,0.11053223613028725,6,0.22259292006492615
136,16,0,0.0,0.0,0.22807019066942089,17,0.4104084074497223
136,36,0,0.0,0.0,0.08882521209307015,5,0.34607717394828796
136,37,0,0.0,0.0,0.07007024541962892,2,0.1382940411567688
136,43,0,0.0,0.0,0.18892700457945466,3,0.3321041762828827
136,2,0,0.0,0.4103138744831085,0.3363345413020364,54,0.5214826464653015
136,4,0,0.0,0.0,0.23464425355196,5,0.332098126411438
136,28,0,0.0,0.0,0.3002731032096423,26,0.5201427936553955
136,17,0,0.0,0.0,0.16430597752332687,3,0.3250329792499542
136,11,0,0.0,0.0,0.18664873329301676,12,0.3665458858013153
136,14,0,0.0,0.0,0.26407086104154587,4,0.5244344472885132
136,15,0,0.0,0.0,0.18902366422116756,4,0.331576406955719
136,38,0,0.0,0.0,0.11052130162715912,1,0.11052130162715912
136,18,0,0.0,0.0,0.16043263270209232,6,0.5106946229934692
136,35,0,0.0,0.0,0.15693993866443634,2,0.23703964054584503
136,30,0,0.0,0.0,0.2488671839237213,1,0.2488671839237213
136,32,0,0.0,0.0,0.05987196043133736,3,0.0881086140871048
136,29,0,0.0,0.0,0.014150664501357824,2,0.02649318426847458
136,31,0,0.0,0.0,0.04804918554145843,2,0.09425964951515198
136,47,0,0.0,0.0,0.06471777707338333,1,0.06471777707338333
136,41,0,0.0,0.0,0.04574463400058448,2,0.0847301185131073
136,42,0,0.0,0.0,0.08471418917179108,1,0.08471418917179108
137,22,1,2.087746663571796,1.0,1.0,156,1.0
137,48,0,0.0,0.0,0.5311201214790344,1,0.5311201214790344
137,49,0,0.0,0.0,0.5303062200546265,1,0.5303062200546265
137,1,0,0.0,0.0,0.5293113589286804,1,0.5293113589286804
137,27,0,0.0,0.0,0.3825093135237694,2,0.5289968848228455
137,21,0,0.962180224248508,0.11921052634716034,0.34670445873215794,125,0.5466527342796326
137,7,0,0.8910002089784977,0.4332292377948761,0.35655350372072236,106,0.7377253770828247
137,13,0,0.946800165046137,0.006433663424104452,0.3540839981339844,134,0.7096469402313232
137,19,0,0.90922942133026,0.004015505313873291,0.34669168367413167,131,0.5466375946998596
137,24,0,0.8833976575940202,0.3307226300239563,0.3374374033797772,109,0.5483644008636475
137,20,0,0.8375137857725486,0.0030217107851058245,0.3639321638605533,117,0.5486897826194763
137,9,0,0.6642019854241287,0.43315520882606506,0.350343463547302,132,0.721806526184082
137,10,0,0.0,0.4333273768424988,0.3330513086563688,123,0.5487772226333618
137,23,0,0.0,0.43301454186439514,0.3629306460521659,49,0.6120709180831909
137,8,0,0.0,0.33008402585983276,0.33358166312738774,93,0.5285553932189941
137,6,0,0.0,0.32998743653297424,0.3272104997187853,75,0.5486850738525391
137,5,0,0.0,0.0,0.34280268562047983,86,0.5719727873802185
137,0,1,0.0,0.4338437616825104,0.3463856258357947,52,0.5626494288444519
137,12,0,0.0,0.0017690862296149135,0.18281329174836478,12,0.3353216350078583
137,40,0,0.0,0.0,0.2073526491294615,16,0.35363054275512695
137,26,0,0.0,0.0,0.32784326936592134,57,0.5440101623535156
137,3,0,0.0,0.0,0.22631928883492947,9,0.5522598028182983
137,25,0,0.0,0.0,0.323382280960043,123,0.5466135144233704
137,39,0,0.0,0.0,0.11053223613028725,6,0.22259292006492615
137,16,0,0.0,0.0,0.22807019066942089,17,0.4104084074497223
137,36,0,0.0,0.0,0.08882521209307015,5,0.34607717394828796
137,37,0,0.0,0.0,0.07007024541962892,2,0.1382940411567688
137,43,0,0.0,0.0,0.18892700457945466,3,0.3321041762828827
137,2,0,0.0,0.3300533592700958,0.3363345413020364,54,0.5214826464653015
137,4,0,0.0,0.0030705947428941727,0.23464425355196,5,0.332098126411438
137,28,0,0.0,0.0,0.3002731032096423,26,0.5201427936553955
137,17,0,0.0,0.0,0.16430597752332687,3,0.3250329792499542
137,11,0,0.0,0.0,0.18664873329301676,12,0.3665458858013153
137,14,0,0.0,0.0,0.26407086104154587,4,0.5244344472885132
137,15,0,0.0,0.0,0.18902366422116756,4,0.331576406955719
137,38,0,0.0,0.0,0.11052130162715912,1,0.11052130162715912
137,18,0,0.0,0.0,0.16043263270209232,6,0.5106946229934692
137,35,0,0.0,0.0,0.15693993866443634,2,0.23703964054584503
137,30,0,0.0,0.0,0.2488671839237213,1,0.2488671839237213
137,32,0,0.0,0.0,0.05987196043133736,3,0.0881086140871048
137,29,0,0.0,0.0,0.014150664501357824,2,0.02649318426847458
137,31,0,0.0,0.0,0.04804918554145843,2,0.09425964951515198
137,47,0,0.0,0.0,0.06471777707338333,1,0.06471777707338333
137,41,0,0.0,0.0,0.04574463400058448,2,0.0847301185131073
137,42,0,0.0,0.0,0.08471418917179108,1,0.08471418917179108
138,22,1,2.087746663571796,1.0,1.0,156,1.0
138,48,0,0.0,0.0,0.5311201214790344,1,0.5311201214790344
138,49,0,0.0,0.0,0.5303062200546265,1,0.5303062200546265
138,1,0,0.0,0.0,0.5293113589286804,1,0.5293113589286804
138,27,0,0.0,0.0,0.3825093135237694,2,0.5289968848228455
138,21,0,0.962180224248508,0.3256646394729614,0.34670445873215794,125,0.5466527342796326
138,7,0,0.8910002089784977,0.3253835439682007,0.35655350372072236,106,0.7377253770828247
138,13,0,0.946800165046137,0.42973586916923523,0.3540839981339844,134,0.7096469402313232
138,19,0,0.90922942133026,0.4297421872615814,0.34669168367413167,131,0.5466375946998596
138,24,0,0.8833976575940202,0.3261205852031708,0.3374374033797772,109,0.5483644008636475
138,20,0,0.8375137857725486,0.4300963878631592,0.3639321638605533,117,0.5486897826194763
138,9,0,0.6642019854241287,0.3254373073577881,0.350343463547302,132,0.721806526184082
138,10,0,0.0,0.0,0.3330513086563688,123,0.5487772226333618
138,23,1,0.0,0.0,0.3629306460521659,49,0.6120709180831909
138,8,0,0.0,0.0,0.33358166312738774,93,0.5285553932189941
138,6,0,0.0,0.4297778010368347,0.3272104997187853,75,0.5486850738525391
138,5,0,0.0,0.0,0.34280268562047983,86,0.5719727873802185
138,0,0,0.0,0.3263823688030243,0.3463856258357947,52,0.5626494288444519
138,12,0,0.0,0.04286183416843414,0.18281329174836478,12,0.3353216350078583
138,40,0,0.0,0.016368679702281952,0.2073526491294615,16,0.35363054275512695
138,26,0,0.0,0.0,0.32784326936592134,57,0.5440101623535156
138,3,0,0.0,0.01466476172208786,0.22631928883492947,9,0.5522598028182983
138,25,0,0.0,0.32597771286964417,0.323382280960043,123,0.5466135144233704
138,39,0,0.0,0.0,0.11053223613028725,6,0.22259292006492615
138,16,0,0.0,0.0,0.22807019066942089,17,0.4104084074497223
138,36,0,0.0,0.0,0.08882521209307015,5,0.34607717394828796
138,37,0,0.0,0.0,0.07007024541962892,2,0.1382940411567688
138,43,0,0.0,0.0,0.18892700457945466,3,0.3321041762828827
138,2,0,0.0,0.3259423077106476,0.3363345413020364,54,0.5214826464653015
138,4,0,0.0,0.0035365642979741096,0.23464425355196,5,0.332098126411438
138,28,0,0.0,0.0,0.3002731032096423,26,0.5201427936553955
138,17,0,0.0,0.0,0.16430597752332687,3,0.3250329792499542
138,11,0,0.0,0.023136645555496216,0.18664873329301676,12,0.3665458858013153
138,14,0,0.0,0.0,0.26407086104154587,4,0.5244344472885132
138,15,0,0.0,0.0,0.18902366422116756,4,0.331576406955719
138,38,0,0.0,0.0,0.11052130162715912,1,0.11052130162715912
138,18,0,0.0,0.0,0.16043263270209232,6,0.5106946229934692
138,35,0,0.0,0.0,0.15693993866443634,2,0.23703964054584503
138,30,0,0.0,0.0,0.2488671839237213,1,0.2488671839237213
138,32,0,0.0,0.016627203673124313,0.05987196043133736,3,0.0881086140871048
138,29,0,0.0,0.0,0.014150664501357824,2,0.02649318426847458
138,31,0,0.0,0.0,0.04804918554145843,2,0.09425964951515198
138,47,0,0.0,0.0,0.06471777707338333,1,0.06471777707338333
138,41,0,0.0,0.0,0.04574463400058448,2,0.0847301185131073
138,42,0,0.0,0.0,0.08471418917179108,1,0.08471418917179108
139,22,1,2.087746663571796,1.0,1.0,156,1.0
139,48,0,0.0,0.0,0.5311201214790344,1,0.5311201214790344
139,49,0,0.0,0.0,0.5303062200546265,1,0.5303062200546265
139,1,0,0.0,0.0,0.5293113589286804,1,0.5293113589286804
139,27,0,0.0,0.0,0.3825093135237694,2,0.5289968848228455
139,21,0,0.962180224248508,0.2730409801006317,0.34670445873215794,125,0.5466527342796326
139,7,0,0.8910002089784977,0.24740859866142273,0.35655350372072236,106,0.7377253770828247
139,13,0,0.946800165046137,0.11006056517362595,0.3540839981339844,134,0.7096469402313232
139,19,0,0.90922942133026,0.11010169982910156,0.34669168367413167,131,0.5466375946998596
139,24,0,0.8833976575940202,0.11029648780822754,0.3374374033797772,109,0.5483644008636475
139,20,1,0.8375137857725486,0.24754272401332855,0.3639321638605533,117,0.5486897826194763
139,9,0,0.6642019854241287,0.10995453596115112,0.350343463547302,132,0.721806526184082
139,10,0,0.0,0.10995236784219742,0.3330513086563688,123,0.5487772226333618
139,23,0,0.0,0.11019943654537201,0.3629306460521659,49,0.6120709180831909
139,8,0,0.0,0.11003332585096359,0.33358166312738774,93,0.5285553932189941
139,6,0,0.0,0.11005162447690964,0.3272104997187853,75,0.5486850738525391
139,5,0,0.0,0.10960404574871063,0.34280268562047983,86,0.5719727873802185
139,0,0,0.0,0.11034835875034332,0.3463856258357947,52,0.5626494288444519
139,12,0,0.0,0.0,0.18281329174836478,12,0.3353216350078583
139,40,0,0.0,0.0004743727622553706,0.2073526491294615,16,0.35363054275512695
139,26,0,0.0,0.0,0.32784326936592134,57,0.5440101623535156
139,3,0,0.0,0.0,0.22631928883492947,9,0.5522598028182983
139,25,0,0.0,0.2725139260292053,0.323382280960043,123,0.5466135144233704
139,39,0,0.0,0.0,0.11053223613028725,6,0.22259292006492615
139,16,0,0.0,0.0,0.22807019066942089,17,0.4104084074497223
139,36,0,0.0,0.0,0.08882521209307015,5,0.34607717394828796
139,37,0,0.0,0.0,0.07007024541962892,2,0.1382940411567688
139,43,0,0.0,0.0,0.18892700457945466,3,0.3321041762828827
139,2,0,0.0,0.10956217348575592,0.3363345413020364,54,0.5214826464653015
139,4,0,0.0,0.0,0.23464425355196,5,0.332098126411438
139,28,0,0.0,0.0,0.3002731032096423,26,0.5201427936553955
139,17,0,0.0,0.02956485189497471,0.16430597752332687,3,0.3250329792499542
139,11,0,0.0,0.0,0.18664873329301676,12,0.3665458858013153
139,14,0,0.0,0.0,0.26407086104154587,4,0.5244344472885132
139,15,0,0.0,0.0,0.18902366422116756,4,0.331576406955719
139,38,0,0.0,0.0,0.11052130162715912,1,0.11052130162715912
139,18,0,0.0,0.0,0.16043263270209232,6,0.5106946229934692
139,35,0,0.0,0.0,0.15693993866443634,2,0.23703964054584503
139,30,0,0.0,0.0,0.2488671839237213,1,0.2488671839237213
139,32,0,0.0,0.0,0.05987196043133736,3,0.0881086140871048
139,29,0,0.0,0.0,0.014150664501357824,2,0.02649318426847458
139,31,0,0.0,0.0,0.04804918554145843,2,0.09425964951515198
139,47,0,0.0,0.0,0.06471777707338333,1,0.06471777707338333
139,41,0,0.0,0.0,0.04574463400058448,2,0.0847301185131073
139,42,0,0.0,0.0,0.08471418917179108,1,0.08471418917179108
140,22,1,2.087746663571796,1.0,1.0,156,1.0
140,48,0,0.0,0.0,0.5311201214790344,1,0.5311201214790344
140,49,0,0.0,0.0,0.5303062200546265,1,0.5303062200546265
140,1,0,0.0,0.0,0.5293113589286804,1,0.5293113589286804
140,27,0,0.0,0.0,0.3825093135237694,2,0.5289968848228455
140,21,0,0.962180224248508,0.00022820211597718298,0.34670445873215794,125,0.5466527342796326
140,7,0,0.8910002089784977,0.23019103705883026,0.35655350372072236,106,0.7377253770828247
140,13,0,0.946800165046137,0.3491837978363037,0.3540839981339844,134,0.7096469402313232
140,19,1,0.90922942133026,0.23038072884082794,0.34669168367413167,131,0.5466375946998596
140,24,0,0.8833976575940202,0.2308775931596756,0.3374374033797772,109,0.5483644008636475
140,20,0,0.8375137857725486,0.3496982455253601,0.3639321638605533,117,0.5486897826194763
140,9,0,0.6642019854241287,0.23030541837215424,0.350343463547302,132,0.721806526184082
140,10,0,0.0,0.23080846667289734,0.3330513086563688,123,0.5487772226333618
140,23,0,0.0,0.23090410232543945,0.3629306460521659,49,0.6120709180831909
140,8,0,0.0,0.23090529441833496,0.33358166312738774,93,0.5285553932189941
140,6,0,0.0,0.34923914074897766,0.3272104997187853,75,0.5486850738525391
140,5,0,0.0,0.0,0.34280268562047983,86,0.5719727873802185
140,0,0,0.0,0.23017466068267822,0.3463856258357947,52,0.5626494288444519
140,12,0,0.0,0.0,0.18281329174836478,12,0.3353216350078583
140,40,0,0.0,0.0,0.2073526491294615,16,0.35363054275512695
140,26,0,0.0,0.34921929240226746,0.32784326936592134,57,0.5440101623535156
140,3,0,0.0,0.10317662358283997,0.22631928883492947,9,0.5522598028182983
140,25,0,0.0,0.0,0.323382280960043,123,0.5466135144233704
140,39,0,0.0,0.0,0.11053223613028725,6,0.22259292006492615
140,16,0,0.0,0.07983176410198212,0.22807019066942089,17,0.4104084074497223
140,36,0,0.0,0.0,0.08882521209307015,5,0.34607717394828796
140,37,0,0.0,0.0,0.07007024541962892,2,0.1382940411567688
140,43,0,0.0,0.0,0.18892700457945466,3,0.3321041762828827
140,2,0,0.0,0.3493525981903076,0.3363345413020364,54,0.5214826464653015
140,4,0,0.0,0.0,0.23464425355196,5,0.332098126411438
140,28,0,0.0,0.0,0.3002731032096423,26,0.5201427936553955
140,17,0,0.0,0.0,0.16430597752332687,3,0.3250329792499542
140,11,0,0.0,0.0,0.18664873329301676,12,0.3665458858013153
140,14,0,0.0,0.0,0.26407086104154587,4,0.5244344472885132
140,15,0,0.0,0.0,0.18902366422116756,4,0.331576406955719
140,38,0,0.0,0.0,0.11052130162715912,1,0.11052130162715912
140,18,0,0.0,0.0,0.16043263270209232,6,0.5106946229934692
140,35,0,0.0,0.0,0.15693993866443634,2,0.23703964054584503
140,30,0,0.0,0.0,0.2488671839237213,1,0.2488671839237213
140,32,0,0.0,0.0,0.05987196043133736,3,0.0881086140871048
140,29,0,0.0,0.0,0.014150664501357824,2,0.02649318426847458
140,31,0,0.0,0.0,0.04804918554145843,2,0.09425964951515198
140,47,0,0.0,0.0,0.06471777707338333,1,0.06471777707338333
140,41,0,0.0,0.0,0.04574463400058448,2,0.0847301185131073
140,42,0,0.0,0.0,0.08471418917179108,1,0.08471418917179108
141,22,1,2.087746663571796,1.0,1.0,156,1.0
141,48,0,0.0,0.0,0.5311201214790344,1,0.5311201214790344
141,49,0,0.0,0.0,0.5303062200546265,1,0.5303062200546265
141,1,0,0.0,0.0,0.5293113589286804,1,0.5293113589286804
141,27,0,0.0,0.0,0.3825093135237694,2,0.5289968848228455
141,21,0,0.962180224248508,0.3600485622882843,0.34670445873215794,125,0.5466527342796326
141,7,0,0.8910002089784977,0.3599672317504883,0.35655350372072236,106,0.7377253770828247
141,13,1,0.946800165046137,0.5179213285446167,0.3540839981339844,134,0.7096469402313232
141,19,0,0.90922942133026,0.36007750034332275,0.34669168367413167,131,0.5466375946998596
141,24,0,0.8833976575940202,0.5178293585777283,0.3374374033797772,109,0.5483644008636475
141,20,0,0.8375137857725486,0.5179386138916016,0.3639321638605533,117,0.5486897826194763
141,9,0,0.6642019854241287,0.3600166440010071,0.350343463547302,132,0.721806526184082
141,10,0,0.0,0.517918050289154,0.3330513086563688,123,0.5487772226333618
141,23,0,0.0,0.3599344491958618,0.3629306460521659,49,0.6120709180831909
141,8,0,0.0,0.35998478531837463,0.33358166312738774,93,0.5285553932189941
141,6,0,0.0,0.3599816858768463,0.3272104997187853,75,0.5486850738525391
141,5,0,0.0,0.0,0.34280268562047983,86,0.5719727873802185
141,0,0,0.0,0.0,0.3463856258357947,52,0.5626494288444519
141,12,0,0.0,0.0,0.18281329174836478,12,0.3353216350078583
141,40,0,0.0,0.0,0.2073526491294615,16,0.35363054275512695
141,26,0,0.0,0.35996630787849426,0.32784326936592134,57,0.5440101623535156
141,3,0,0.0,0.00010540396760916337,0.22631928883492947,9,0.5522598028182983
141,25,0,0.0,0.3599899709224701,0.323382280960043,123,0.5466135144233704
141,39,0,0.0,0.00407401705160737,0.11053223613028725,6,0.22259292006492615
141,16,0,0.0,0.0,0.22807019066942089,17,0.4104084074497223
141,36,0,0.0,0.0,0.08882521209307015,5,0.34607717394828796
141,37,0,0.0,0.0,0.07007024541962892,2,0.1382940411567688
141,43,0,0.0,0.0,0.18892700457945466,3,0.3321041762828827
141,2,0,0.0,0.3599609136581421,0.3363345413020364,54,0.5214826464653015
141,4,0,0.0,0.0,0.23464425355196,5,0.332098126411438
141,28,0,0.0,0.0,0.3002731032096423,26,0.5201427936553955
141,17,0,0.0,0.0,0.16430597752332687,3,0.3250329792499542
141,11,0,0.0,0.0,0.18664873329301676,12,0.3665458858013153
141,14,0,0.0,0.017389114946126938,0.26407086104154587,4,0.5244344472885132
141,15,0,0.0,0.0,0.18902366422116756,4,0.331576406955719
141,38,0,0.0,0.0,0.11052130162715912,1,0.11052130162715912
141,18,0,0.0,0.0,0.16043263270209232,6,0.5106946229934692
141,35,0,0.0,0.0,0.15693993866443634,2,0.23703964054584503
141,30,0,0.0,0.0,0.2488671839237213,1,0.2488671839237213
141,32,0,0.0,0.0,0.05987196043133736,3,0.0881086140871048
141,29,0,0.0,0.0,0.014150664501357824,2,0.02649318426847458
141,31,0,0.0,0.0,0.04804918554145843,2,0.09425964951515198
141,47,0,0.0,0.0,0.06471777707338333,1,0.06471777707338333
141,41,0,0.0,0.0,0.04574463400058448,2,0.0847301185131073
141,42,0,0.0,0.0,0.08471418917179108,1,0.08471418917179108
142,22,1,2.087746663571796,1.0,1.0,156,1.0
142,48,0,0.0,0.0,0.5311201214790344,1,0.5311201214790344
142,49,0,0.0,0.0,0.5303062200546265,1,0.5303062200546265
142,1,0,0.0,0.0,0.5293113589286804,1,0.5293113589286804
142,27,0,0.0,0.0,0.3825093135237694,2,0.5289968848228455
142,21,0,0.962180224248508,0.36290451884269714,0.34670445873215794,125,0.5466527342796326
142,7,0,0.8910002089784977,0.36282989382743835,0.35655350372072236,106,0.7377253770828247
142,13,1,0.946800165046137,0.3628951609134674,0.3540839981339844,134,0.7096469402313232
142,19,0,0.90922942133026,0.3628723621368408,0.34669168367413167,131,0.5466375946998596
142,24,0,0.8833976575940202,0.3628291189670563,0.3374374033797772,109,0.5483644008636475
142,20,0,0.8375137857725486,0.36284077167510986,0.3639321638605533,117,0.5486897826194763
142,9,0,0.6642019854241287,0.36287033557891846,0.350343463547302,132,0.721806526184082
142,10,0,0.0,0.36291077733039856,0.3330513086563688,123,0.5487772226333618
142,23,0,0.0,0.0,0.3629306460521659,49,0.6120709180831909
142,8,0,0.0,0.0,0.33358166312738774,93,0.5285553932189941
142,6,0,0.0,0.0,0.3272104997187853,75,0.5486850738525391
142,5,0,0.0,0.0,0.34280268562047983,86,0.5719727873802185
142,0,0,0.0,0.0,0.3463856258357947,52,0.5626494288444519
142,12,0,0.0,0.0,0.18281329174836478,12,0.3353216350078583
142,40,0,0.0,4.459825868252665e-05,0.2073526491294615,16,0.35363054275512695
142,26,0,0.0,0.0,0.32784326936592134,57,0.5440101623535156
142,3,0,0.0,0.0,0.22631928883492947,9,0.5522598028182983
142,25,0,0.0,0.36284139752388,0.323382280960043,123,0.5466135144233704
142,39,0,0.0,0.0,0.11053223613028725,6,0.22259292006492615
142,16,0,0.0,0.0,0.22807019066942089,17,0.4104084074497223
142,36,0,0.0,3.314537480036961e-06,0.08882521209307015,5,0.34607717394828796
142,37,0,0.0,0.0,0.07007024541962892,2,0.1382940411567688
142,43,0,0.0,0.0,0.18892700457945466,3,0.3321041762828827
142,2,0,0.0,0.5205286145210266,0.3363345413020364,54,0.5214826464653015
142,4,0,0.0,0.0,0.23464425355196,5,0.332098126411438
142,28,0,0.0,0.5201427936553955,0.3002731032096423,26,0.5201427936553955
142,17,0,0.0,0.0,0.16430597752332687,3,0.3250329792499542
142,11,0,0.0,0.0,0.18664873329301676,12,0.3665458858013153
142,14,0,0.0,0.00459520798176527,0.26407086104154587,4,0.5244344472885132
142,15,0,0.0,0.0,0.18902366422116756,4,0.331576406955719
142,38,0,0.0,0.0,0.11052130162715912,1,0.11052130162715912
142,18,0,0.0,0.0,0.16043263270209232,6,0.5106946229934692
142,35,0,0.0,3.134661164949648e-05,0.15693993866443634,2,0.23703964054584503
142,30,0,0.0,2.850697455869522e-05,0.2488671839237213,1,0.2488671839237213
142,32,0,0.0,0.0,0.05987196043133736,3,0.0881086140871048
142,29,0,0.0,0.0,0.014150664501357824,2,0.02649318426847458
142,31,0,0.0,0.0,0.04804918554145843,2,0.09425964951515198
142,47,0,0.0,0.0,0.06471777707338333,1,0.06471777707338333
142,41,0,0.0,4.2152201785938814e-05,0.04574463400058448,2,0.0847301185131073
142,42,0,0.0,0.0,0.08471418917179108,1,0.08471418917179108
143,22,1,2.087746663571796,1.0,1.0,156,1.0
143,48,0,0.0,0.0,0.5311201214790344,1,0.5311201214790344
143,49,0,0.0,0.0,0.5303062200546265,1,0.5303062200546265
143,1,0,0.0,0.0,0.5293113589286804,1,0.5293113589286804
143,27,0,0.0,0.0,0.3825093135237694,2,0.5289968848228455
143,21,0,0.962180224248508,0.5187134742736816,0.34670445873215794,125,0.5466527342796326
143,7,0,0.8910002089784977,0.3609112799167633,0.35655350372072236,106,0.7377253770828247
143,13,0,0.946800165046137,0.3609154224395752,0.3540839981339844,134,0.7096469402313232
143,19,0,0.90922942133026,0.36096152663230896,0.34669168367413167,131,0.5466375946998596
143,24,1,0.8833976575940202,0.36093369126319885,0.3374374033797772,109,0.5483644008636475
143,20,0,0.8375137857725486,0.3609265983104706,0.3639321638605533,117,0.5486897826194763
143,9,0,0.6642019854241287,0.36096325516700745,0.350343463547302,132,0.721806526184082
143,10,0,0.0,0.36102551221847534,0.3330513086563688,123,0.5487772226333618
143,23,0,0.0,0.0,0.3629306460521659,49,0.6120709180831909
143,8,0,0.0,0.0,0.33358166312738774,93,0.5285553932189941
143,6,0,0.0,0.0,0.3272104997187853,75,0.5486850738525391
143,5,0,0.0,0.5190168023109436,0.34280268562047983,86,0.5719727873802185
143,0,0,0.0,0.0,0.3463856258357947,52,0.5626494288444519
143,12,0,0.0,0.0,0.18281329174836478,12,0.3353216350078583
143,40,0,0.0,0.0,0.2073526491294615,16,0.35363054275512695
143,26,0,0.0,0.3609883785247803,0.32784326936592134,57,0.5440101623535156
143,3,0,0.0,0.0,0.22631928883492947,9,0.5522598028182983
143,25,0,0.0,0.3609282970428467,0.323382280960043,123,0.5466135144233704
143,39,0,0.0,0.031656865030527115,0.11053223613028725,6,0.22259292006492615
143,16,0,0.0,0.0,0.22807019066942089,17,0.4104084074497223
143,36,0,0.0,0.03959645703434944,0.08882521209307015,5,0.34607717394828796
143,37,0,0.0,0.0,0.07007024541962892,2,0.1382940411567688
143,43,0,0.0,0.0,0.18892700457945466,3,0.3321041762828827
143,2,0,0.0,0.3608728051185608,0.3363345413020364,54,0.5214826464653015
143,4,0,0.0,0.028937015682458878,0.23464425355196,5,0.332098126411438
143,28,0,0.0,0.039879024028778076,0.3002731032096423,26,0.5201427936553955
143,17,0,0.0,0.0,0.16430597752332687,3,0.3250329792499542
143,11,0,0.0,0.0,0.18664873329301676,12,0.3665458858013153
143,14,0,0.0,0.0,0.26407086104154587,4,0.5244344472885132
143,15,0,0.0,0.0,0.18902366422116756,4,0.331576406955719
143,38,0,0.0,0.0,0.11052130162715912,1,0.11052130162715912
143,18,0,0.0,0.0,0.16043263270209232,6,0.5106946229934692
143,35,0,0.0,0.0,0.15693993866443634,2,0.23703964054584503
143,30,0,0.0,0.0,0.2488671839237213,1,0.2488671839237213
143,32,0,0.0,0.0,0.05987196043133736,3,0.0881086140871048
143,29,0,0.0,0.03918081894516945,0.014150664501357824,2,0.02649318426847458
143,31,0,0.0,0.0,0.04804918554145843,2,0.09425964951515198
143,47,0,0.0,0.0,0.06471777707338333,1,0.06471777707338333
143,41,0,0.0,3.0730825528735295e-05,0.04574463400058448,2,0.0847301185131073
143,42,0,0.0,0.0,0.08471418917179108,1,0.08471418917179108
144,22,1,2.087746663571796,1.0,1.0,156,1.0
144,48,0,0.0,0.0,0.5311201214790344,1,0.5311201214790344
144,49,0,0.0,0.0,0.5303062200546265,1,0.5303062200546265
144,1,0,0.0,0.0,0.5293113589286804,1,0.5293113589286804
144,27,0,0.0,0.0,0.3825093135237694,2,0.5289968848228455
144,21,0,0.962180224248508,0.5293757915496826,0.34670445873215794,125,0.5466527342796326
144,7,0,0.8910002089784977,0.0,0.35655350372072236,106,0.7377253770828247
144,13,0,0.946800165046137,0.37538737058639526,0.3540839981339844,134,0.7096469402313232
144,19,0,0.90922942133026,0.37534040212631226,0.34669168367413167,131,0.5466375946998596
144,24,1,0.8833976575940202,0.3753126263618469,0.3374374033797772,109,0.5483644008636475
144,20,0,0.8375137857725486,0.37530946731567383,0.3639321638605533,117,0.5486897826194763
144,9,0,0.6642019854241287,0.37534090876579285,0.350343463547302,132,0.721806526184082
144,10,0,0.0,0.3753954768180847,0.3330513086563688,123,0.5487772226333618
144,23,0,0.0,0.0,0.3629306460521659,49,0.6120709180831909
144,8,0,0.0,0.0,0.33358166312738774,93,0.5285553932189941
144,6,0,0.0,0.0,0.3272104997187853,75,0.5486850738525391
144,5,0,0.0,0.5294398069381714,0.34280268562047983,86,0.5719727873802185
144,0,0,0.0,0.375315397977829,0.3463856258357947,52,0.5626494288444519
144,12,0,0.0,0.0,0.18281329174836478,12,0.3353216350078583
144,40,0,0.0,0.00017881469102576375,0.2073526491294615,16,0.35363054275512695
144,26,0,0.0,0.5293797850608826,0.32784326936592134,57,0.5440101623535156
144,3,0,0.0,0.0,0.22631928883492947,9,0.5522598028182983
144,25,0,0.0,0.529538094997406,0.323382280960043,123,0.5466135144233704
144,39,0,0.0,0.009590265341103077,0.11053223613028725,6,0.22259292006492615
144,16,0,0.0,0.0,0.22807019066942089,17,0.4104084074497223
144,36,0,0.0,0.009495825506746769,0.08882521209307015,5,0.34607717394828796
144,37,0,0.0,0.0,0.07007024541962892,2,0.1382940411567688
144,43,0,0.0,0.0,0.18892700457945466,3,0.3321041762828827
144,2,0,0.0,0.0,0.3363345413020364,54,0.5214826464653015
144,4,0,0.0,0.008789580315351486,0.23464425355196,5,0.332098126411438
144,28,0,0.0,0.009507482871413231,0.3002731032096423,26,0.5201427936553955
144,17,0,0.0,0.0,0.16430597752332687,3,0.3250329792499542
144,11,0,0.0,0.0,0.18664873329301676,12,0.3665458858013153
144,14,0,0.0,0.0,0.26407086104154587,4,0.5244344472885132
144,15,0,0.0,0.0,0.18902366422116756,4,0.331576406955719
144,38,0,0.0,0.0,0.11052130162715912,1,0.11052130162715912
144,18,0,0.0,0.0,0.16043263270209232,6,0.5106946229934692
144,35,0,0.0,0.0,0.15693993866443634,2,0.23703964054584503
144,30,0,0.0,0.0,0.2488671839237213,1,0.2488671839237213
144,32,0,0.0,0.0,0.05987196043133736,3,0.0881086140871048
144,29,0,0.0,0.009470738470554352,0.014150664501357824,2,0.02649318426847458
144,31,0,0.0,0.0,0.04804918554145843,2,0.09425964951515198
144,47,0,0.0,0.0,0.06471777707338333,1,0.06471777707338333
144,41,0,0.0,0.0,0.04574463400058448,2,0.0847301185131073
144,42,0,0.0,0.0,0.08471418917179108,1,0.08471418917179108
145,22,1,2.087746663571796,1.0,1.0,156,1.0
145,48,0,0.0,0.0,0.5311201214790344,1,0.5311201214790344
145,49,0,0.0,0.0,0.5303062200546265,1,0.5303062200546265
145,1,0,0.0,0.0,0.5293113589286804,1,0.5293113589286804
145,27,0,0.0,0.0,0.3825093135237694,2,0.5289968848228455
145,21,0,0.962180224248508,0.3306330144405365,0.34670445873215794,125,0.5466527342796326
145,7,0,0.8910002089784977,0.33010631799697876,0.35655350372072236,106,0.7377253770828247
145,13,0,0.946800165046137,0.0,0.3540839981339844,134,0.7096469402313232
145,19,0,0.90922942133026,0.3301987946033478,0.34669168367413167,131,0.5466375946998596
145,24,0,0.8833976575940202,0.33056747913360596,0.3374374033797772,109,0.5483644008636475
145,20,0,0.8375137857725486,0.3305823802947998,0.3639321638605533,117,0.5486897826194763
145,9,0,0.6642019854241287,0.33017829060554504,0.350343463547302,132,0.721806526184082
145,10,0,0.0,0.4958692789077759,0.3330513086563688,123,0.5487772226333618
145,23,1,0.0,0.4958312511444092,0.3629306460521659,49,0.6120709180831909
145,8,0,0.0,0.3301088511943817,0.33358166312738774,93,0.5285553932189941
145,6,0,0.0,0.0,0.3272104997187853,75,0.5486850738525391
145,5,0,0.0,0.0,0.34280268562047983,86,0.5719727873802185
145,0,0,0.0,0.3305594325065613,0.3463856258357947,52,0.5626494288444519
145,12,0,0.0,4.843465285375714e-05,0.18281329174836478,12,0.3353216350078583
145,40,0,0.0,0.009824820794165134,0.2073526491294615,16,0.35363054275512695
145,26,0,0.0,0.0,0.32784326936592134,57,0.5440101623535156
145,3,0,0.0,0.0,0.22631928883492947,9,0.5522598028182983
145,25,0,0.0,0.33018261194229126,0.323382280960043,123,0.5466135144233704
145,39,0,0.0,0.0,0.11053223613028725,6,0.22259292006492615
145,16,0,0.0,0.009777897037565708,0.22807019066942089,17,0.4104084074497223
145,36,0,0.0,2.3506057914346457e-05,0.08882521209307015,5,0.34607717394828796
145,37,0,0.0,0.0,0.07007024541962892,2,0.1382940411567688
145,43,0,0.0,0.0,0.18892700457945466,3,0.3321041762828827
145,2,0,0.0,0.0,0.3363345413020364,54,0.5214826464653015
145,4,0,0.0,6.2851518123352434e-06,0.23464425355196,5,0.332098126411438
145,28,0,0.0,0.0,0.3002731032096423,26,0.5201427936553955
145,17,0,0.0,0.0,0.16430597752332687,3,0.3250329792499542
145,11,0,0.0,3.1494149880018085e-05,0.18664873329301676,12,0.3665458858013153
145,14,0,0.0,0.009684653021395206,0.26407086104154587,4,0.5244344472885132
145,15,0,0.0,0.0,0.18902366422116756,4,0.331576406955719
145,38,0,0.0,0.0,0.11052130162715912,1,0.11052130162715912
145,18,0,0.0,0.0,0.16043263270209232,6,0.5106946229934692
145,35,0,0.0,0.0,0.15693993866443634,2,0.23703964054584503
145,30,0,0.0,0.0,0.2488671839237213,1,0.2488671839237213
145,32,0,0.0,0.0,0.05987196043133736,3,0.0881086140871048
145,29,0,0.0,0.0,0.014150664501357824,2,0.02649318426847458
145,31,0,0.0,0.0,0.04804918554145843,2,0.09425964951515198
145,47,0,0.0,0.0,0.06471777707338333,1,0.06471777707338333
145,41,0,0.0,0.0,0.04574463400058448,2,0.0847301185131073
145,42,0,0.0,1.5251238210112206e-06,0.08471418917179108,1,0.08471418917179108
146,22,1,2.087746663571796,1.0,1.0,156,1.0
146,48,0,0.0,0.0,0.5311201214790344,1,0.5311201214790344
146,49,0,0.0,0.0,0.5303062200546265,1,0.5303062200546265
146,1,0,0.0,0.0,0.5293113589286804,1,0.5293113589286804
146,27,0,0.0,0.0,0.3825093135237694,2,0.5289968848228455
146,21,0,0.962180224248508,0.0,0.34670445873215794,125,0.5466527342796326
146,7,0,0.8910002089784977,0.0,0.35655350372072236,106,0.7377253770828247
146,13,0,0.946800165046137,0.40475839376449585,0.3540839981339844,134,0.7096469402313232
146,19,0,0.90922942133026,0.405071496963501,0.34669168367413167,131,0.5466375946998596
146,24,0,0.8833976575940202,0.4970792829990387,0.3374374033797772,109,0.5483644008636475
146,20,0,0.8375137857725486,0.4968339204788208,0.3639321638605533,117,0.5486897826194763
146,9,1,0.6642019854241287,0.49668025970458984,0.350343463547302,132,0.721806526184082
146,10,0,0.0,0.40472209453582764,0.3330513086563688,123,0.5487772226333618
146,23,0,0.0,0.4968591332435608,0.3629306460521659,49,0.6120709180831909
146,8,0,0.0,0.49702635407447815,0.33358166312738774,93,0.5285553932189941
146,6,0,0.0,0.404755175113678,0.3272104997187853,75,0.5486850738525391
146,5,0,0.0,0.0,0.34280268562047983,86,0.5719727873802185
146,0,0,0.0,0.40471234917640686,0.3463856258357947,52,0.5626494288444519
146,12,0,0.0,0.0013676623348146677,0.18281329174836478,12,0.3353216350078583
146,40,0,0.0,0.0,0.2073526491294615,16,0.35363054275512695
146,26,0,0.0,0.0,0.32784326936592134,57,0.5440101623535156
146,3,0,0.0,0.0,0.22631928883492947,9,0.5522598028182983
146,25,0,0.0,0.4048902988433838,0.323382280960043,123,0.5466135144233704
146,39,0,0.0,0.0,0.11053223613028725,6,0.22259292006492615
146,16,0,0.0,0.0009720745729282498,0.22807019066942089,17,0.4104084074497223
146,36,0,0.0,0.0,0.08882521209307015,5,0.34607717394828796
146,37,0,0.0,0.0,0.07007024541962892,2,0.1382940411567688
146,43,0,0.0,0.0,0.18892700457945466,3,0.3321041762828827
146,2,0,0.0,0.0,0.3363345413020364,54,0.5214826464653015
146,4,0,0.0,0.0,0.23464425355196,5,0.332098126411438
146,28,0,0.0,0.0,0.3002731032096423,26,0.5201427936553955
146,17,0,0.0,0.0,0.16430597752332687,3,0.3250329792499542
146,11,0,0.0,0.0,0.18664873329301676,12,0.3665458858013153
146,14,0,0.0,0.0016764842439442873,0.26407086104154587,4,0.5244344472885132
146,15,0,0.0,0.0,0.18902366422116756,4,0.331576406955719
146,38,0,0.0,0.0,0.11052130162715912,1,0.11052130162715912
146,18,0,0.0,0.00042949902126565576,0.16043263270209232,6,0.5106946229934692
146,35,0,0.0,0.0,0.15693993866443634,2,0.23703964054584503
146,30,0,0.0,0.0,0.2488671839237213,1,0.2488671839237213
146,32,0,0.0,0.0,0.05987196043133736,3,0.0881086140871048
146,29,0,0.0,0.0,0.014150664501357824,2,0.02649318426847458
146,31,0,0.0,1.043939573719399e-05,0.04804918554145843,2,0.09425964951515198
146,47,0,0.0,0.0,0.06471777707338333,1,0.06471777707338333
146,41,0,0.0,0.0,0.04574463400058448,2,0.0847301185131073
146,42,0,0.0,0.0,0.08471418917179108,1,0.08471418917179108
147,22,1,2.087746663571796,1.0,1.0,156,1.0
147,48,0,0.0,0.0,0.5311201214790344,1,0.5311201214790344
147,49,0,0.0,0.0,0.5303062200546265,1,0.5303062200546265
147,1,0,0.0,0.0,0.5293113589286804,1,0.5293113589286804
147,27,0,0.0,0.0,0.3825093135237694,2,0.5289968848228455
147,21,0,0.962180224248508,0.4090861976146698,0.34670445873215794,125,0.5466527342796326
147,7,0,0.8910002089784977,0.4090864658355713,0.35655350372072236,106,0.7377253770828247
147,13,0,0.946800165046137,0.49999696016311646,0.3540839981339844,134,0.7096469402313232
147,19,0,0.90922942133026,0.0,0.34669168367413167,131,0.5466375946998596
147,24,0,0.8833976575940202,0.49999821186065674,0.3374374033797772,109,0.5483644008636475
147,20,0,0.8375137857725486,0.409087598323822,0.3639321638605533,117,0.5486897826194763
147,9,1,0.6642019854241287,0.0,0.350343463547302,132,0.721806526184082
147,10,0,0.0,0.499998539686203,0.3330513086563688,123,0.5487772226333618
147,23,0,0.0,0.49999722838401794,0.3629306460521659,49,0.6120709180831909
147,8,0,0.0,0.49999773502349854,0.33358166312738774,93,0.5285553932189941
147,6,0,0.0,0.4999983608722687,0.3272104997187853,75,0.5486850738525391
147,5,0,0.0,0.49999892711639404,0.34280268562047983,86,0.5719727873802185
147,0,0,0.0,0.0,0.3463856258357947,52,0.5626494288444519
147,12,0,0.0,0.0,0.18281329174836478,12,0.3353216350078583
147,40,0,0.0,0.0,0.2073526491294615,16,0.35363054275512695
147,26,0,0.0,0.0,0.32784326936592134,57,0.5440101623535156
147,3,0,0.0,0.0,0.22631928883492947,9,0.5522598028182983
147,25,0,0.0,0.0,0.323382280960043,123,0.5466135144233704
147,39,0,0.0,0.0,0.11053223613028725,6,0.22259292006492615
147,16,0,0.0,0.0,0.22807019066942089,17,0.4104084074497223
147,36,0,0.0,0.0,0.08882521209307015,5,0.34607717394828796
147,37,0,0.0,0.0,0.07007024541962892,2,0.1382940411567688
147,43,0,0.0,0.0,0.18892700457945466,3,0.3321041762828827
147,2,0,0.0,0.499998539686203,0.3363345413020364,54,0.5214826464653015
147,4,0,0.0,2.9847353744116845e-06,0.23464425355196,5,0.332098126411438
147,28,0,0.0,0.40908628702163696,0.3002731032096423,26,0.5201427936553955
147,17,0,0.0,0.0,0.16430597752332687,3,0.3250329792499542
147,11,0,0.0,0.0,0.18664873329301676,12,0.3665458858013153
147,14,0,0.0,0.0,0.26407086104154587,4,0.5244344472885132
147,15,0,0.0,0.0,0.18902366422116756,4,0.331576406955719
147,38,0,0.0,0.0,0.11052130162715912,1,0.11052130162715912
147,18,0,0.0,0.0,0.16043263270209232,6,0.5106946229934692
147,35,0,0.0,0.0,0.15693993866443634,2,0.23703964054584503
147,30,0,0.0,0.0,0.2488671839237213,1,0.2488671839237213
147,32,0,0.0,0.0,0.05987196043133736,3,0.0881086140871048
147,29,0,0.0,0.0,0.014150664501357824,2,0.02649318426847458
147,31,0,0.0,0.0,0.04804918554145843,2,0.09425964951515198
147,47,0,0.0,0.0,0.06471777707338333,1,0.06471777707338333
147,41,0,0.0,0.0,0.04574463400058448,2,0.0847301185131073
147,42,0,0.0,0.0,0.08471418917179108,1,0.08471418917179108
148,22,1,2.087746663571796,1.0,1.0,156,1.0
148,48,0,0.0,0.0,0.5311201214790344,1,0.5311201214790344
148,49,0,0.0,0.0,0.5303062200546265,1,0.5303062200546265
148,1,0,0.0,0.0,0.5293113589286804,1,0.5293113589286804
148,27,0,0.0,0.0,0.3825093135237694,2,0.5289968848228455
148,21,0,0.962180224248508,0.4089563488960266,0.34670445873215794,125,0.5466527342796326
148,7,0,0.8910002089784977,0.0,0.35655350372072236,106,0.7377253770828247
148,13,0,0.946800165046137,0.5002911686897278,0.3540839981339844,134,0.7096469402313232
148,19,0,0.90922942133026,0.40892648696899414,0.34669168367413167,131,0.5466375946998596
148,24,0,0.8833976575940202,0.5003805160522461,0.3374374033797772,109,0.5483644008636475
148,20,1,0.8375137857725486,0.0,0.3639321638605533,117,0.5486897826194763
148,9,0,0.6642019854241287,0.5002976655960083,0.350343463547302,132,0.721806526184082
148,10,0,0.0,0.4090045988559723,0.3330513086563688,123,0.5487772226333618
148,23,0,0.0,0.5004113912582397,0.3629306460521659,49,0.6120709180831909
148,8,0,0.0,0.0,0.33358166312738774,93,0.5285553932189941
148,6,0,0.0,0.5003479719161987,0.3272104997187853,75,0.5486850738525391
148,5,0,0.0,0.5003746747970581,0.34280268562047983,86,0.5719727873802185
148,0,0,0.0,0.0,0.3463856258357947,52,0.5626494288444519
148,12,0,0.0,0.0,0.18281329174836478,12,0.3353216350078583
148,40,0,0.0,0.0,0.2073526491294615,16,0.35363054275512695
148,26,0,0.0,0.5003429055213928,0.32784326936592134,57,0.5440101623535156
148,3,0,0.0,0.0,0.22631928883492947,9,0.5522598028182983
148,25,0,0.0,0.40888017416000366,0.323382280960043,123,0.5466135144233704
148,39,0,0.0,0.0,0.11053223613028725,6,0.22259292006492615
148,16,0,0.0,0.00016944277740549296,0.22807019066942089,17,0.4104084074497223
148,36,0,0.0,0.0,0.08882521209307015,5,0.34607717394828796
148,37,0,0.0,0.0,0.07007024541962892,2,0.1382940411567688
148,43,0,0.0,0.0,0.18892700457945466,3,0.3321041762828827
148,2,0,0.0,0.0,0.3363345413020364,54,0.5214826464653015
148,4,0,0.0,0.0,0.23464425355196,5,0.332098126411438
148,28,0,0.0,0.0,0.3002731032096423,26,0.5201427936553955
148,17,0,0.0,0.0,0.16430597752332687,3,0.3250329792499542
148,11,0,0.0,0.0,0.18664873329301676,12,0.3665458858013153
148,14,0,0.0,0.0,0.26407086104154587,4,0.5244344472885132
148,15,0,0.0,2.1464864403242245e-05,0.18902366422116756,4,0.331576406955719
148,38,0,0.0,0.0,0.11052130162715912,1,0.11052130162715912
148,18,0,0.0,0.00014328704855870456,0.16043263270209232,6,0.5106946229934692
148,35,0,0.0,0.0,0.15693993866443634,2,0.23703964054584503
148,30,0,0.0,0.0,0.2488671839237213,1,0.2488671839237213
148,32,0,0.0,0.0,0.05987196043133736,3,0.0881086140871048
148,29,0,0.0,0.0,0.014150664501357824,2,0.02649318426847458
148,31,0,0.0,0.0,0.04804918554145843,2,0.09425964951515198
148,47,0,0.0,0.0,0.06471777707338333,1,0.06471777707338333
148,41,0,0.0,0.0,0.04574463400058448,2,0.0847301185131073
148,42,0,0.0,0.0,0.08471418917179108,1,0.08471418917179108
149,22,1,2.087746663571796,1.0,1.0,156,1.0
149,48,0,0.0,0.0,0.5311201214790344,1,0.5311201214790344
149,49,0,0.0,0.0,0.5303062200546265,1,0.5303062200546265
149,1,0,0.0,0.0,0.5293113589286804,1,0.5293113589286804
149,27,0,0.0,0.0,0.3825093135237694,2,0.5289968848228455
149,21,0,0.962180224248508,0.3346622884273529,0.34670445873215794,125,0.5466527342796326
149,7,0,0.8910002089784977,0.0,0.35655350372072236,106,0.7377253770828247
149,13,0,0.946800165046137,0.43709295988082886,0.3540839981339844,134,0.7096469402313232
149,19,0,0.90922942133026,0.33482229709625244,0.34669168367413167,131,0.5466375946998596
149,24,0,0.8833976575940202,0.3351297080516815,0.3374374033797772,109,0.5483644008636475
149,20,0,0.8375137857725486,0.0,0.3639321638605533,117,0.5486897826194763
149,9,0,0.6642019854241287,0.43712282180786133,0.350343463547302,132,0.721806526184082
149,10,0,0.0,0.4374481439590454,0.3330513086563688,123,0.5487772226333618
149,23,0,0.0,0.3344937562942505,0.3629306460521659,49,0.6120709180831909
149,8,0,0.0,0.33482280373573303,0.33358166312738774,93,0.5285553932189941
149,6,0,0.0,0.3345119059085846,0.3272104997187853,75,0.5486850738525391
149,5,0,0.0,0.4374314844608307,0.34280268562047983,86,0.5719727873802185
149,0,1,0.0,0.4376164972782135,0.3463856258357947,52,0.5626494288444519
149,12,0,0.0,0.0,0.18281329174836478,12,0.3353216350078583
149,40,0,0.0,0.0,0.2073526491294615,16,0.35363054275512695
149,26,0,0.0,0.33463332056999207,0.32784326936592134,57,0.5440101623535156
149,3,0,0.0,0.0,0.22631928883492947,9,0.5522598028182983
149,25,0,0.0,0.3347328305244446,0.323382280960043,123,0.5466135144233704
149,39,0,0.0,0.0,0.11053223613028725,6,0.22259292006492615
149,16,0,0.0,0.010786582715809345,0.22807019066942089,17,0.4104084074497223
149,36,0,0.0,0.0,0.08882521209307015,5,0.34607717394828796
149,37,0,0.0,0.0,0.07007024541962892,2,0.1382940411567688
149,43,0,0.0,0.0,0.18892700457945466,3,0.3321041762828827
149,2,0,0.0,0.33502745628356934,0.3363345413020364,54,0.5214826464653015
149,4,0,0.0,0.0,0.23464425355196,5,0.332098126411438
149,28,0,0.0,0.0,0.3002731032096423,26,0.5201427936553955
149,17,0,0.0,0.0,0.16430597752332687,3,0.3250329792499542
149,11,0,0.0,0.0,0.18664873329301676,12,0.3665458858013153
149,14,0,0.0,0.0,0.26407086104154587,4,0.5244344472885132
149,15,0,0.0,0.04833342880010605,0.18902366422116756,4,0.331576406955719
149,38,0,0.0,0.0,0.11052130162715912,1,0.11052130162715912
149,18,0,0.0,0.0,0.16043263270209232,6,0.5106946229934692
149,35,0,0.0,0.0,0.15693993866443634,2,0.23703964054584503
149,30,0,0.0,0.0,0.2488671839237213,1,0.2488671839237213
149,32,0,0.0,0.0,0.05987196043133736,3,0.0881086140871048
149,29,0,0.0,0.0,0.014150664501357824,2,0.02649318426847458
149,31,0,0.0,0.0,0.04804918554145843,2,0.09425964951515198
149,47,0,0.0,0.0,0.06471777707338333,1,0.06471777707338333
149,41,0,0.0,0.0,0.04574463400058448,2,0.0847301185131073
149,42,0,0.0,0.0,0.08471418917179108,1,0.08471418917179108
150,22,1,2.087746663571796,1.0,1.0,156,1.0
150,48,0,0.0,0.0,0.5311201214790344,1,0.5311201214790344
150,49,0,0.0,0.0,0.5303062200546265,1,0.5303062200546265
150,1,0,0.0,0.0,0.5293113589286804,1,0.5293113589286804
150,27,0,0.0,0.0,0.3825093135237694,2,0.5289968848228455
150,21,0,0.962180224248508,0.4111740291118622,0.34670445873215794,125,0.5466527342796326
150,7,0,0.8910002089784977,0.3040179908275604,0.35655350372072236,106,0.7377253770828247
150,13,0,0.946800165046137,0.0,0.3540839981339844,134,0.7096469402313232
150,19,0,0.90922942133026,0.3039434552192688,0.34669168367413167,131,0.5466375946998596
150,24,0,0.8833976575940202,0.30394604802131653,0.3374374033797772,109,0.5483644008636475
150,20,1,0.8375137857725486,0.411495566368103,0.3639321638605533,117,0.5486897826194763
150,9,0,0.6642019854241287,0.3039579689502716,0.350343463547302,132,0.721806526184082
150,10,0,0.0,0.3040311932563782,0.3330513086563688,123,0.5487772226333618
150,23,0,0.0,0.0,0.3629306460521659,49,0.6120709180831909
150,8,0,0.0,0.4112687408924103,0.33358166312738774,93,0.5285553932189941
150,6,0,0.0,0.30398374795913696,0.3272104997187853,75,0.5486850738525391
150,5,0,0.0,0.4112854599952698,0.34280268562047983,86,0.5719727873802185
150,0,0,0.0,0.3041616678237915,0.3463856258357947,52,0.5626494288444519
150,12,0,0.0,0.0,0.18281329174836478,12,0.3353216350078583
150,40,0,0.0,0.0,0.2073526491294615,16,0.35363054275512695
150,26,0,0.0,0.3040631115436554,0.32784326936592134,57,0.5440101623535156
150,3,0,0.0,0.0,0.22631928883492947,9,0.5522598028182983
150,25,0,0.0,0.4111720621585846,0.323382280960043,123,0.5466135144233704
150,39,0,0.0,0.0,0.11053223613028725,6,0.22259292006492615
150,16,0,0.0,0.0,0.22807019066942089,17,0.4104084074497223
150,36,0,0.0,0.0,0.08882521209307015,5,0.34607717394828796
150,37,0,0.0,0.0,0.07007024541962892,2,0.1382940411567688
150,43,0,0.0,0.0,0.18892700457945466,3,0.3321041762828827
150,2,0,0.0,0.0,0.3363345413020364,54,0.5214826464653015
150,4,0,0.0,0.0,0.23464425355196,5,0.332098126411438
150,28,0,0.0,0.3039621412754059,0.3002731032096423,26,0.5201427936553955
150,17,0,0.0,0.0,0.16430597752332687,3,0.3250329792499542
150,11,0,0.0,0.04790845513343811,0.18664873329301676,12,0.3665458858013153
150,14,0,0.0,0.012388447299599648,0.26407086104154587,4,0.5244344472885132
150,15,0,0.0,0.0,0.18902366422116756,4,0.331576406955719
150,38,0,0.0,0.0,0.11052130162715912,1,0.11052130162715912
150,18,0,0.0,0.0,0.16043263270209232,6,0.5106946229934692
150,35,0,0.0,0.0,0.15693993866443634,2,0.23703964054584503
150,30,0,0.0,0.0,0.2488671839237213,1,0.2488671839237213
150,32,0,0.0,0.0,0.05987196043133736,3,0.0881086140871048
150,29,0,0.0,0.0,0.014150664501357824,2,0.02649318426847458
150,31,0,0.0,0.0,0.04804918554145843,2,0.09425964951515198
150,47,0,0.0,0.0,0.06471777707338333,1,0.06471777707338333
150,41,0,0.0,0.0,0.04574463400058448,2,0.0847301185131073
150,42,0,0.0,0.0,0.08471418917179108,1,0.08471418917179108
151,22,1,2.087746663571796,1.0,1.0,156,1.0
151,48,0,0.0,0.0,0.5311201214790344,1,0.5311201214790344
151,49,0,0.0,0.0,0.5303062200546265,1,0.5303062200546265
151,1,0,0.0,0.0,0.5293113589286804,1,0.5293113589286804
151,27,0,0.0,0.0,0.3825093135237694,2,0.5289968848228455
151,21,0,0.962180224248508,0.30081626772880554,0.34670445873215794,125,0.5466527342796326
151,7,0,0.8910002089784977,0.0,0.35655350372072236,106,0.7377253770828247
151,13,0,0.946800165046137,0.17354053258895874,0.3540839981339844,134,0.7096469402313232
151,19,0,0.90922942133026,0.17310462892055511,0.34669168367413167,131,0.5466375946998596
151,24,0,0.8833976575940202,0.0,0.3374374033797772,109,0.5483644008636475
151,20,1,0.8375137857725486,0.17374472320079803,0.3639321638605533,117,0.5486897826194763
151,9,0,0.6642019854241287,0.3008098900318146,0.350343463547302,132,0.721806526184082
151,10,0,0.0,0.1730596125125885,0.3330513086563688,123,0.5487772226333618
151,23,0,0.0,0.0,0.3629306460521659,49,0.6120709180831909
151,8,0,0.0,0.30087295174598694,0.33358166312738774,93,0.5285553932189941
151,6,0,0.0,0.0,0.3272104997187853,75,0.5486850738525391
151,5,0,0.0,0.3008667826652527,0.34280268562047983,86,0.5719727873802185
151,0,0,0.0,0.17305411398410797,0.3463856258357947,52,0.5626494288444519
151,12,0,0.0,0.0,0.18281329174836478,12,0.3353216350078583
151,40,0,0.0,0.0,0.2073526491294615,16,0.35363054275512695
151,26,0,0.0,0.17371201515197754,0.32784326936592134,57,0.5440101623535156
151,3,0,0.0,0.04061812162399292,0.22631928883492947,9,0.5522598028182983
151,25,0,0.0,0.3008139133453369,0.323382280960043,123,0.5466135144233704
151,39,0,0.0,0.0,0.11053223613028725,6,0.22259292006492615
151,16,0,0.0,0.0,0.22807019066942089,17,0.4104084074497223
151,36,0,0.0,0.0,0.08882521209307015,5,0.34607717394828796
151,37,0,0.0,0.04745503142476082,0.07007024541962892,2,0.1382940411567688
151,43,0,0.0,0.0,0.18892700457945466,3,0.3321041762828827
151,2,0,0.0,0.17353734374046326,0.3363345413020364,54,0.5214826464653015
151,4,0,0.0,0.0,0.23464425355196,5,0.332098126411438
151,28,0,0.0,0.17357614636421204,0.3002731032096423,26,0.5201427936553955
151,17,0,0.0,0.0,0.16430597752332687,3,0.3250329792499542
151,11,0,0.0,0.16552041471004486,0.18664873329301676,12,0.3665458858013153
151,14,0,0.0,0.0,0.26407086104154587,4,0.5244344472885132
151,15,0,0.0,0.0,0.18902366422116756,4,0.331576406955719
151,38,0,0.0,0.0,0.11052130162715912,1,0.11052130162715912
151,18,0,0.0,0.0,0.16043263270209232,6,0.5106946229934692
151,35,0,0.0,0.0,0.15693993866443634,2,0.23703964054584503
151,30,0,0.0,0.0,0.2488671839237213,1,0.2488671839237213
151,32,0,0.0,0.0,0.05987196043133736,3,0.0881086140871048
151,29,0,0.0,0.0,0.014150664501357824,2,0.02649318426847458
151,31,0,0.0,0.0,0.04804918554145843,2,0.09425964951515198
151,47,0,0.0,0.0,0.06471777707338333,1,0.06471777707338333
151,41,0,0.0,0.0,0.04574463400058448,2,0.0847301185131073
151,42,0,0.0,0.0,0.08471418917179108,1,0.08471418917179108
152,22,0,2.087746663571796,1.0,1.0,156,1.0
152,48,1,0.0,0.0,0.5311201214790344,1,0.5311201214790344
152,49,0,0.0,0.0,0.5303062200546265,1,0.5303062200546265
152,1,0,0.0,0.07370597869157791,0.5293113589286804,1,0.5293113589286804
152,27,0,0.0,0.0,0.3825093135237694,2,0.5289968848228455
152,21,0,0.962180224248508,0.21716836094856262,0.34670445873215794,125,0.5466527342796326
152,7,0,0.8910002089784977,0.2170671820640564,0.35655350372072236,106,0.7377253770828247
152,13,0,0.946800165046137,0.410221666097641,0.3540839981339844,134,0.7096469402313232
152,19,0,0.90922942133026,0.21703629195690155,0.34669168367413167,131,0.5466375946998596
152,24,0,0.8833976575940202,0.21692775189876556,0.3374374033797772,109,0.5483644008636475
152,20,0,0.8375137857725486,0.41014567017555237,0.3639321638605533,117,0.5486897826194763
152,9,0,0.6642019854241287,0.21702705323696136,0.350343463547302,132,0.721806526184082
152,10,0,0.0,0.21701979637145996,0.3330513086563688,123,0.5487772226333618
152,23,1,0.0,0.46637359261512756,0.3629306460521659,49,0.6120709180831909
152,8,0,0.0,0.2169632911682129,0.33358166312738774,93,0.5285553932189941
152,6,0,0.0,0.0,0.3272104997187853,75,0.5486850738525391
152,5,0,0.0,0.2169695794582367,0.34280268562047983,86,0.5719727873802185
152,0,0,0.0,0.0,0.3463856258357947,52,0.5626494288444519
152,12,0,0.0,0.02614547684788704,0.18281329174836478,12,0.3353216350078583
152,40,0,0.0,0.10904207825660706,0.2073526491294615,16,0.35363054275512695
152,26,0,0.0,0.21710018813610077,0.32784326936592134,57,0.5440101623535156
152,3,0,0.0,0.05790306627750397,0.22631928883492947,9,0.5522598028182983
152,25,0,0.0,0.21701006591320038,0.323382280960043,123,0.5466135144233704
152,39,0,0.0,0.0,0.11053223613028725,6,0.22259292006492615
152,16,0,0.0,0.005085021257400513,0.22807019066942089,17,0.4104084074497223
152,36,0,0.0,0.0,0.08882521209307015,5,0.34607717394828796
152,37,0,0.0,0.0,0.07007024541962892,2,0.1382940411567688
152,43,0,0.0,0.0,0.18892700457945466,3,0.3321041762828827
152,2,0,0.0,0.0,0.3363345413020364,54,0.5214826464653015
152,4,0,0.0,0.0,0.23464425355196,5,0.332098126411438
152,28,0,0.0,0.0,0.3002731032096423,26,0.5201427936553955
152,17,0,0.0,0.0,0.16430597752332687,3,0.3250329792499542
152,11,0,0.0,0.0,0.18664873329301676,12,0.3665458858013153
152,14,0,0.0,0.0,0.26407086104154587,4,0.5244344472885132
152,15,0,0.0,0.0,0.18902366422116756,4,0.331576406955719
152,38,0,0.0,0.0,0.11052130162715912,1,0.11052130162715912
152,18,0,0.0,0.0,0.16043263270209232,6,0.5106946229934692
152,35,0,0.0,0.0,0.15693993866443634,2,0.23703964054584503
152,30,0,0.0,0.0,0.2488671839237213,1,0.2488671839237213
152,32,0,0.0,0.0,0.05987196043133736,3,0.0881086140871048
152,29,0,0.0,0.0,0.014150664501357824,2,0.02649318426847458
152,31,0,0.0,0.0,0.04804918554145843,2,0.09425964951515198
152,47,0,0.0,0.0,0.06471777707338333,1,0.06471777707338333
152,41,0,0.0,0.0,0.04574463400058448,2,0.0847301185131073
152,42,0,0.0,0.0,0.08471418917179108,1,0.08471418917179108
153,22,0,2.087746663571796,1.0,1.0,156,1.0
153,48,1,0.0,0.0,0.5311201214790344,1,0.5311201214790344
153,49,0,0.0,0.0,0.5303062200546265,1,0.5303062200546265
153,1,0,0.0,0.04530729353427887,0.5293113589286804,1,0.5293113589286804
153,27,0,0.0,0.0,0.3825093135237694,2,0.5289968848228455
153,21,0,0.962180224248508,0.17602770030498505,0.34670445873215794,125,0.5466527342796326
153,7,0,0.8910002089784977,0.17572945356369019,0.35655350372072236,106,0.7377253770828247
153,13,0,0.946800165046137,0.3791382312774658,0.3540839981339844,134,0.7096469402313232
153,19,0,0.90922942133026,0.17600350081920624,0.34669168367413167,131,0.5466375946998596
153,24,0,0.8833976575940202,0.37974512577056885,0.3374374033797772,109,0.5483644008636475
153,20,0,0.8375137857725486,0.17577892541885376,0.3639321638605533,117,0.5486897826194763
153,9,0,0.6642019854241287,0.3791393041610718,0.350343463547302,132,0.721806526184082
153,10,0,0.0,0.1759696751832962,0.3330513086563688,123,0.5487772226333618
153,23,1,0.0,0.23232516646385193,0.3629306460521659,49,0.6120709180831909
153,8,0,0.0,0.3790339529514313,0.33358166312738774,93,0.5285553932189941
153,6,0,0.0,0.0,0.3272104997187853,75,0.5486850738525391
153,5,0,0.0,0.17659808695316315,0.34280268562047983,86,0.5719727873802185
153,0,0,0.0,0.37904608249664307,0.3463856258357947,52,0.5626494288444519
153,12,0,0.0,0.0,0.18281329174836478,12,0.3353216350078583
153,40,0,0.0,0.1315503567457199,0.2073526491294615,16,0.35363054275512695
153,26,0,0.0,0.0,0.32784326936592134,57,0.5440101623535156
153,3,0,0.0,0.0,0.22631928883492947,9,0.5522598028182983
153,25,0,0.0,0.0,0.323382280960043,123,0.5466135144233704
153,39,0,0.0,0.0,0.11053223613028725,6,0.22259292006492615
153,16,0,0.0,0.0,0.22807019066942089,17,0.4104084074497223
153,36,0,0.0,0.0,0.08882521209307015,5,0.34607717394828796
153,37,0,0.0,0.0,0.07007024541962892,2,0.1382940411567688
153,43,0,0.0,0.0,0.18892700457945466,3,0.3321041762828827
153,2,0,0.0,0.17609255015850067,0.3363345413020364,54,0.5214826464653015
153,4,0,0.0,0.0,0.23464425355196,5,0.332098126411438
153,28,0,0.0,0.0,0.3002731032096423,26,0.5201427936553955
153,17,0,0.0,0.0,0.16430597752332687,3,0.3250329792499542
153,11,0,0.0,0.0,0.18664873329301676,12,0.3665458858013153
153,14,0,0.0,0.0,0.26407086104154587,4,0.5244344472885132
153,15,0,0.0,0.0,0.18902366422116756,4,0.331576406955719
153,38,0,0.0,0.0,0.11052130162715912,1,0.11052130162715912
153,18,0,0.0,0.019670436158776283,0.16043263270209232,6,0.5106946229934692
153,35,0,0.0,0.0,0.15693993866443634,2,0.23703964054584503
153,30,0,0.0,0.0,0.2488671839237213,1,0.2488671839237213
153,32,0,0.0,0.0,0.05987196043133736,3,0.0881086140871048
153,29,0,0.0,0.0,0.014150664501357824,2,0.02649318426847458
153,31,0,0.0,0.0,0.04804918554145843,2,0.09425964951515198
153,47,0,0.0,0.0,0.06471777707338333,1,0.06471777707338333
153,41,0,0.0,0.0,0.04574463400058448,2,0.0847301185131073
153,42,0,0.0,0.0,0.08471418917179108,1,0.08471418917179108
154,22,0,2.087746663571796,1.0,1.0,156,1.0
154,48,0,0.0,0.0,0.5311201214790344,1,0.5311201214790344
154,49,0,0.0,0.0,0.5303062200546265,1,0.5303062200546265
154,1,0,0.0,0.0,0.5293113589286804,1,0.5293113589286804
154,27,0,0.0,0.0,0.3825093135237694,2,0.5289968848228455
154,21,0,0.962180224248508,0.0,0.34670445873215794,125,0.5466527342796326
154,7,0,0.8910002089784977,0.3676784634590149,0.35655350372072236,106,0.7377253770828247
154,13,0,0.946800165046137,0.0,0.3540839981339844,134,0.7096469402313232
154,19,0,0.90922942133026,0.0,0.34669168367413167,131,0.5466375946998596
154,24,0,0.8833976575940202,0.5483644008636475,0.3374374033797772,109,0.5483644008636475
154,20,0,0.8375137857725486,0.0,0.3639321638605533,117,0.5486897826194763
154,9,0,0.6642019854241287,0.0,0.350343463547302,132,0.721806526184082
154,10,0,0.0,0.3676077425479889,0.3330513086563688,123,0.5487772226333618
154,23,1,0.0,0.5564389228820801,0.3629306460521659,49,0.6120709180831909
154,8,0,0.0,0.0,0.33358166312738774,93,0.5285553932189941
154,6,0,0.0,0.36750146746635437,0.3272104997187853,75,0.5486850738525391
154,5,0,0.0,0.18307289481163025,0.34280268562047983,86,0.5719727873802185
154,0,0,0.0,0.3673734962940216,0.3463856258357947,52,0.5626494288444519
154,12,0,0.0,0.0,0.18281329174836478,12,0.3353216350078583
154,40,0,0.0,0.0,0.2073526491294615,16,0.35363054275512695
154,26,0,0.0,0.0,0.32784326936592134,57,0.5440101623535156
154,3,0,0.0,0.0005044248537160456,0.22631928883492947,9,0.5522598028182983
154,25,0,0.0,0.0023182241711765528,0.323382280960043,123,0.5466135144233704
154,39,0,0.0,0.1836283653974533,0.11053223613028725,6,0.22259292006492615
154,16,0,0.0,0.002304192166775465,0.22807019066942089,17,0.4104084074497223
154,36,0,0.0,0.0,0.08882521209307015,5,0.34607717394828796
154,37,0,0.0,0.0,0.07007024541962892,2,0.1382940411567688
154,43,0,0.0,0.0,0.18892700457945466,3,0.3321041762828827
154,2,0,0.0,0.36765676736831665,0.3363345413020364,54,0.5214826464653015
154,4,0,0.0,0.18311172723770142,0.23464425355196,5,0.332098126411438
154,28,0,0.0,0.002284916816279292,0.3002731032096423,26,0.5201427936553955
154,17,0,0.0,0.0,0.16430597752332687,3,0.3250329792499542
154,11,0,0.0,0.0,0.18664873329301676,12,0.3665458858013153
154,14,0,0.0,0.0,0.26407086104154587,4,0.5244344472885132
154,15,0,0.0,0.0,0.18902366422116756,4,0.331576406955719
154,38,0,0.0,0.0,0.11052130162715912,1,0.11052130162715912
154,18,0,0.0,0.0,0.16043263270209232,6,0.5106946229934692
154,35,0,0.0,0.0020527357701212168,0.15693993866443634,2,0.23703964054584503
154,30,0,0.0,0.0,0.2488671839237213,1,0.2488671839237213
154,32,0,0.0,0.0,0.05987196043133736,3,0.0881086140871048
154,29,0,0.0,0.0,0.014150664501357824,2,0.02649318426847458
154,31,0,0.0,0.0,0.04804918554145843,2,0.09425964951515198
154,47,0,0.0,0.0,0.06471777707338333,1,0.06471777707338333
154,41,0,0.0,0.0,0.04574463400058448,2,0.0847301185131073
154,42,0,0.0,0.0022547550033777952,0.08471418917179108,1,0.08471418917179108
155,22,0,2.087746663571796,1.0,1.0,156,1.0
155,48,0,0.0,0.0,0.5311201214790344,1,0.5311201214790344
155,49,0,0.0,0.0,0.5303062200546265,1,0.5303062200546265
155,1,0,0.0,0.22361572086811066,0.5293113589286804,1,0.5293113589286804
155,27,0,0.0,0.0,0.3825093135237694,2,0.5289968848228455
155,21,0,0.962180224248508,0.25467154383659363,0.34670445873215794,125,0.5466527342796326
155,7,0,0.8910002089784977,0.43845534324645996,0.35655350372072236,106,0.7377253770828247
155,13,0,0.946800165046137,0.4384689927101135,0.3540839981339844,134,0.7096469402313232
155,19,0,0.90922942133026,0.2546418309211731,0.34669168367413167,131,0.5466375946998596
155,24,0,0.8833976575940202,0.2546379566192627,0.3374374033797772,109,0.5483644008636475
155,20,0,0.8375137857725486,0.43842852115631104,0.3639321638605533,117,0.5486897826194763
155,9,0,0.6642019854241287,0.0,0.350343463547302,132,0.721806526184082
155,10,0,0.0,0.25469252467155457,0.3330513086563688,123,0.5487772226333618
155,23,1,0.0,0.6120709180831909,0.3629306460521659,49,0.6120709180831909
155,8,0,0.0,0.43845924735069275,0.33358166312738774,93,0.5285553932189941
155,6,0,0.0,0.254652202129364,0.3272104997187853,75,0.5486850738525391
155,5,0,0.0,0.0,0.34280268562047983,86,0.5719727873802185
155,0,0,0.0,0.0,0.3463856258357947,52,0.5626494288444519
155,12,0,0.0,0.0,0.18281329174836478,12,0.3353216350078583
155,40,0,0.0,0.04585157707333565,0.2073526491294615,16,0.35363054275512695
155,26,0,0.0,0.25465863943099976,0.32784326936592134,57,0.5440101623535156
155,3,0,0.0,0.0212283693253994,0.22631928883492947,9,0.5522598028182983
155,25,0,0.0,0.0,0.323382280960043,123,0.5466135144233704
155,39,0,0.0,0.0,0.11053223613028725,6,0.22259292006492615
155,16,0,0.0,0.3246734142303467,0.22807019066942089,17,0.4104084074497223
155,36,0,0.0,0.0,0.08882521209307015,5,0.34607717394828796
155,37,0,0.0,0.0,0.07007024541962892,2,0.1382940411567688
155,43,0,0.0,0.0,0.18892700457945466,3,0.3321041762828827
155,2,0,0.0,0.0,0.3363345413020364,54,0.5214826464653015
155,4,0,0.0,0.0,0.23464425355196,5,0.332098126411438
155,28,0,0.0,0.0,0.3002731032096423,26,0.5201427936553955
155,17,0,0.0,0.0,0.16430597752332687,3,0.3250329792499542
155,11,0,0.0,0.0,0.18664873329301676,12,0.3665458858013153
155,14,0,0.0,0.0,0.26407086104154587,4,0.5244344472885132
155,15,0,0.0,0.0,0.18902366422116756,4,0.331576406955719
155,38,0,0.0,0.0,0.11052130162715912,1,0.11052130162715912
155,18,0,0.0,0.0,0.16043263270209232,6,0.5106946229934692
155,35,0,0.0,0.0,0.15693993866443634,2,0.23703964054584503
155,30,0,0.0,0.0,0.2488671839237213,1,0.2488671839237213
155,32,0,0.0,0.0,0.05987196043133736,3,0.0881086140871048
155,29,0,0.0,0.0,0.014150664501357824,2,0.02649318426847458
155,31,0,0.0,0.0,0.04804918554145843,2,0.09425964951515198
155,47,0,0.0,0.22753141820430756,0.06471777707338333,1,0.06471777707338333
155,41,0,0.0,0.0,0.04574463400058448,2,0.0847301185131073
155,42,0,0.0,0.0,0.08471418917179108,1,0.08471418917179108
